,target,target_pred
0,1,1
1,1,6
2,3,3
3,1,1
4,5,1
5,1,1
6,1,1
7,1,1
8,1,1
9,1,1
10,1,1
11,1,1
12,2,1
13,1,1
14,5,1
15,2,2
16,2,1
17,1,1
18,2,4
19,1,1
20,1,1
21,1,1
22,4,1
23,4,1
24,1,1
25,5,1
26,1,1
27,1,1
28,5,1
29,4,1
30,1,1
31,3,1
32,1,1
33,1,1
34,2,1
35,5,1
36,3,1
37,1,1
38,1,1
39,1,1
40,3,3
41,1,3
42,1,1
43,2,1
44,1,1
45,1,1
46,3,3
47,3,1
48,1,1
49,1,1
50,3,1
51,4,4
52,1,1
53,3,1
54,2,1
55,5,2
56,1,1
57,1,1
58,2,1
59,2,2
60,1,1
61,1,1
62,1,1
63,1,2
64,2,2
65,1,1
66,1,1
67,1,1
68,1,1
69,1,1
70,1,1
71,1,1
72,1,1
73,1,1
74,1,1
75,1,1
76,3,1
77,3,1
78,4,1
79,1,1
80,1,1
81,1,1
82,2,2
83,1,1
84,1,1
85,1,1
86,1,1
87,5,1
88,1,1
89,3,1
90,5,1
91,1,1
92,1,1
93,1,1
94,1,1
95,3,1
96,2,2
97,2,1
98,2,2
99,1,1
100,2,2
101,6,1
102,3,1
103,1,1
104,4,1
105,1,1
106,3,1
107,3,1
108,2,1
109,1,3
110,4,1
111,1,1
112,4,1
113,1,1
114,1,1
115,1,5
116,1,1
117,1,1
118,1,1
119,2,1
120,1,1
121,1,1
122,4,1
123,4,1
124,1,1
125,2,1
126,4,4
127,1,1
128,4,1
129,1,1
130,2,1
131,1,4
132,2,1
133,1,1
134,2,1
135,3,1
136,2,1
137,3,1
138,1,1
139,6,1
140,3,1
141,3,1
142,1,1
143,1,1
144,3,1
145,4,1
146,2,1
147,4,3
148,1,1
149,2,1
150,1,1
151,1,1
152,5,2
153,3,3
154,1,1
155,6,1
156,1,1
157,1,1
158,3,1
159,6,6
160,1,1
161,4,1
162,1,1
163,1,1
164,4,1
165,1,1
166,1,1
167,1,1
168,1,1
169,2,3
170,3,1
171,6,2
172,1,1
173,1,1
174,5,1
175,1,5
176,1,1
177,1,1
178,1,1
179,3,1
180,1,1
181,5,1
182,4,1
183,1,1
184,1,1
185,1,1
186,3,1
187,3,1
188,1,1
189,1,1
190,6,1
191,1,3
192,2,1
193,1,1
194,2,1
195,3,1
196,1,2
197,1,3
198,1,1
199,1,1
200,1,1
201,1,1
202,1,1
203,1,2
204,1,2
205,1,1
206,2,1
207,4,1
208,1,1
209,1,1
210,1,1
211,1,1
212,1,1
213,1,2
214,2,1
215,6,1
216,2,4
217,6,1
218,4,1
219,5,5
220,1,1
221,1,1
222,2,1
223,4,1
224,1,1
225,1,1
226,2,1
227,3,2
228,4,4
229,3,1
230,1,1
231,1,1
232,1,1
233,2,3
234,1,1
235,1,1
236,1,1
237,4,1
238,2,3
239,5,1
240,2,1
241,1,3
242,2,1
243,1,1
244,1,1
245,1,1
246,2,1
247,2,3
248,1,4
249,1,1
250,1,1
251,2,1
252,1,1
253,2,特払い
254,2,5
255,1,1
256,1,1
257,1,1
258,4,1
259,2,4
260,4,1
261,1,1
262,1,1
263,1,1
264,2,1
265,1,1
266,2,1
267,2,1
268,3,1
269,5,3
270,4,1
271,3,1
272,1,3
273,1,1
274,1,1
275,4,1
276,1,1
277,1,1
278,1,1
279,1,1
280,1,1
281,4,1
282,3,1
283,1,1
284,1,1
285,1,1
286,1,1
287,6,1
288,2,2
289,3,1
290,2,1
291,1,1
292,2,1
293,1,1
294,2,1
295,3,1
296,1,1
297,2,4
298,3,1
299,1,1
300,1,2
301,6,1
302,1,1
303,1,特払い
304,1,1
305,1,1
306,1,1
307,4,1
308,1,1
309,1,1
310,2,1
311,2,1
312,1,3
313,4,1
314,6,1
315,4,1
316,1,1
317,1,1
318,2,1
319,1,1
320,4,1
321,2,2
322,5,3
323,5,1
324,1,1
325,1,1
326,1,1
327,1,1
328,1,1
329,6,1
330,1,1
331,1,1
332,1,1
333,5,1
334,3,1
335,1,1
336,1,1
337,2,1
338,2,1
339,1,1
340,1,特払い
341,3,1
342,1,1
343,1,1
344,2,1
345,4,1
346,1,1
347,1,1
348,1,1
349,5,1
350,3,1
351,2,1
352,4,1
353,2,1
354,4,1
355,1,3
356,3,1
357,1,1
358,4,4
359,1,3
360,1,1
361,1,1
362,4,1
363,3,1
364,4,1
365,2,1
366,1,4
367,3,1
368,1,1
369,6,1
370,1,1
371,1,4
372,2,4
373,5,1
374,1,1
375,2,1
376,1,2
377,2,1
378,1,1
379,4,1
380,1,1
381,5,1
382,2,3
383,1,1
384,1,1
385,4,1
386,2,1
387,2,1
388,1,1
389,2,1
390,1,1
391,1,1
392,4,2
393,1,1
394,3,2
395,3,1
396,1,3
397,2,1
398,3,1
399,1,1
400,3,1
401,1,1
402,1,1
403,1,1
404,1,2
405,1,1
406,1,6
407,2,2
408,1,1
409,1,1
410,1,1
411,4,1
412,3,1
413,1,1
414,4,1
415,3,1
416,1,1
417,1,1
418,5,1
419,1,1
420,1,1
421,1,1
422,1,1
423,3,1
424,6,1
425,1,1
426,4,1
427,2,1
428,1,1
429,4,1
430,1,1
431,1,1
432,2,3
433,6,1
434,1,1
435,5,1
436,5,1
437,1,1
438,3,1
439,4,1
440,5,2
441,1,1
442,4,1
443,1,2
444,5,1
445,1,1
446,3,1
447,1,1
448,1,3
449,2,1
450,1,1
451,6,1
452,1,1
453,2,1
454,1,1
455,1,1
456,1,1
457,6,1
458,1,1
459,1,1
460,6,2
461,1,1
462,2,1
463,1,1
464,1,1
465,6,6
466,3,2
467,4,1
468,1,1
469,1,1
470,2,1
471,1,1
472,2,2
473,1,1
474,1,1
475,1,1
476,1,1
477,4,1
478,1,1
479,6,1
480,1,1
481,1,1
482,5,2
483,1,1
484,4,1
485,5,2
486,1,1
487,3,1
488,1,1
489,1,1
490,1,1
491,4,1
492,1,1
493,2,6
494,3,3
495,6,1
496,3,1
497,1,1
498,2,4
499,1,1
500,1,1
501,2,1
502,1,1
503,1,1
504,1,4
505,1,1
506,3,1
507,2,1
508,1,3
509,1,1
510,2,4
511,1,1
512,1,1
513,3,1
514,1,1
515,1,1
516,3,5
517,4,1
518,1,1
519,1,1
520,3,1
521,1,1
522,1,1
523,1,1
524,1,1
525,1,1
526,1,1
527,3,1
528,2,4
529,1,1
530,4,4
531,1,3
532,1,1
533,1,1
534,1,1
535,5,1
536,4,1
537,3,1
538,3,3
539,2,1
540,3,3
541,1,1
542,6,6
543,1,4
544,1,1
545,2,1
546,4,1
547,2,4
548,2,1
549,6,1
550,3,1
551,3,1
552,2,1
553,1,1
554,1,1
555,1,2
556,2,1
557,6,1
558,1,1
559,5,1
560,1,1
561,1,1
562,1,1
563,1,1
564,1,1
565,1,1
566,4,4
567,1,2
568,3,1
569,1,1
570,2,1
571,3,1
572,6,1
573,1,1
574,1,1
575,6,1
576,4,2
577,3,1
578,1,1
579,1,2
580,6,2
581,3,1
582,1,1
583,1,1
584,1,1
585,2,1
586,1,1
587,3,1
588,3,1
589,4,1
590,2,1
591,3,4
592,1,1
593,1,1
594,4,3
595,2,3
596,1,1
597,1,1
598,5,1
599,3,1
600,5,1
601,1,1
602,5,1
603,1,1
604,3,4
605,1,1
606,1,1
607,1,1
608,1,1
609,1,1
610,6,1
611,1,1
612,1,1
613,1,1
614,1,2
615,3,1
616,4,5
617,4,1
618,4,1
619,1,特払い
620,4,1
621,1,1
622,1,1
623,1,1
624,1,1
625,1,1
626,1,1
627,1,1
628,3,1
629,1,1
630,2,1
631,1,1
632,1,4
633,1,1
634,1,1
635,1,1
636,5,1
637,1,1
638,5,1
639,1,1
640,1,1
641,4,1
642,2,3
643,3,1
644,1,1
645,1,1
646,1,1
647,1,1
648,4,1
649,2,2
650,1,1
651,1,1
652,3,1
653,2,1
654,1,1
655,1,1
656,1,1
657,1,1
658,4,1
659,1,1
660,1,1
661,5,2
662,1,1
663,2,1
664,3,2
665,1,1
666,2,1
667,1,1
668,2,1
669,4,1
670,1,1
671,4,1
672,2,1
673,5,1
674,2,1
675,1,1
676,1,1
677,1,1
678,1,1
679,5,3
680,3,1
681,1,1
682,1,1
683,4,2
684,1,1
685,1,1
686,3,1
687,1,1
688,5,1
689,3,1
690,2,2
691,3,3
692,1,1
693,3,1
694,3,1
695,3,1
696,1,1
697,2,1
698,3,1
699,5,1
700,2,2
701,1,1
702,2,1
703,1,1
704,1,1
705,1,1
706,1,1
707,2,2
708,1,1
709,1,1
710,4,4
711,3,1
712,3,1
713,4,1
714,1,1
715,1,1
716,3,1
717,1,1
718,1,1
719,3,3
720,1,3
721,1,1
722,2,1
723,5,1
724,1,1
725,4,1
726,1,1
727,3,1
728,3,1
729,1,1
730,2,1
731,4,4
732,1,1
733,1,1
734,1,1
735,3,4
736,1,1
737,1,1
738,3,2
739,3,1
740,2,1
741,1,1
742,1,1
743,4,1
744,5,1
745,1,1
746,1,1
747,2,1
748,3,1
749,3,6
750,1,1
751,2,1
752,1,1
753,2,1
754,1,1
755,2,1
756,1,1
757,1,1
758,1,1
759,1,1
760,1,1
761,1,1
762,2,2
763,1,1
764,1,5
765,1,1
766,3,1
767,1,1
768,1,1
769,3,2
770,1,1
771,1,1
772,1,1
773,1,1
774,2,1
775,6,1
776,1,1
777,1,1
778,1,1
779,1,1
780,1,特払い
781,1,1
782,3,1
783,1,1
784,1,1
785,1,1
786,1,1
787,6,1
788,1,1
789,1,1
790,1,1
791,5,1
792,1,1
793,1,1
794,6,1
795,1,1
796,1,1
797,1,1
798,4,1
799,1,1
800,1,1
801,1,1
802,2,1
803,1,1
804,1,1
805,1,1
806,2,1
807,1,1
808,6,1
809,2,2
810,1,4
811,3,1
812,1,1
813,3,1
814,1,1
815,1,1
816,1,1
817,2,1
818,2,1
819,1,2
820,2,1
821,1,5
822,1,1
823,6,1
824,3,1
825,1,1
826,2,1
827,4,1
828,1,特払い
829,1,1
830,2,1
831,2,1
832,1,1
833,3,2
834,1,1
835,1,1
836,6,1
837,2,2
838,1,1
839,1,1
840,1,1
841,1,1
842,1,1
843,1,1
844,3,6
845,3,1
846,1,2
847,3,1
848,1,1
849,1,5
850,1,3
851,2,1
852,2,2
853,1,1
854,4,1
855,1,1
856,6,2
857,5,1
858,2,2
859,1,1
860,1,1
861,4,1
862,1,1
863,1,1
864,3,1
865,3,1
866,2,1
867,1,3
868,4,2
869,1,1
870,2,1
871,2,1
872,1,1
873,1,1
874,1,1
875,4,1
876,2,1
877,2,2
878,1,1
879,5,2
880,1,4
881,5,5
882,4,1
883,2,2
884,1,1
885,1,1
886,1,1
887,2,1
888,2,1
889,1,1
890,3,1
891,1,1
892,5,5
893,1,1
894,1,1
895,4,1
896,1,1
897,3,1
898,1,1
899,1,1
900,2,1
901,3,1
902,5,1
903,5,1
904,1,1
905,1,1
906,4,1
907,3,2
908,1,3
909,2,1
910,1,1
911,1,1
912,1,1
913,2,1
914,1,1
915,2,3
916,2,1
917,1,1
918,3,1
919,1,1
920,5,1
921,1,1
922,1,1
923,5,5
924,3,1
925,1,1
926,3,2
927,1,1
928,3,1
929,2,2
930,1,1
931,1,1
932,1,1
933,1,1
934,1,1
935,1,4
936,4,1
937,4,1
938,1,1
939,1,1
940,1,2
941,2,2
942,2,2
943,1,1
944,3,1
945,3,1
946,2,1
947,5,5
948,3,1
949,6,2
950,6,1
951,5,1
952,1,1
953,2,1
954,4,1
955,3,1
956,6,1
957,2,3
958,1,1
959,1,1
960,2,1
961,4,1
962,4,2
963,1,1
964,1,4
965,4,1
966,1,1
967,1,1
968,3,3
969,1,1
970,1,2
971,2,2
972,1,1
973,3,1
974,1,1
975,3,1
976,1,1
977,3,1
978,1,1
979,1,1
980,1,4
981,2,1
982,4,1
983,1,1
984,3,1
985,2,1
986,3,1
987,1,3
988,2,1
989,4,1
990,1,1
991,5,1
992,1,1
993,1,1
994,1,3
995,1,1
996,3,1
997,2,1
998,3,1
999,1,1
1000,3,5
1001,1,1
1002,4,1
1003,2,2
1004,4,5
1005,3,1
1006,1,1
1007,1,1
1008,1,1
1009,4,1
1010,5,4
1011,4,1
1012,1,1
1013,1,1
1014,4,1
1015,1,1
1016,2,1
1017,1,1
1018,3,1
1019,1,1
1020,2,1
1021,3,1
1022,4,2
1023,2,1
1024,2,1
1025,1,1
1026,3,1
1027,1,1
1028,1,1
1029,1,1
1030,1,1
1031,3,4
1032,1,1
1033,4,1
1034,4,1
1035,1,1
1036,1,1
1037,1,3
1038,4,4
1039,1,1
1040,1,1
1041,1,1
1042,1,1
1043,1,1
1044,4,1
1045,1,2
1046,2,1
1047,3,1
1048,1,1
1049,1,1
1050,2,1
1051,5,1
1052,1,1
1053,1,1
1054,5,1
1055,1,1
1056,1,1
1057,4,1
1058,1,1
1059,1,1
1060,1,特払い
1061,1,1
1062,1,1
1063,1,1
1064,2,1
1065,4,1
1066,1,1
1067,1,1
1068,2,1
1069,1,1
1070,1,1
1071,1,3
1072,3,1
1073,2,1
1074,1,特払い
1075,2,1
1076,1,1
1077,3,1
1078,1,1
1079,5,1
1080,1,1
1081,4,1
1082,2,1
1083,2,2
1084,1,3
1085,2,1
1086,6,2
1087,5,1
1088,1,1
1089,3,1
1090,1,1
1091,2,1
1092,4,1
1093,1,1
1094,4,1
1095,5,1
1096,6,1
1097,1,1
1098,1,1
1099,2,1
1100,5,1
1101,1,1
1102,6,3
1103,1,2
1104,3,1
1105,2,1
1106,2,1
1107,1,1
1108,1,1
1109,3,特払い
1110,1,3
1111,3,1
1112,3,1
1113,6,1
1114,4,1
1115,3,1
1116,1,1
1117,3,6
1118,2,1
1119,1,1
1120,2,1
1121,1,特払い
1122,2,2
1123,1,4
1124,2,1
1125,1,1
1126,1,1
1127,3,1
1128,1,1
1129,1,1
1130,5,1
1131,1,1
1132,5,1
1133,1,1
1134,1,1
1135,1,1
1136,1,1
1137,1,1
1138,1,1
1139,6,1
1140,1,1
1141,1,1
1142,2,1
1143,1,1
1144,1,1
1145,4,3
1146,3,1
1147,1,1
1148,4,1
1149,1,1
1150,1,1
1151,4,1
1152,5,1
1153,1,3
1154,2,1
1155,2,2
1156,1,1
1157,1,1
1158,3,3
1159,6,1
1160,1,1
1161,6,1
1162,2,1
1163,4,1
1164,6,2
1165,5,1
1166,1,1
1167,1,1
1168,特払い,1
1169,3,1
1170,2,1
1171,1,1
1172,1,1
1173,1,1
1174,3,1
1175,1,1
1176,5,1
1177,2,4
1178,1,1
1179,1,4
1180,2,1
1181,1,1
1182,5,2
1183,1,1
1184,4,1
1185,1,1
1186,2,1
1187,5,1
1188,2,1
1189,1,1
1190,1,1
1191,1,1
1192,3,1
1193,5,1
1194,1,特払い
1195,1,1
1196,1,1
1197,1,1
1198,1,1
1199,2,3
1200,1,1
1201,1,1
1202,2,1
1203,3,2
1204,6,1
1205,2,1
1206,1,1
1207,1,1
1208,5,2
1209,1,1
1210,1,1
1211,5,1
1212,4,1
1213,1,1
1214,4,1
1215,3,2
1216,4,1
1217,1,1
1218,1,1
1219,1,1
1220,1,1
1221,1,1
1222,4,4
1223,1,1
1224,1,1
1225,6,1
1226,2,1
1227,1,1
1228,2,2
1229,2,1
1230,3,1
1231,1,1
1232,3,1
1233,3,1
1234,1,1
1235,2,1
1236,2,1
1237,5,2
1238,2,1
1239,6,1
1240,1,1
1241,1,1
1242,1,1
1243,4,1
1244,3,2
1245,3,1
1246,1,2
1247,1,1
1248,2,1
1249,3,2
1250,3,1
1251,5,1
1252,4,4
1253,4,1
1254,1,1
1255,1,1
1256,4,1
1257,2,1
1258,6,1
1259,2,1
1260,1,1
1261,5,1
1262,1,1
1263,4,1
1264,6,1
1265,1,1
1266,1,1
1267,1,2
1268,2,1
1269,1,1
1270,1,1
1271,1,1
1272,1,1
1273,4,1
1274,1,1
1275,6,1
1276,1,特払い
1277,3,2
1278,2,1
1279,1,2
1280,3,1
1281,1,1
1282,1,1
1283,1,1
1284,2,2
1285,3,1
1286,6,2
1287,1,1
1288,1,1
1289,2,1
1290,1,1
1291,4,4
1292,6,1
1293,3,3
1294,1,1
1295,2,2
1296,2,2
1297,1,1
1298,1,1
1299,1,1
1300,3,特払い
1301,1,1
1302,1,1
1303,3,1
1304,1,1
1305,1,1
1306,1,1
1307,1,1
1308,1,1
1309,1,2
1310,2,2
1311,1,1
1312,3,1
1313,1,1
1314,4,2
1315,1,1
1316,4,1
1317,1,1
1318,1,1
1319,1,1
1320,1,1
1321,1,1
1322,5,1
1323,1,1
1324,5,1
1325,1,1
1326,1,1
1327,1,1
1328,1,1
1329,2,1
1330,3,1
1331,1,5
1332,1,1
1333,2,2
1334,1,1
1335,3,1
1336,1,1
1337,2,1
1338,5,1
1339,1,1
1340,4,1
1341,1,1
1342,1,1
1343,2,2
1344,5,1
1345,1,1
1346,2,2
1347,1,1
1348,1,1
1349,1,4
1350,4,1
1351,1,1
1352,1,1
1353,1,1
1354,3,1
1355,1,1
1356,5,2
1357,1,1
1358,2,1
1359,1,2
1360,1,1
1361,1,1
1362,1,1
1363,1,1
1364,1,1
1365,3,1
1366,1,1
1367,1,1
1368,1,1
1369,2,1
1370,6,3
1371,1,1
1372,1,2
1373,2,6
1374,6,1
1375,3,1
1376,1,1
1377,4,1
1378,1,1
1379,1,1
1380,2,1
1381,1,1
1382,1,1
1383,2,1
1384,1,1
1385,3,3
1386,5,2
1387,1,1
1388,1,1
1389,2,2
1390,4,3
1391,3,1
1392,1,1
1393,3,1
1394,1,1
1395,1,1
1396,3,4
1397,1,1
1398,4,1
1399,4,1
1400,2,1
1401,1,3
1402,1,1
1403,5,1
1404,1,1
1405,4,1
1406,1,1
1407,2,5
1408,1,3
1409,1,1
1410,2,2
1411,1,1
1412,1,1
1413,1,1
1414,1,1
1415,2,2
1416,1,1
1417,5,1
1418,3,1
1419,1,6
1420,4,2
1421,1,1
1422,3,1
1423,3,1
1424,1,1
1425,1,1
1426,2,4
1427,1,1
1428,1,1
1429,4,1
1430,2,1
1431,1,1
1432,1,1
1433,1,1
1434,1,1
1435,2,1
1436,1,1
1437,1,1
1438,1,1
1439,1,1
1440,1,1
1441,6,3
1442,5,1
1443,1,1
1444,1,1
1445,2,1
1446,1,1
1447,3,1
1448,6,1
1449,6,特払い
1450,3,1
1451,5,1
1452,4,3
1453,1,1
1454,2,1
1455,5,1
1456,1,3
1457,1,1
1458,2,1
1459,2,1
1460,5,1
1461,1,1
1462,1,1
1463,1,1
1464,1,1
1465,3,3
1466,4,1
1467,1,6
1468,1,1
1469,1,1
1470,1,5
1471,1,1
1472,3,3
1473,1,1
1474,1,1
1475,3,1
1476,6,1
1477,4,4
1478,1,1
1479,3,1
1480,2,1
1481,4,3
1482,4,1
1483,1,1
1484,1,1
1485,1,1
1486,4,1
1487,1,1
1488,2,1
1489,3,2
1490,1,1
1491,4,2
1492,1,1
1493,1,1
1494,2,3
1495,1,1
1496,4,1
1497,5,5
1498,1,1
1499,1,1
1500,4,1
1501,1,1
1502,1,4
1503,3,1
1504,2,4
1505,1,1
1506,1,3
1507,1,1
1508,2,4
1509,6,2
1510,5,1
1511,1,1
1512,5,1
1513,1,1
1514,6,6
1515,1,1
1516,1,3
1517,1,1
1518,3,1
1519,4,1
1520,4,3
1521,1,3
1522,1,1
1523,6,2
1524,1,1
1525,1,1
1526,1,1
1527,2,1
1528,4,1
1529,1,1
1530,1,1
1531,1,1
1532,1,1
1533,1,1
1534,1,1
1535,4,1
1536,2,1
1537,1,1
1538,5,1
1539,1,1
1540,1,1
1541,1,1
1542,5,2
1543,1,2
1544,2,1
1545,4,1
1546,1,1
1547,1,1
1548,1,1
1549,1,1
1550,4,1
1551,6,1
1552,1,1
1553,4,3
1554,2,1
1555,5,1
1556,4,1
1557,1,5
1558,1,1
1559,3,3
1560,1,1
1561,2,2
1562,2,2
1563,5,1
1564,2,1
1565,2,2
1566,1,1
1567,3,特払い
1568,2,1
1569,1,3
1570,1,1
1571,3,1
1572,1,3
1573,1,1
1574,2,1
1575,1,1
1576,1,1
1577,2,1
1578,1,1
1579,2,1
1580,4,1
1581,4,1
1582,1,1
1583,1,1
1584,1,1
1585,1,1
1586,1,1
1587,3,1
1588,1,1
1589,1,1
1590,1,1
1591,1,1
1592,2,1
1593,3,1
1594,1,1
1595,1,1
1596,1,1
1597,1,1
1598,2,1
1599,4,1
1600,1,1
1601,4,1
1602,6,5
1603,1,1
1604,1,1
1605,3,2
1606,1,1
1607,2,1
1608,1,1
1609,2,1
1610,1,1
1611,1,1
1612,1,1
1613,3,1
1614,4,1
1615,1,3
1616,1,1
1617,1,1
1618,1,1
1619,2,1
1620,1,2
1621,1,1
1622,3,3
1623,4,1
1624,4,1
1625,1,1
1626,6,1
1627,1,2
1628,3,1
1629,1,2
1630,1,1
1631,2,2
1632,1,3
1633,5,1
1634,1,1
1635,1,1
1636,1,1
1637,2,3
1638,1,1
1639,1,1
1640,1,1
1641,5,1
1642,3,1
1643,4,1
1644,1,3
1645,3,1
1646,1,3
1647,3,1
1648,4,1
1649,1,1
1650,1,1
1651,1,1
1652,1,1
1653,4,1
1654,3,1
1655,4,特払い
1656,1,1
1657,1,1
1658,1,2
1659,1,1
1660,1,1
1661,2,1
1662,5,1
1663,3,1
1664,5,1
1665,3,3
1666,1,1
1667,1,2
1668,1,3
1669,5,1
1670,1,1
1671,1,1
1672,2,2
1673,1,1
1674,1,3
1675,1,1
1676,1,1
1677,3,6
1678,5,2
1679,1,1
1680,3,1
1681,2,1
1682,1,1
1683,5,1
1684,1,1
1685,1,1
1686,3,1
1687,1,1
1688,4,1
1689,1,1
1690,4,1
1691,1,1
1692,4,1
1693,1,1
1694,4,4
1695,1,1
1696,3,特払い
1697,3,1
1698,5,1
1699,1,1
1700,1,1
1701,2,1
1702,1,1
1703,1,1
1704,1,1
1705,2,2
1706,1,1
1707,1,3
1708,1,1
1709,4,1
1710,2,2
1711,1,5
1712,2,1
1713,3,2
1714,2,1
1715,1,1
1716,5,1
1717,1,1
1718,1,1
1719,1,1
1720,1,1
1721,4,1
1722,1,1
1723,1,4
1724,1,1
1725,4,1
1726,6,1
1727,2,2
1728,5,1
1729,1,2
1730,1,1
1731,1,1
1732,2,1
1733,1,1
1734,1,1
1735,1,1
1736,5,1
1737,2,1
1738,1,1
1739,1,1
1740,1,1
1741,1,1
1742,1,1
1743,1,1
1744,3,1
1745,1,1
1746,3,1
1747,4,1
1748,2,3
1749,6,1
1750,1,2
1751,1,1
1752,6,1
1753,4,2
1754,4,1
1755,5,2
1756,3,1
1757,2,1
1758,1,1
1759,5,1
1760,2,1
1761,2,1
1762,4,1
1763,1,1
1764,6,1
1765,1,1
1766,5,1
1767,1,1
1768,1,1
1769,1,1
1770,3,4
1771,3,1
1772,1,1
1773,3,1
1774,1,1
1775,1,1
1776,1,1
1777,2,2
1778,4,1
1779,2,1
1780,1,1
1781,1,3
1782,4,1
1783,3,1
1784,1,1
1785,2,2
1786,1,1
1787,4,1
1788,1,1
1789,1,1
1790,4,1
1791,1,1
1792,1,1
1793,3,3
1794,1,1
1795,1,1
1796,3,1
1797,3,2
1798,1,1
1799,3,1
1800,3,1
1801,1,1
1802,1,1
1803,6,3
1804,1,1
1805,6,1
1806,4,1
1807,1,1
1808,3,3
1809,4,1
1810,1,1
1811,1,2
1812,1,1
1813,1,1
1814,1,1
1815,1,特払い
1816,1,1
1817,3,3
1818,2,3
1819,3,3
1820,1,1
1821,2,2
1822,2,1
1823,1,1
1824,1,1
1825,6,3
1826,3,3
1827,1,1
1828,2,1
1829,1,1
1830,3,1
1831,1,1
1832,1,1
1833,3,1
1834,1,特払い
1835,4,1
1836,2,2
1837,5,2
1838,1,3
1839,1,1
1840,1,1
1841,3,6
1842,2,1
1843,1,3
1844,2,1
1845,1,1
1846,1,1
1847,1,1
1848,1,1
1849,1,1
1850,5,1
1851,1,1
1852,3,3
1853,1,1
1854,2,4
1855,1,1
1856,4,1
1857,1,1
1858,1,1
1859,1,1
1860,1,1
1861,4,1
1862,3,1
1863,2,1
1864,1,4
1865,2,2
1866,1,1
1867,2,1
1868,1,1
1869,1,1
1870,5,1
1871,2,1
1872,2,1
1873,1,1
1874,1,1
1875,1,1
1876,4,1
1877,1,1
1878,3,1
1879,1,2
1880,1,1
1881,5,1
1882,1,1
1883,1,1
1884,2,1
1885,5,1
1886,3,1
1887,1,1
1888,1,1
1889,2,1
1890,1,1
1891,3,1
1892,2,4
1893,1,2
1894,1,2
1895,1,1
1896,2,1
1897,1,1
1898,1,2
1899,1,1
1900,1,1
1901,2,1
1902,1,1
1903,1,1
1904,4,1
1905,3,1
1906,1,1
1907,2,1
1908,3,3
1909,6,1
1910,1,特払い
1911,5,6
1912,3,1
1913,1,1
1914,1,1
1915,3,1
1916,3,5
1917,1,3
1918,3,1
1919,2,1
1920,1,1
1921,1,1
1922,2,5
1923,1,1
1924,1,1
1925,6,1
1926,1,1
1927,3,1
1928,1,1
1929,4,1
1930,1,1
1931,1,1
1932,1,1
1933,1,1
1934,2,1
1935,1,1
1936,6,1
1937,1,1
1938,1,1
1939,1,1
1940,1,1
1941,1,1
1942,5,1
1943,2,1
1944,1,2
1945,4,1
1946,1,1
1947,3,1
1948,4,1
1949,1,1
1950,1,2
1951,3,4
1952,2,4
1953,1,1
1954,3,1
1955,2,1
1956,2,2
1957,1,1
1958,2,1
1959,5,2
1960,1,1
1961,3,1
1962,2,2
1963,4,1
1964,4,1
1965,1,1
1966,1,1
1967,2,1
1968,2,2
1969,3,1
1970,3,1
1971,5,1
1972,1,1
1973,1,1
1974,1,1
1975,4,2
1976,1,1
1977,5,1
1978,5,1
1979,4,1
1980,2,1
1981,1,1
1982,1,1
1983,3,4
1984,1,1
1985,1,1
1986,4,1
1987,2,1
1988,1,1
1989,4,1
1990,4,4
1991,1,4
1992,1,1
1993,3,1
1994,1,1
1995,2,1
1996,1,1
1997,4,1
1998,4,1
1999,6,1
2000,2,1
2001,6,2
2002,1,1
2003,1,1
2004,5,1
2005,1,1
2006,1,1
2007,1,1
2008,5,1
2009,3,1
2010,1,1
2011,1,1
2012,4,1
2013,1,1
2014,2,1
2015,4,2
2016,3,1
2017,1,4
2018,2,3
2019,3,1
2020,3,1
2021,1,1
2022,1,1
2023,1,1
2024,1,2
2025,1,1
2026,1,1
2027,3,1
2028,3,1
2029,1,1
2030,4,1
2031,1,1
2032,2,3
2033,1,1
2034,5,2
2035,1,4
2036,1,1
2037,1,1
2038,4,1
2039,6,5
2040,1,1
2041,3,1
2042,4,1
2043,特払い,1
2044,2,1
2045,4,2
2046,1,1
2047,1,1
2048,2,1
2049,3,1
2050,1,1
2051,3,4
2052,2,1
2053,1,1
2054,4,1
2055,2,2
2056,1,1
2057,3,1
2058,1,1
2059,1,1
2060,3,1
2061,1,1
2062,1,1
2063,3,3
2064,1,1
2065,2,1
2066,1,1
2067,4,2
2068,1,1
2069,1,1
2070,2,1
2071,1,1
2072,3,2
2073,5,1
2074,4,1
2075,1,1
2076,1,2
2077,1,1
2078,4,1
2079,1,1
2080,1,1
2081,2,1
2082,3,5
2083,1,1
2084,2,3
2085,3,1
2086,1,1
2087,2,特払い
2088,2,2
2089,1,1
2090,4,1
2091,3,1
2092,1,1
2093,2,1
2094,1,1
2095,1,1
2096,4,2
2097,1,1
2098,1,1
2099,1,1
2100,1,1
2101,4,1
2102,1,1
2103,2,2
2104,4,1
2105,1,1
2106,2,1
2107,1,1
2108,1,1
2109,2,3
2110,2,1
2111,1,1
2112,2,1
2113,4,1
2114,3,1
2115,1,1
2116,3,4
2117,4,3
2118,2,1
2119,1,1
2120,4,2
2121,6,6
2122,5,1
2123,1,1
2124,1,2
2125,4,1
2126,4,1
2127,1,1
2128,4,1
2129,6,1
2130,2,1
2131,1,1
2132,2,1
2133,1,1
2134,2,4
2135,6,3
2136,5,1
2137,5,1
2138,1,1
2139,4,1
2140,1,1
2141,1,1
2142,1,1
2143,3,1
2144,1,1
2145,2,1
2146,1,1
2147,1,1
2148,1,1
2149,1,1
2150,4,4
2151,1,1
2152,2,1
2153,2,1
2154,1,1
2155,1,1
2156,1,1
2157,1,1
2158,6,1
2159,1,2
2160,5,3
2161,6,1
2162,1,1
2163,1,1
2164,3,1
2165,2,2
2166,1,1
2167,2,1
2168,1,1
2169,1,1
2170,1,特払い
2171,1,1
2172,2,1
2173,4,3
2174,5,1
2175,1,1
2176,1,1
2177,1,1
2178,4,1
2179,1,1
2180,2,1
2181,1,2
2182,3,1
2183,1,1
2184,1,1
2185,1,5
2186,4,1
2187,2,1
2188,3,1
2189,1,特払い
2190,5,2
2191,1,特払い
2192,1,1
2193,1,1
2194,3,1
2195,1,1
2196,4,1
2197,3,1
2198,1,1
2199,1,1
2200,1,1
2201,1,4
2202,2,1
2203,5,1
2204,6,1
2205,1,1
2206,1,1
2207,1,1
2208,1,1
2209,1,1
2210,4,1
2211,1,1
2212,1,1
2213,2,2
2214,1,1
2215,3,1
2216,1,1
2217,3,1
2218,2,1
2219,2,1
2220,1,1
2221,1,1
2222,1,1
2223,3,1
2224,2,1
2225,5,5
2226,1,1
2227,1,2
2228,1,1
2229,1,1
2230,3,1
2231,1,1
2232,2,3
2233,1,1
2234,1,1
2235,2,2
2236,2,1
2237,1,2
2238,1,1
2239,2,4
2240,1,1
2241,6,1
2242,1,1
2243,1,1
2244,1,1
2245,1,1
2246,1,1
2247,2,1
2248,特払い,1
2249,3,1
2250,1,1
2251,4,1
2252,1,1
2253,3,2
2254,6,1
2255,5,3
2256,4,3
2257,1,1
2258,1,2
2259,2,1
2260,1,1
2261,1,1
2262,1,1
2263,1,1
2264,1,1
2265,4,4
2266,3,1
2267,2,1
2268,1,1
2269,1,1
2270,1,1
2271,3,2
2272,5,1
2273,1,1
2274,1,1
2275,3,1
2276,1,2
2277,1,1
2278,1,1
2279,1,1
2280,1,1
2281,4,1
2282,1,1
2283,1,1
2284,4,1
2285,6,1
2286,4,1
2287,1,1
2288,1,1
2289,1,1
2290,1,1
2291,1,1
2292,2,1
2293,1,1
2294,2,1
2295,6,2
2296,2,2
2297,1,1
2298,1,5
2299,1,1
2300,1,1
2301,5,1
2302,1,1
2303,1,1
2304,3,4
2305,1,2
2306,2,1
2307,3,2
2308,1,1
2309,2,1
2310,1,1
2311,1,1
2312,1,1
2313,3,1
2314,1,1
2315,2,1
2316,3,1
2317,1,1
2318,1,1
2319,1,1
2320,3,3
2321,3,1
2322,2,2
2323,3,1
2324,1,1
2325,1,1
2326,3,1
2327,2,1
2328,4,1
2329,1,1
2330,3,1
2331,1,1
2332,1,1
2333,4,1
2334,3,1
2335,1,1
2336,1,1
2337,1,1
2338,1,1
2339,3,1
2340,1,1
2341,1,6
2342,1,1
2343,1,特払い
2344,2,1
2345,1,1
2346,3,1
2347,1,1
2348,1,1
2349,3,1
2350,1,1
2351,1,1
2352,1,1
2353,4,1
2354,1,1
2355,2,2
2356,1,1
2357,1,1
2358,1,1
2359,2,2
2360,1,1
2361,1,1
2362,2,3
2363,3,特払い
2364,2,1
2365,1,1
2366,1,1
2367,1,1
2368,1,1
2369,1,1
2370,1,1
2371,1,1
2372,1,1
2373,3,1
2374,2,2
2375,1,1
2376,1,4
2377,1,1
2378,1,1
2379,1,1
2380,4,2
2381,1,1
2382,3,1
2383,1,1
2384,1,1
2385,1,1
2386,4,4
2387,1,1
2388,1,1
2389,2,1
2390,3,1
2391,4,1
2392,3,1
2393,3,1
2394,1,1
2395,1,1
2396,1,1
2397,1,1
2398,1,1
2399,1,1
2400,4,1
2401,6,1
2402,2,特払い
2403,1,1
2404,2,1
2405,2,1
2406,1,1
2407,1,1
2408,1,1
2409,3,2
2410,3,2
2411,3,1
2412,2,1
2413,4,1
2414,1,1
2415,6,6
2416,1,1
2417,2,1
2418,6,1
2419,3,1
2420,2,2
2421,3,1
2422,3,1
2423,4,1
2424,2,2
2425,4,2
2426,1,2
2427,1,1
2428,1,1
2429,1,1
2430,5,1
2431,1,1
2432,3,4
2433,3,1
2434,1,1
2435,3,1
2436,2,1
2437,1,1
2438,4,1
2439,1,1
2440,3,1
2441,1,1
2442,1,1
2443,3,2
2444,3,3
2445,1,1
2446,2,1
2447,3,1
2448,2,1
2449,1,1
2450,5,1
2451,1,4
2452,5,1
2453,3,1
2454,4,4
2455,1,6
2456,2,1
2457,1,1
2458,3,1
2459,4,1
2460,3,1
2461,1,1
2462,1,1
2463,1,1
2464,1,1
2465,1,1
2466,1,1
2467,1,1
2468,1,1
2469,3,1
2470,2,1
2471,1,1
2472,1,3
2473,1,1
2474,3,1
2475,2,1
2476,1,1
2477,2,6
2478,1,1
2479,1,1
2480,1,1
2481,4,1
2482,1,1
2483,1,1
2484,1,1
2485,4,1
2486,1,1
2487,1,1
2488,1,1
2489,1,1
2490,1,1
2491,1,1
2492,6,2
2493,1,1
2494,1,1
2495,4,1
2496,3,3
2497,3,1
2498,1,1
2499,1,1
2500,1,1
2501,1,1
2502,1,1
2503,1,1
2504,3,1
2505,1,1
2506,3,1
2507,1,1
2508,1,1
2509,1,1
2510,2,3
2511,2,1
2512,1,1
2513,2,1
2514,1,1
2515,3,1
2516,3,1
2517,3,1
2518,4,1
2519,1,1
2520,3,1
2521,1,1
2522,4,1
2523,1,1
2524,3,1
2525,2,1
2526,3,1
2527,1,1
2528,2,6
2529,2,1
2530,1,1
2531,4,1
2532,6,1
2533,1,1
2534,1,1
2535,1,1
2536,1,1
2537,4,1
2538,1,1
2539,5,1
2540,1,1
2541,1,1
2542,4,特払い
2543,1,1
2544,2,2
2545,1,1
2546,2,2
2547,3,4
2548,6,1
2549,1,1
2550,1,1
2551,3,2
2552,1,1
2553,1,2
2554,4,3
2555,1,1
2556,3,3
2557,1,1
2558,2,1
2559,4,1
2560,3,1
2561,1,1
2562,1,1
2563,1,1
2564,5,1
2565,2,2
2566,1,1
2567,5,1
2568,1,2
2569,1,1
2570,1,1
2571,2,2
2572,1,1
2573,1,4
2574,1,1
2575,3,1
2576,2,2
2577,3,1
2578,2,2
2579,3,1
2580,1,1
2581,1,1
2582,2,3
2583,5,1
2584,2,1
2585,1,1
2586,1,1
2587,4,4
2588,4,1
2589,2,1
2590,6,1
2591,3,1
2592,1,1
2593,2,1
2594,1,1
2595,4,1
2596,1,1
2597,1,1
2598,1,1
2599,6,1
2600,1,1
2601,1,1
2602,3,1
2603,1,1
2604,1,1
2605,5,1
2606,6,3
2607,4,1
2608,1,1
2609,5,1
2610,2,1
2611,1,1
2612,1,1
2613,1,1
2614,1,1
2615,1,1
2616,1,1
2617,2,1
2618,1,1
2619,1,1
2620,1,1
2621,1,1
2622,5,3
2623,1,1
2624,1,1
2625,5,1
2626,1,1
2627,5,1
2628,3,3
2629,1,3
2630,3,1
2631,2,2
2632,1,1
2633,1,1
2634,1,1
2635,4,1
2636,1,1
2637,2,1
2638,2,1
2639,3,1
2640,1,1
2641,3,1
2642,1,1
2643,1,1
2644,4,1
2645,3,1
2646,1,1
2647,1,1
2648,1,1
2649,1,1
2650,3,4
2651,5,1
2652,3,1
2653,1,1
2654,1,1
2655,1,1
2656,4,1
2657,1,1
2658,1,1
2659,1,1
2660,1,1
2661,5,1
2662,1,1
2663,2,2
2664,2,1
2665,1,1
2666,2,5
2667,5,1
2668,2,1
2669,1,1
2670,2,1
2671,1,1
2672,1,1
2673,5,1
2674,1,1
2675,2,1
2676,1,1
2677,1,1
2678,1,1
2679,1,3
2680,1,1
2681,1,2
2682,1,6
2683,1,1
2684,4,2
2685,5,1
2686,1,1
2687,1,1
2688,3,1
2689,1,1
2690,5,1
2691,4,1
2692,3,3
2693,1,1
2694,1,1
2695,1,1
2696,5,2
2697,1,1
2698,3,1
2699,1,1
2700,3,3
2701,1,1
2702,1,1
2703,1,1
2704,1,1
2705,1,1
2706,1,1
2707,1,1
2708,2,1
2709,2,1
2710,4,1
2711,1,1
2712,4,1
2713,1,1
2714,1,1
2715,2,1
2716,1,1
2717,5,1
2718,1,1
2719,2,1
2720,1,1
2721,5,1
2722,2,1
2723,3,1
2724,2,1
2725,1,1
2726,1,1
2727,1,1
2728,1,1
2729,5,1
2730,4,1
2731,6,2
2732,2,1
2733,1,1
2734,1,1
2735,6,6
2736,1,1
2737,6,1
2738,1,1
2739,1,1
2740,1,1
2741,4,1
2742,3,1
2743,2,1
2744,3,1
2745,1,1
2746,1,1
2747,6,1
2748,1,1
2749,1,1
2750,6,1
2751,1,2
2752,1,1
2753,2,1
2754,4,1
2755,4,1
2756,4,1
2757,1,1
2758,1,1
2759,3,1
2760,1,1
2761,1,1
2762,3,1
2763,1,1
2764,1,1
2765,1,1
2766,3,1
2767,1,1
2768,6,特払い
2769,1,1
2770,1,2
2771,2,1
2772,1,1
2773,1,1
2774,3,1
2775,1,1
2776,1,1
2777,2,1
2778,4,1
2779,4,1
2780,2,1
2781,2,1
2782,1,1
2783,3,3
2784,5,1
2785,1,1
2786,2,1
2787,1,2
2788,1,1
2789,1,1
2790,4,1
2791,1,1
2792,6,1
2793,1,1
2794,1,1
2795,1,1
2796,2,1
2797,1,1
2798,1,1
2799,1,1
2800,3,1
2801,1,1
2802,1,1
2803,5,1
2804,6,1
2805,5,1
2806,1,1
2807,3,1
2808,1,1
2809,1,特払い
2810,3,2
2811,4,2
2812,1,1
2813,3,1
2814,1,1
2815,1,1
2816,1,1
2817,1,1
2818,4,1
2819,2,2
2820,1,4
2821,1,1
2822,3,1
2823,1,1
2824,5,1
2825,2,2
2826,1,1
2827,2,1
2828,1,1
2829,1,1
2830,1,1
2831,4,1
2832,4,2
2833,1,2
2834,4,2
2835,2,1
2836,3,1
2837,3,1
2838,5,1
2839,1,2
2840,2,3
2841,2,2
2842,1,1
2843,4,4
2844,5,2
2845,5,1
2846,1,1
2847,1,2
2848,1,1
2849,1,1
2850,5,1
2851,1,1
2852,3,6
2853,3,1
2854,1,1
2855,1,1
2856,3,1
2857,2,1
2858,1,3
2859,1,1
2860,1,1
2861,1,1
2862,1,1
2863,3,1
2864,1,1
2865,3,1
2866,4,1
2867,1,1
2868,1,1
2869,1,1
2870,2,1
2871,2,1
2872,1,1
2873,1,1
2874,1,1
2875,2,1
2876,1,1
2877,5,2
2878,特払い,1
2879,1,1
2880,1,1
2881,5,1
2882,1,1
2883,3,4
2884,5,3
2885,1,1
2886,4,1
2887,5,1
2888,1,1
2889,1,1
2890,1,1
2891,2,1
2892,5,4
2893,1,2
2894,1,1
2895,1,1
2896,1,1
2897,2,1
2898,4,1
2899,1,3
2900,1,1
2901,2,1
2902,1,1
2903,5,4
2904,1,1
2905,1,1
2906,3,1
2907,1,1
2908,1,1
2909,1,5
2910,5,4
2911,1,特払い
2912,1,1
2913,2,1
2914,1,1
2915,1,5
2916,1,1
2917,1,2
2918,4,1
2919,3,1
2920,1,1
2921,4,1
2922,3,1
2923,1,1
2924,1,1
2925,2,1
2926,5,1
2927,5,1
2928,5,1
2929,3,1
2930,6,1
2931,1,1
2932,2,1
2933,1,1
2934,2,1
2935,4,1
2936,1,1
2937,1,1
2938,1,1
2939,1,1
2940,1,1
2941,1,1
2942,1,1
2943,1,1
2944,1,1
2945,1,1
2946,1,1
2947,3,5
2948,4,1
2949,1,1
2950,3,1
2951,1,1
2952,4,1
2953,1,2
2954,4,1
2955,1,3
2956,4,1
2957,6,1
2958,5,2
2959,3,1
2960,4,1
2961,1,1
2962,1,3
2963,2,2
2964,3,1
2965,2,1
2966,1,1
2967,3,1
2968,1,1
2969,1,1
2970,2,1
2971,4,1
2972,1,1
2973,1,1
2974,1,1
2975,5,1
2976,2,1
2977,3,1
2978,1,1
2979,3,1
2980,2,1
2981,2,1
2982,1,1
2983,1,1
2984,1,1
2985,1,1
2986,1,1
2987,6,1
2988,1,特払い
2989,3,1
2990,1,1
2991,1,1
2992,2,1
2993,1,1
2994,1,1
2995,4,1
2996,1,1
2997,1,1
2998,1,1
2999,6,1
3000,1,1
3001,1,特払い
3002,1,1
3003,6,1
3004,1,1
3005,1,1
3006,1,1
3007,1,4
3008,2,3
3009,1,2
3010,1,1
3011,1,1
3012,4,1
3013,1,1
3014,2,1
3015,1,1
3016,4,1
3017,1,1
3018,5,1
3019,1,1
3020,1,1
3021,3,1
3022,1,5
3023,3,1
3024,1,1
3025,4,2
3026,1,1
3027,2,1
3028,1,1
3029,4,1
3030,1,1
3031,1,1
3032,1,1
3033,1,1
3034,2,4
3035,1,2
3036,1,1
3037,2,1
3038,1,1
3039,1,1
3040,3,1
3041,1,1
3042,1,1
3043,2,1
3044,1,1
3045,1,1
3046,3,1
3047,5,特払い
3048,4,1
3049,4,1
3050,3,3
3051,1,1
3052,3,1
3053,1,3
3054,3,1
3055,1,3
3056,1,1
3057,1,1
3058,2,1
3059,1,1
3060,1,1
3061,1,1
3062,6,2
3063,1,1
3064,2,3
3065,2,4
3066,1,1
3067,4,1
3068,1,1
3069,2,1
3070,1,1
3071,2,1
3072,3,1
3073,2,1
3074,1,1
3075,1,1
3076,2,1
3077,6,1
3078,1,1
3079,1,1
3080,4,1
3081,2,6
3082,1,1
3083,2,1
3084,3,1
3085,1,1
3086,4,6
3087,2,2
3088,1,1
3089,1,1
3090,3,1
3091,1,1
3092,3,3
3093,1,1
3094,6,1
3095,5,1
3096,2,1
3097,2,1
3098,3,1
3099,3,1
3100,1,1
3101,4,1
3102,4,1
3103,2,2
3104,4,1
3105,5,5
3106,1,1
3107,5,1
3108,2,5
3109,1,1
3110,1,4
3111,1,1
3112,1,1
3113,1,3
3114,4,1
3115,1,1
3116,1,1
3117,4,1
3118,3,1
3119,1,1
3120,2,1
3121,1,1
3122,2,3
3123,3,1
3124,1,1
3125,4,1
3126,1,1
3127,1,3
3128,3,3
3129,1,1
3130,1,1
3131,1,1
3132,4,3
3133,1,1
3134,3,2
3135,3,3
3136,2,1
3137,1,1
3138,1,1
3139,1,1
3140,1,1
3141,3,1
3142,3,1
3143,1,1
3144,1,6
3145,1,1
3146,1,2
3147,1,1
3148,2,1
3149,1,1
3150,1,4
3151,3,1
3152,1,1
3153,3,1
3154,1,2
3155,2,2
3156,2,5
3157,1,1
3158,1,1
3159,1,1
3160,6,3
3161,1,1
3162,1,1
3163,1,5
3164,5,1
3165,1,1
3166,1,1
3167,2,1
3168,1,1
3169,1,1
3170,1,1
3171,1,1
3172,3,1
3173,1,1
3174,1,1
3175,1,1
3176,1,1
3177,1,1
3178,1,1
3179,2,1
3180,1,1
3181,1,1
3182,1,1
3183,1,1
3184,5,1
3185,1,1
3186,6,1
3187,1,1
3188,1,1
3189,1,1
3190,4,4
3191,1,1
3192,5,2
3193,3,3
3194,2,3
3195,1,1
3196,2,1
3197,5,1
3198,1,1
3199,1,1
3200,2,1
3201,1,1
3202,3,1
3203,1,1
3204,3,1
3205,1,1
3206,4,1
3207,3,1
3208,1,1
3209,1,1
3210,2,2
3211,2,2
3212,4,4
3213,1,1
3214,2,1
3215,4,1
3216,1,1
3217,6,1
3218,1,1
3219,4,4
3220,1,1
3221,1,1
3222,5,1
3223,2,1
3224,2,2
3225,3,1
3226,1,1
3227,1,1
3228,1,1
3229,5,1
3230,1,3
3231,1,1
3232,1,1
3233,1,1
3234,1,1
3235,1,1
3236,4,1
3237,6,1
3238,1,1
3239,1,1
3240,3,1
3241,1,1
3242,2,1
3243,4,1
3244,3,1
3245,1,1
3246,3,1
3247,4,1
3248,1,1
3249,4,1
3250,1,1
3251,5,1
3252,4,1
3253,4,2
3254,2,6
3255,1,1
3256,1,1
3257,3,3
3258,1,1
3259,3,1
3260,1,1
3261,4,1
3262,1,1
3263,3,3
3264,1,1
3265,5,1
3266,3,1
3267,2,1
3268,1,1
3269,1,1
3270,1,1
3271,3,1
3272,1,1
3273,1,1
3274,4,4
3275,3,1
3276,2,1
3277,1,2
3278,1,1
3279,4,1
3280,1,1
3281,1,1
3282,6,6
3283,1,1
3284,1,1
3285,1,1
3286,1,1
3287,1,1
3288,1,1
3289,1,1
3290,3,1
3291,1,1
3292,2,1
3293,1,1
3294,1,1
3295,3,5
3296,1,1
3297,3,2
3298,1,1
3299,1,1
3300,1,1
3301,3,1
3302,2,1
3303,1,1
3304,1,1
3305,1,1
3306,1,1
3307,1,1
3308,1,1
3309,1,1
3310,1,4
3311,4,1
3312,1,1
3313,3,2
3314,1,4
3315,1,1
3316,4,1
3317,3,1
3318,2,4
3319,5,1
3320,1,4
3321,3,2
3322,2,1
3323,4,1
3324,3,2
3325,2,1
3326,2,3
3327,2,1
3328,5,1
3329,6,1
3330,4,1
3331,1,1
3332,1,1
3333,1,1
3334,6,1
3335,3,2
3336,1,1
3337,1,2
3338,3,1
3339,4,1
3340,4,1
3341,1,2
3342,1,1
3343,1,1
3344,1,1
3345,1,1
3346,1,1
3347,5,5
3348,4,1
3349,1,1
3350,1,1
3351,1,1
3352,4,1
3353,1,1
3354,1,1
3355,3,1
3356,3,1
3357,2,1
3358,3,1
3359,5,1
3360,1,1
3361,1,1
3362,2,2
3363,1,1
3364,5,3
3365,1,4
3366,1,1
3367,2,1
3368,3,3
3369,4,1
3370,1,1
3371,2,1
3372,1,1
3373,1,1
3374,1,1
3375,2,1
3376,1,2
3377,1,1
3378,1,1
3379,5,1
3380,3,1
3381,5,1
3382,1,1
3383,1,1
3384,1,1
3385,6,1
3386,1,1
3387,1,1
3388,1,1
3389,1,1
3390,1,1
3391,1,1
3392,1,3
3393,2,1
3394,1,1
3395,1,1
3396,3,1
3397,1,5
3398,3,1
3399,1,1
3400,2,2
3401,1,1
3402,2,1
3403,2,6
3404,1,1
3405,2,1
3406,4,1
3407,1,1
3408,1,1
3409,1,1
3410,3,3
3411,4,4
3412,3,3
3413,1,1
3414,4,4
3415,3,1
3416,1,1
3417,1,1
3418,1,1
3419,2,1
3420,1,1
3421,4,4
3422,1,1
3423,1,1
3424,1,1
3425,4,特払い
3426,1,1
3427,1,1
3428,2,1
3429,1,1
3430,1,1
3431,1,1
3432,1,2
3433,5,1
3434,2,1
3435,3,1
3436,1,1
3437,3,1
3438,1,1
3439,3,1
3440,6,1
3441,1,1
3442,1,1
3443,1,1
3444,6,1
3445,1,1
3446,1,1
3447,2,2
3448,1,2
3449,6,1
3450,1,1
3451,1,1
3452,1,1
3453,6,3
3454,3,1
3455,1,2
3456,1,1
3457,1,特払い
3458,1,1
3459,2,1
3460,4,1
3461,4,1
3462,1,1
3463,1,1
3464,3,1
3465,2,1
3466,1,1
3467,3,1
3468,1,1
3469,1,1
3470,1,1
3471,1,1
3472,1,1
3473,1,1
3474,5,1
3475,1,1
3476,4,1
3477,1,1
3478,2,1
3479,1,1
3480,3,1
3481,1,1
3482,2,2
3483,1,1
3484,2,1
3485,1,1
3486,4,4
3487,1,1
3488,1,1
3489,1,1
3490,1,1
3491,1,1
3492,1,1
3493,4,1
3494,2,1
3495,2,1
3496,1,1
3497,1,1
3498,1,1
3499,4,1
3500,2,2
3501,1,1
3502,1,1
3503,2,1
3504,4,1
3505,1,1
3506,1,2
3507,1,1
3508,4,4
3509,1,1
3510,1,1
3511,4,1
3512,1,1
3513,3,1
3514,1,1
3515,5,1
3516,1,4
3517,1,1
3518,1,1
3519,1,1
3520,1,1
3521,1,1
3522,1,1
3523,4,1
3524,1,1
3525,1,1
3526,5,1
3527,1,1
3528,1,1
3529,1,1
3530,3,1
3531,2,3
3532,1,1
3533,1,1
3534,2,1
3535,4,3
3536,2,2
3537,2,1
3538,3,1
3539,1,1
3540,1,1
3541,3,1
3542,1,1
3543,1,1
3544,1,1
3545,2,1
3546,1,1
3547,1,1
3548,1,1
3549,1,1
3550,2,1
3551,1,1
3552,2,1
3553,1,特払い
3554,4,1
3555,1,1
3556,1,1
3557,1,1
3558,1,1
3559,3,1
3560,2,4
3561,1,1
3562,1,1
3563,6,1
3564,3,1
3565,5,2
3566,1,1
3567,1,6
3568,2,2
3569,1,1
3570,2,2
3571,1,1
3572,1,2
3573,5,1
3574,1,1
3575,1,1
3576,1,1
3577,2,1
3578,1,3
3579,2,2
3580,2,2
3581,1,2
3582,3,1
3583,1,1
3584,3,1
3585,1,1
3586,2,2
3587,2,2
3588,4,1
3589,2,1
3590,2,1
3591,5,1
3592,3,1
3593,2,1
3594,4,1
3595,2,1
3596,5,5
3597,3,1
3598,4,1
3599,1,1
3600,1,1
3601,2,1
3602,1,1
3603,1,1
3604,2,1
3605,3,2
3606,1,1
3607,1,1
3608,3,1
3609,2,1
3610,1,1
3611,1,1
3612,1,1
3613,4,2
3614,2,1
3615,2,1
3616,3,1
3617,1,1
3618,1,1
3619,3,1
3620,5,1
3621,1,1
3622,1,1
3623,6,1
3624,4,1
3625,2,1
3626,1,1
3627,1,1
3628,1,1
3629,1,2
3630,1,1
3631,4,1
3632,1,1
3633,1,1
3634,2,1
3635,3,1
3636,1,2
3637,1,1
3638,1,1
3639,2,1
3640,3,1
3641,2,3
3642,1,1
3643,1,2
3644,4,1
3645,3,1
3646,2,1
3647,1,1
3648,1,1
3649,3,1
3650,4,1
3651,4,1
3652,1,1
3653,1,3
3654,2,1
3655,3,3
3656,2,3
3657,1,1
3658,1,1
3659,1,2
3660,1,1
3661,2,2
3662,6,1
3663,1,1
3664,1,1
3665,2,4
3666,1,1
3667,3,3
3668,1,1
3669,5,1
3670,2,1
3671,1,1
3672,1,1
3673,1,1
3674,6,1
3675,1,1
3676,1,1
3677,1,1
3678,1,1
3679,1,1
3680,5,1
3681,4,1
3682,1,3
3683,1,1
3684,4,1
3685,1,1
3686,2,3
3687,5,1
3688,1,6
3689,2,2
3690,2,1
3691,1,1
3692,5,1
3693,6,1
3694,1,1
3695,4,1
3696,4,1
3697,1,1
3698,4,1
3699,1,1
3700,1,1
3701,1,1
3702,6,3
3703,5,1
3704,1,1
3705,5,1
3706,1,1
3707,1,1
3708,4,4
3709,4,1
3710,2,1
3711,1,1
3712,1,1
3713,1,1
3714,1,1
3715,5,1
3716,4,5
3717,4,1
3718,3,1
3719,1,1
3720,1,1
3721,1,1
3722,1,1
3723,1,1
3724,1,1
3725,1,1
3726,1,1
3727,2,1
3728,1,1
3729,1,1
3730,5,1
3731,1,1
3732,1,1
3733,1,1
3734,5,1
3735,1,1
3736,2,1
3737,1,1
3738,1,1
3739,3,4
3740,1,1
3741,1,1
3742,2,1
3743,1,1
3744,3,1
3745,2,4
3746,4,1
3747,1,1
3748,4,1
3749,4,1
3750,1,1
3751,1,1
3752,5,1
3753,1,1
3754,1,1
3755,1,1
3756,3,1
3757,1,1
3758,4,1
3759,1,1
3760,1,1
3761,3,2
3762,3,3
3763,5,1
3764,1,1
3765,1,2
3766,3,3
3767,1,1
3768,1,1
3769,2,1
3770,1,1
3771,1,1
3772,4,1
3773,1,1
3774,1,1
3775,1,1
3776,3,1
3777,1,2
3778,1,1
3779,1,1
3780,2,1
3781,1,1
3782,4,1
3783,4,1
3784,1,1
3785,2,1
3786,1,1
3787,2,1
3788,1,1
3789,1,1
3790,1,1
3791,1,1
3792,1,1
3793,1,1
3794,1,1
3795,4,2
3796,1,1
3797,1,1
3798,1,1
3799,1,1
3800,2,特払い
3801,2,1
3802,1,1
3803,5,1
3804,1,1
3805,3,2
3806,1,1
3807,5,1
3808,6,1
3809,1,1
3810,3,1
3811,4,特払い
3812,1,1
3813,4,1
3814,1,1
3815,5,1
3816,1,1
3817,1,1
3818,4,1
3819,3,1
3820,3,3
3821,4,3
3822,2,1
3823,4,1
3824,1,1
3825,1,1
3826,1,1
3827,1,1
3828,1,1
3829,1,1
3830,2,1
3831,1,1
3832,1,1
3833,1,1
3834,1,1
3835,4,1
3836,1,1
3837,3,3
3838,1,1
3839,1,1
3840,4,2
3841,1,1
3842,3,1
3843,1,1
3844,1,1
3845,2,1
3846,2,1
3847,1,1
3848,1,1
3849,1,1
3850,1,1
3851,2,3
3852,1,1
3853,1,1
3854,1,1
3855,4,4
3856,2,1
3857,1,1
3858,1,1
3859,1,2
3860,5,2
3861,2,1
3862,1,1
3863,1,1
3864,1,1
3865,3,1
3866,3,1
3867,1,1
3868,5,1
3869,1,1
3870,1,1
3871,2,1
3872,1,1
3873,1,1
3874,4,3
3875,1,1
3876,2,1
3877,1,1
3878,5,4
3879,1,1
3880,1,1
3881,2,1
3882,1,1
3883,2,1
3884,1,1
3885,1,2
3886,1,1
3887,1,1
3888,1,1
3889,2,2
3890,1,1
3891,6,1
3892,2,1
3893,1,1
3894,1,1
3895,2,1
3896,3,1
3897,2,1
3898,3,2
3899,1,1
3900,3,3
3901,1,1
3902,1,1
3903,1,1
3904,1,1
3905,1,2
3906,1,1
3907,2,2
3908,2,1
3909,2,1
3910,4,1
3911,5,1
3912,4,1
3913,1,1
3914,1,1
3915,2,1
3916,4,1
3917,3,1
3918,1,1
3919,1,1
3920,1,1
3921,1,1
3922,1,1
3923,6,1
3924,4,2
3925,1,1
3926,3,1
3927,2,1
3928,3,1
3929,1,1
3930,4,1
3931,2,1
3932,2,1
3933,1,1
3934,1,1
3935,6,1
3936,1,1
3937,1,1
3938,1,1
3939,2,1
3940,4,2
3941,1,1
3942,2,1
3943,1,1
3944,1,1
3945,1,1
3946,3,1
3947,2,1
3948,6,3
3949,4,1
3950,1,1
3951,1,1
3952,6,1
3953,2,1
3954,5,2
3955,2,1
3956,3,1
3957,1,1
3958,1,1
3959,1,1
3960,1,1
3961,1,1
3962,2,2
3963,1,1
3964,1,1
3965,1,1
3966,5,1
3967,1,1
3968,1,1
3969,2,1
3970,1,1
3971,1,1
3972,3,1
3973,2,1
3974,5,1
3975,1,1
3976,1,1
3977,1,1
3978,1,1
3979,4,1
3980,3,1
3981,6,1
3982,1,1
3983,1,1
3984,3,1
3985,1,1
3986,2,1
3987,1,1
3988,4,1
3989,2,1
3990,1,1
3991,4,1
3992,1,1
3993,3,1
3994,4,4
3995,5,1
3996,6,1
3997,1,1
3998,1,1
3999,2,1
4000,1,1
4001,3,1
4002,1,1
4003,1,1
4004,1,1
4005,1,1
4006,1,1
4007,1,1
4008,1,3
4009,3,1
4010,2,2
4011,3,1
4012,2,2
4013,2,1
4014,1,1
4015,2,1
4016,6,1
4017,1,4
4018,1,1
4019,1,2
4020,3,1
4021,2,1
4022,1,1
4023,1,1
4024,3,3
4025,1,1
4026,1,1
4027,4,1
4028,1,1
4029,1,1
4030,1,1
4031,2,2
4032,1,1
4033,2,4
4034,1,1
4035,4,1
4036,1,1
4037,1,1
4038,1,1
4039,1,1
4040,1,1
4041,3,1
4042,1,1
4043,4,1
4044,3,2
4045,1,1
4046,5,6
4047,1,1
4048,1,1
4049,1,1
4050,1,1
4051,4,1
4052,3,1
4053,1,1
4054,1,1
4055,3,4
4056,1,1
4057,6,1
4058,2,1
4059,1,1
4060,3,1
4061,1,1
4062,4,2
4063,2,1
4064,2,1
4065,3,1
4066,1,1
4067,1,1
4068,2,1
4069,4,1
4070,4,1
4071,1,1
4072,3,2
4073,1,1
4074,5,4
4075,1,1
4076,1,1
4077,1,1
4078,2,2
4079,1,1
4080,1,1
4081,1,1
4082,1,1
4083,1,1
4084,1,1
4085,1,1
4086,4,1
4087,4,4
4088,5,3
4089,1,1
4090,1,4
4091,1,1
4092,4,1
4093,1,1
4094,3,2
4095,2,1
4096,1,1
4097,4,1
4098,1,1
4099,3,1
4100,3,3
4101,4,1
4102,5,2
4103,2,1
4104,1,1
4105,2,2
4106,1,1
4107,1,1
4108,2,1
4109,2,1
4110,1,1
4111,1,1
4112,1,1
4113,3,1
4114,1,1
4115,1,1
4116,3,2
4117,1,1
4118,6,6
4119,2,2
4120,1,1
4121,1,1
4122,1,1
4123,2,1
4124,1,1
4125,1,2
4126,1,1
4127,1,1
4128,1,1
4129,1,1
4130,6,1
4131,4,特払い
4132,2,1
4133,1,1
4134,1,1
4135,1,1
4136,1,1
4137,1,1
4138,1,1
4139,3,1
4140,1,1
4141,2,1
4142,1,1
4143,3,1
4144,1,2
4145,1,3
4146,1,5
4147,4,1
4148,1,4
4149,1,1
4150,1,1
4151,2,1
4152,4,3
4153,1,5
4154,5,1
4155,1,1
4156,1,1
4157,3,1
4158,3,1
4159,4,1
4160,1,1
4161,4,4
4162,4,1
4163,1,1
4164,3,1
4165,1,1
4166,2,1
4167,2,2
4168,2,1
4169,1,1
4170,1,1
4171,1,1
4172,5,1
4173,1,1
4174,1,1
4175,1,1
4176,1,1
4177,1,1
4178,1,1
4179,1,1
4180,1,1
4181,1,2
4182,1,1
4183,3,1
4184,1,1
4185,1,1
4186,1,1
4187,1,1
4188,1,1
4189,1,3
4190,3,3
4191,1,2
4192,1,1
4193,4,1
4194,1,1
4195,5,5
4196,1,特払い
4197,4,1
4198,4,1
4199,5,2
4200,1,1
4201,2,1
4202,1,1
4203,3,1
4204,1,1
4205,1,1
4206,1,1
4207,2,1
4208,1,1
4209,1,1
4210,4,2
4211,1,1
4212,3,1
4213,1,1
4214,1,1
4215,5,1
4216,1,1
4217,1,1
4218,2,2
4219,5,1
4220,1,1
4221,1,1
4222,1,1
4223,1,1
4224,1,2
4225,3,3
4226,1,1
4227,1,1
4228,1,1
4229,1,1
4230,1,1
4231,2,5
4232,1,1
4233,特払い,1
4234,2,1
4235,5,1
4236,1,1
4237,4,特払い
4238,1,1
4239,5,1
4240,2,1
4241,1,1
4242,1,1
4243,2,2
4244,4,1
4245,1,1
4246,6,3
4247,3,1
4248,2,1
4249,1,1
4250,1,1
4251,5,2
4252,1,1
4253,1,1
4254,1,1
4255,1,1
4256,1,1
4257,4,特払い
4258,1,1
4259,3,1
4260,1,1
4261,4,1
4262,3,3
4263,4,3
4264,3,1
4265,3,1
4266,4,特払い
4267,2,1
4268,1,1
4269,5,1
4270,1,1
4271,1,6
4272,1,1
4273,1,1
4274,2,1
4275,4,1
4276,3,6
4277,5,1
4278,4,1
4279,2,3
4280,1,1
4281,2,1
4282,1,1
4283,4,4
4284,4,1
4285,3,3
4286,1,1
4287,5,6
4288,2,2
4289,1,1
4290,2,1
4291,2,1
4292,3,2
4293,1,1
4294,4,1
4295,6,1
4296,4,1
4297,1,1
4298,3,3
4299,1,1
4300,1,1
4301,1,1
4302,1,1
4303,3,特払い
4304,4,2
4305,1,1
4306,1,1
4307,2,1
4308,1,1
4309,1,1
4310,3,3
4311,1,2
4312,4,2
4313,1,1
4314,2,2
4315,1,1
4316,1,1
4317,1,1
4318,3,2
4319,1,1
4320,3,1
4321,1,1
4322,1,1
4323,3,2
4324,5,1
4325,1,1
4326,2,1
4327,3,3
4328,1,2
4329,2,2
4330,4,1
4331,1,2
4332,1,1
4333,1,1
4334,5,1
4335,1,1
4336,1,1
4337,3,1
4338,4,2
4339,1,1
4340,1,1
4341,1,1
4342,1,1
4343,1,1
4344,1,1
4345,1,2
4346,1,1
4347,1,1
4348,5,1
4349,1,1
4350,2,1
4351,1,3
4352,1,1
4353,2,1
4354,1,1
4355,1,1
4356,3,1
4357,1,1
4358,1,1
4359,3,1
4360,1,1
4361,2,1
4362,2,1
4363,1,1
4364,1,1
4365,1,1
4366,2,1
4367,1,1
4368,1,1
4369,1,1
4370,1,1
4371,1,1
4372,2,1
4373,3,1
4374,6,1
4375,2,1
4376,1,1
4377,1,1
4378,1,1
4379,1,1
4380,4,2
4381,1,1
4382,1,1
4383,6,1
4384,1,1
4385,1,1
4386,1,1
4387,1,1
4388,6,1
4389,2,1
4390,1,1
4391,1,1
4392,1,1
4393,4,1
4394,1,1
4395,2,1
4396,1,1
4397,1,1
4398,1,3
4399,4,1
4400,1,1
4401,1,1
4402,1,3
4403,5,3
4404,1,1
4405,6,3
4406,1,1
4407,1,4
4408,1,1
4409,1,1
4410,5,1
4411,1,1
4412,2,1
4413,3,1
4414,1,1
4415,1,2
4416,1,1
4417,1,1
4418,1,1
4419,5,1
4420,1,1
4421,3,1
4422,1,1
4423,1,4
4424,6,6
4425,1,1
4426,5,1
4427,1,1
4428,1,1
4429,3,1
4430,1,1
4431,4,1
4432,2,2
4433,2,1
4434,5,1
4435,1,2
4436,1,1
4437,1,1
4438,3,6
4439,1,1
4440,2,1
4441,1,1
4442,4,1
4443,1,1
4444,1,1
4445,5,1
4446,1,1
4447,2,3
4448,1,1
4449,5,1
4450,1,2
4451,2,2
4452,1,1
4453,1,1
4454,1,1
4455,1,1
4456,2,2
4457,2,2
4458,1,1
4459,3,1
4460,1,1
4461,1,3
4462,3,2
4463,1,1
4464,2,1
4465,2,2
4466,3,1
4467,1,1
4468,1,1
4469,1,1
4470,1,1
4471,1,1
4472,1,5
4473,1,1
4474,3,3
4475,3,1
4476,2,1
4477,5,2
4478,4,1
4479,1,1
4480,1,1
4481,1,1
4482,1,1
4483,4,1
4484,5,1
4485,5,1
4486,2,2
4487,1,1
4488,2,6
4489,3,3
4490,1,1
4491,1,1
4492,1,1
4493,3,1
4494,2,1
4495,1,2
4496,6,3
4497,1,1
4498,5,1
4499,1,4
4500,1,1
4501,1,1
4502,2,1
4503,1,1
4504,1,1
4505,1,1
4506,4,1
4507,4,4
4508,1,1
4509,1,1
4510,1,特払い
4511,1,1
4512,2,1
4513,2,1
4514,1,2
4515,1,1
4516,1,1
4517,1,1
4518,1,1
4519,1,1
4520,5,1
4521,6,1
4522,1,1
4523,1,1
4524,1,特払い
4525,1,1
4526,1,1
4527,1,1
4528,1,1
4529,1,1
4530,4,1
4531,1,1
4532,2,1
4533,1,1
4534,1,3
4535,1,1
4536,1,1
4537,1,1
4538,4,2
4539,3,1
4540,1,1
4541,4,4
4542,3,1
4543,5,1
4544,1,1
4545,1,1
4546,1,2
4547,4,2
4548,6,1
4549,1,1
4550,1,1
4551,4,4
4552,1,1
4553,1,1
4554,4,2
4555,1,1
4556,2,1
4557,4,1
4558,2,4
4559,1,1
4560,3,1
4561,6,1
4562,2,1
4563,1,1
4564,4,1
4565,2,1
4566,2,2
4567,1,1
4568,1,1
4569,4,5
4570,1,1
4571,3,1
4572,1,1
4573,1,1
4574,1,1
4575,4,2
4576,1,1
4577,1,1
4578,1,1
4579,4,1
4580,1,1
4581,1,2
4582,2,1
4583,1,1
4584,1,1
4585,1,1
4586,1,1
4587,1,1
4588,1,1
4589,1,1
4590,1,1
4591,2,1
4592,1,1
4593,5,1
4594,1,1
4595,3,1
4596,3,1
4597,1,1
4598,1,1
4599,2,1
4600,3,1
4601,6,1
4602,1,1
4603,4,1
4604,3,1
4605,3,1
4606,4,2
4607,1,1
4608,3,4
4609,1,1
4610,2,4
4611,1,1
4612,1,1
4613,4,3
4614,1,2
4615,1,1
4616,1,1
4617,6,4
4618,6,1
4619,1,1
4620,3,1
4621,1,1
4622,1,1
4623,1,1
4624,1,1
4625,6,1
4626,2,1
4627,1,1
4628,3,1
4629,1,1
4630,1,1
4631,1,1
4632,1,1
4633,1,1
4634,4,1
4635,2,1
4636,5,1
4637,4,2
4638,3,5
4639,2,2
4640,1,2
4641,1,1
4642,3,1
4643,3,1
4644,1,3
4645,5,1
4646,1,1
4647,1,1
4648,3,1
4649,1,1
4650,2,1
4651,3,2
4652,1,1
4653,1,1
4654,2,2
4655,3,1
4656,1,1
4657,2,2
4658,1,1
4659,4,1
4660,4,1
4661,2,1
4662,1,1
4663,1,1
4664,1,1
4665,2,1
4666,3,1
4667,1,1
4668,2,1
4669,1,1
4670,1,1
4671,1,1
4672,1,1
4673,5,1
4674,3,3
4675,1,1
4676,1,1
4677,1,特払い
4678,1,1
4679,4,1
4680,1,1
4681,5,1
4682,4,1
4683,1,1
4684,4,1
4685,1,1
4686,1,1
4687,1,1
4688,1,1
4689,1,1
4690,1,1
4691,3,1
4692,1,1
4693,6,1
4694,1,1
4695,5,4
4696,1,1
4697,1,1
4698,1,1
4699,1,1
4700,2,2
4701,1,1
4702,1,1
4703,1,1
4704,2,1
4705,1,4
4706,1,1
4707,5,1
4708,1,1
4709,1,1
4710,1,1
4711,2,3
4712,1,1
4713,1,1
4714,1,1
4715,1,1
4716,1,1
4717,1,1
4718,1,1
4719,4,1
4720,5,1
4721,1,1
4722,3,1
4723,3,1
4724,1,1
4725,1,1
4726,6,1
4727,1,1
4728,1,1
4729,1,1
4730,1,1
4731,1,3
4732,1,1
4733,5,2
4734,1,1
4735,1,1
4736,3,5
4737,1,2
4738,4,1
4739,1,3
4740,1,1
4741,1,1
4742,1,1
4743,1,1
4744,1,1
4745,2,1
4746,4,1
4747,1,1
4748,1,1
4749,1,1
4750,6,2
4751,2,1
4752,4,3
4753,2,4
4754,1,1
4755,3,1
4756,1,1
4757,1,1
4758,2,1
4759,1,1
4760,1,3
4761,5,2
4762,1,3
4763,1,1
4764,1,1
4765,1,1
4766,3,1
4767,4,1
4768,2,1
4769,2,1
4770,1,1
4771,1,1
4772,4,1
4773,1,1
4774,4,1
4775,1,1
4776,1,1
4777,6,1
4778,4,1
4779,1,5
4780,4,1
4781,2,2
4782,6,1
4783,1,1
4784,2,1
4785,1,1
4786,1,1
4787,1,1
4788,2,3
4789,1,1
4790,1,1
4791,2,4
4792,2,1
4793,1,1
4794,1,1
4795,1,1
4796,1,1
4797,1,1
4798,1,1
4799,1,1
4800,2,1
4801,3,1
4802,4,1
4803,5,1
4804,1,1
4805,3,1
4806,1,1
4807,4,1
4808,1,1
4809,1,1
4810,3,2
4811,1,1
4812,1,1
4813,2,1
4814,3,1
4815,1,1
4816,4,1
4817,1,1
4818,1,1
4819,1,1
4820,6,1
4821,3,1
4822,1,1
4823,1,1
4824,3,1
4825,2,1
4826,1,1
4827,1,1
4828,1,1
4829,3,1
4830,3,1
4831,1,1
4832,2,2
4833,1,2
4834,6,1
4835,2,1
4836,1,1
4837,2,1
4838,4,特払い
4839,1,1
4840,2,3
4841,4,1
4842,1,1
4843,3,1
4844,1,1
4845,1,1
4846,2,3
4847,1,1
4848,1,1
4849,1,4
4850,1,特払い
4851,3,2
4852,1,1
4853,2,1
4854,1,1
4855,6,1
4856,1,1
4857,1,1
4858,2,1
4859,1,1
4860,1,1
4861,6,1
4862,6,1
4863,1,1
4864,1,1
4865,1,1
4866,1,1
4867,1,2
4868,6,1
4869,4,3
4870,1,1
4871,1,1
4872,2,1
4873,1,4
4874,2,1
4875,1,1
4876,1,1
4877,1,1
4878,4,特払い
4879,1,1
4880,3,1
4881,1,1
4882,1,1
4883,4,1
4884,1,1
4885,1,1
4886,4,1
4887,1,1
4888,1,1
4889,1,1
4890,5,5
4891,1,1
4892,1,1
4893,1,1
4894,4,3
4895,1,1
4896,1,1
4897,6,1
4898,3,1
4899,1,1
4900,1,1
4901,1,1
4902,1,1
4903,1,1
4904,5,1
4905,1,3
4906,1,1
4907,4,1
4908,1,1
4909,3,1
4910,1,1
4911,1,1
4912,1,1
4913,3,1
4914,1,1
4915,1,1
4916,3,3
4917,3,1
4918,4,1
4919,1,1
4920,5,1
4921,2,5
4922,1,2
4923,2,1
4924,1,1
4925,2,1
4926,4,1
4927,1,2
4928,1,1
4929,1,1
4930,3,1
4931,1,3
4932,1,1
4933,3,1
4934,3,1
4935,1,2
4936,3,1
4937,5,1
4938,1,1
4939,2,1
4940,2,2
4941,1,1
4942,1,1
4943,1,1
4944,3,1
4945,1,2
4946,1,1
4947,1,1
4948,1,1
4949,5,1
4950,1,1
4951,1,1
4952,1,1
4953,1,5
4954,1,1
4955,1,1
4956,1,特払い
4957,5,1
4958,2,3
4959,1,1
4960,4,1
4961,2,2
4962,1,1
4963,4,1
4964,1,1
4965,1,1
4966,1,1
4967,1,1
4968,1,1
4969,1,1
4970,5,1
4971,4,2
4972,1,1
4973,4,1
4974,2,1
4975,1,1
4976,1,1
4977,1,1
4978,1,1
4979,2,3
4980,3,3
4981,1,4
4982,1,1
4983,6,4
4984,3,特払い
4985,1,1
4986,1,1
4987,3,1
4988,3,2
4989,4,2
4990,1,1
4991,4,1
4992,4,1
4993,1,1
4994,1,1
4995,1,1
4996,1,1
4997,1,1
4998,1,1
4999,2,5
5000,1,1
5001,4,1
5002,1,1
5003,3,3
5004,1,1
5005,5,1
5006,4,1
5007,4,3
5008,4,1
5009,1,1
5010,1,1
5011,1,1
5012,1,1
5013,4,1
5014,1,1
5015,1,1
5016,4,1
5017,1,1
5018,1,1
5019,2,1
5020,1,2
5021,1,1
5022,2,1
5023,1,1
5024,3,1
5025,2,2
5026,1,1
5027,1,1
5028,3,1
5029,3,1
5030,1,特払い
5031,1,1
5032,1,1
5033,1,2
5034,5,1
5035,2,1
5036,1,1
5037,1,1
5038,1,特払い
5039,1,1
5040,1,1
5041,2,1
5042,1,1
5043,3,1
5044,3,3
5045,3,2
5046,1,1
5047,1,1
5048,1,1
5049,3,1
5050,1,1
5051,2,1
5052,1,2
5053,4,1
5054,1,1
5055,1,1
5056,2,2
5057,1,1
5058,3,1
5059,1,1
5060,3,6
5061,2,4
5062,1,1
5063,3,6
5064,1,1
5065,4,1
5066,3,1
5067,2,1
5068,5,1
5069,1,1
5070,4,1
5071,1,1
5072,1,1
5073,2,1
5074,5,1
5075,2,2
5076,4,1
5077,1,1
5078,1,1
5079,1,1
5080,1,1
5081,1,1
5082,1,1
5083,1,1
5084,4,4
5085,3,1
5086,1,1
5087,4,1
5088,1,1
5089,1,1
5090,2,1
5091,4,1
5092,1,2
5093,5,1
5094,2,1
5095,1,1
5096,1,1
5097,1,1
5098,1,1
5099,1,1
5100,1,1
5101,2,1
5102,1,1
5103,3,1
5104,1,1
5105,1,1
5106,2,5
5107,3,1
5108,1,1
5109,1,1
5110,1,1
5111,1,1
5112,1,1
5113,1,1
5114,1,1
5115,1,1
5116,1,1
5117,5,1
5118,3,1
5119,1,1
5120,3,1
5121,3,2
5122,3,3
5123,1,1
5124,1,1
5125,4,1
5126,2,2
5127,6,1
5128,1,1
5129,1,1
5130,1,3
5131,1,1
5132,1,1
5133,6,1
5134,1,1
5135,1,4
5136,4,1
5137,1,1
5138,1,1
5139,5,1
5140,1,1
5141,1,1
5142,3,5
5143,1,2
5144,2,1
5145,1,1
5146,3,2
5147,1,1
5148,4,特払い
5149,2,1
5150,2,1
5151,1,1
5152,1,2
5153,5,1
5154,1,1
5155,1,1
5156,4,4
5157,2,1
5158,4,1
5159,1,3
5160,1,1
5161,1,2
5162,1,1
5163,1,1
5164,6,3
5165,5,2
5166,1,1
5167,1,1
5168,1,1
5169,3,1
5170,1,1
5171,1,1
5172,1,1
5173,3,2
5174,2,1
5175,3,3
5176,1,2
5177,2,2
5178,2,1
5179,1,1
5180,1,1
5181,5,1
5182,1,1
5183,2,3
5184,4,2
5185,1,1
5186,1,1
5187,1,1
5188,2,3
5189,4,1
5190,1,1
5191,1,1
5192,3,1
5193,2,1
5194,1,1
5195,1,1
5196,1,4
5197,1,1
5198,1,2
5199,1,1
5200,1,1
5201,4,1
5202,1,1
5203,2,2
5204,5,1
5205,1,1
5206,1,1
5207,1,1
5208,1,1
5209,1,1
5210,1,1
5211,2,1
5212,1,1
5213,6,1
5214,3,1
5215,2,1
5216,1,1
5217,1,1
5218,2,1
5219,1,2
5220,1,1
5221,1,1
5222,2,1
5223,1,1
5224,1,1
5225,1,1
5226,3,1
5227,1,1
5228,1,1
5229,2,2
5230,1,1
5231,2,1
5232,1,2
5233,1,1
5234,1,1
5235,1,1
5236,1,1
5237,3,1
5238,1,1
5239,2,1
5240,1,1
5241,1,1
5242,3,1
5243,1,1
5244,5,1
5245,1,1
5246,2,1
5247,2,1
5248,1,1
5249,5,1
5250,4,1
5251,1,1
5252,1,1
5253,1,4
5254,1,1
5255,1,1
5256,1,1
5257,3,1
5258,1,1
5259,3,1
5260,4,1
5261,1,1
5262,1,1
5263,1,1
5264,1,1
5265,4,1
5266,1,1
5267,1,1
5268,4,1
5269,1,3
5270,5,1
5271,4,2
5272,1,1
5273,4,1
5274,1,1
5275,5,1
5276,2,1
5277,1,1
5278,1,1
5279,1,1
5280,3,2
5281,1,1
5282,5,4
5283,1,1
5284,1,1
5285,1,1
5286,1,2
5287,1,1
5288,1,1
5289,1,1
5290,1,1
5291,3,2
5292,1,1
5293,1,1
5294,4,1
5295,4,1
5296,1,1
5297,3,1
5298,2,1
5299,1,1
5300,1,1
5301,5,2
5302,4,4
5303,1,1
5304,1,1
5305,4,1
5306,1,3
5307,2,2
5308,2,1
5309,4,4
5310,1,1
5311,3,3
5312,1,1
5313,4,1
5314,3,1
5315,1,1
5316,1,1
5317,6,2
5318,1,3
5319,4,1
5320,1,1
5321,5,1
5322,2,1
5323,3,1
5324,3,1
5325,1,1
5326,1,1
5327,1,1
5328,3,1
5329,1,1
5330,1,1
5331,3,1
5332,4,1
5333,1,1
5334,1,2
5335,1,1
5336,4,1
5337,6,1
5338,1,特払い
5339,1,1
5340,1,2
5341,2,1
5342,1,1
5343,1,1
5344,1,1
5345,1,1
5346,2,1
5347,1,1
5348,2,1
5349,1,1
5350,1,1
5351,1,1
5352,2,2
5353,1,2
5354,1,1
5355,1,1
5356,1,1
5357,4,1
5358,4,1
5359,1,1
5360,1,1
5361,2,1
5362,3,3
5363,4,4
5364,2,1
5365,1,1
5366,4,1
5367,2,2
5368,2,2
5369,2,2
5370,1,1
5371,1,1
5372,1,1
5373,3,1
5374,4,1
5375,3,1
5376,4,1
5377,1,1
5378,1,1
5379,3,1
5380,1,1
5381,2,1
5382,1,1
5383,1,1
5384,1,1
5385,2,1
5386,1,1
5387,1,1
5388,1,1
5389,3,1
5390,4,1
5391,1,1
5392,1,1
5393,1,2
5394,1,1
5395,3,1
5396,1,1
5397,2,1
5398,6,1
5399,2,1
5400,2,1
5401,1,2
5402,1,1
5403,1,1
5404,1,1
5405,3,1
5406,1,1
5407,1,1
5408,5,2
5409,2,1
5410,2,2
5411,1,1
5412,1,1
5413,1,1
5414,1,1
5415,1,1
5416,2,2
5417,4,2
5418,2,1
5419,1,1
5420,1,1
5421,4,特払い
5422,3,1
5423,1,1
5424,1,1
5425,1,1
5426,1,1
5427,3,1
5428,1,1
5429,1,1
5430,1,1
5431,1,1
5432,2,1
5433,5,4
5434,2,1
5435,5,1
5436,1,1
5437,1,1
5438,1,1
5439,1,1
5440,5,1
5441,3,1
5442,1,1
5443,1,1
5444,5,1
5445,1,1
5446,4,1
5447,1,1
5448,2,3
5449,1,1
5450,2,1
5451,1,1
5452,1,1
5453,3,1
5454,4,1
5455,1,1
5456,3,1
5457,1,1
5458,1,1
5459,1,1
5460,3,1
5461,4,1
5462,1,1
5463,1,1
5464,1,1
5465,4,1
5466,5,1
5467,5,6
5468,3,1
5469,1,1
5470,3,1
5471,3,1
5472,特払い,1
5473,1,1
5474,1,1
5475,4,3
5476,1,1
5477,3,1
5478,4,1
5479,2,1
5480,2,2
5481,2,3
5482,4,4
5483,2,1
5484,1,1
5485,5,1
5486,6,6
5487,1,1
5488,3,3
5489,1,1
5490,2,1
5491,2,1
5492,1,1
5493,1,1
5494,1,1
5495,4,1
5496,1,6
5497,1,1
5498,1,1
5499,4,1
5500,1,1
5501,6,特払い
5502,2,1
5503,2,1
5504,3,1
5505,1,1
5506,2,1
5507,1,1
5508,1,3
5509,1,1
5510,1,1
5511,2,1
5512,1,1
5513,1,1
5514,2,1
5515,1,2
5516,2,2
5517,1,1
5518,1,1
5519,1,3
5520,1,1
5521,2,4
5522,3,1
5523,1,1
5524,5,1
5525,6,特払い
5526,3,1
5527,2,1
5528,4,1
5529,4,1
5530,2,2
5531,2,1
5532,4,1
5533,2,1
5534,1,1
5535,1,1
5536,1,1
5537,1,1
5538,4,1
5539,4,1
5540,3,2
5541,3,1
5542,4,1
5543,1,2
5544,1,1
5545,1,1
5546,2,1
5547,6,1
5548,1,1
5549,1,1
5550,3,1
5551,4,1
5552,1,1
5553,1,2
5554,1,1
5555,1,1
5556,1,2
5557,1,1
5558,1,1
5559,4,4
5560,5,1
5561,4,1
5562,1,1
5563,3,1
5564,4,2
5565,1,特払い
5566,1,1
5567,2,2
5568,4,2
5569,1,1
5570,1,1
5571,2,1
5572,1,1
5573,2,2
5574,2,1
5575,2,1
5576,1,1
5577,1,4
5578,1,1
5579,2,4
5580,4,1
5581,2,1
5582,1,1
5583,2,2
5584,1,1
5585,1,1
5586,1,1
5587,1,1
5588,1,1
5589,1,1
5590,1,1
5591,1,1
5592,1,1
5593,1,1
5594,1,1
5595,2,特払い
5596,1,1
5597,3,1
5598,1,1
5599,4,1
5600,1,1
5601,4,1
5602,6,1
5603,1,2
5604,1,1
5605,6,6
5606,1,1
5607,1,1
5608,4,1
5609,2,3
5610,1,1
5611,1,1
5612,1,1
5613,4,1
5614,1,1
5615,1,1
5616,2,1
5617,1,1
5618,3,3
5619,2,1
5620,1,1
5621,2,1
5622,1,1
5623,1,1
5624,1,1
5625,1,1
5626,1,特払い
5627,1,2
5628,4,1
5629,1,1
5630,3,5
5631,5,1
5632,3,1
5633,3,1
5634,1,1
5635,1,1
5636,1,1
5637,1,1
5638,6,3
5639,1,1
5640,1,1
5641,4,1
5642,1,1
5643,1,1
5644,1,1
5645,4,1
5646,3,3
5647,2,1
5648,1,1
5649,4,1
5650,1,1
5651,1,1
5652,4,4
5653,6,1
5654,1,1
5655,2,2
5656,1,1
5657,2,1
5658,1,1
5659,3,1
5660,3,1
5661,6,6
5662,1,1
5663,4,1
5664,1,1
5665,2,2
5666,3,1
5667,2,1
5668,1,1
5669,4,1
5670,5,1
5671,5,1
5672,1,1
5673,1,1
5674,2,1
5675,1,3
5676,1,1
5677,3,1
5678,3,1
5679,3,1
5680,1,1
5681,2,4
5682,1,1
5683,2,4
5684,3,3
5685,1,3
5686,6,6
5687,6,1
5688,1,1
5689,1,1
5690,1,1
5691,4,1
5692,3,3
5693,4,1
5694,2,3
5695,1,1
5696,4,1
5697,1,2
5698,3,1
5699,3,1
5700,1,1
5701,1,1
5702,1,1
5703,2,1
5704,1,1
5705,1,1
5706,4,1
5707,4,1
5708,1,1
5709,1,2
5710,1,1
5711,3,3
5712,1,1
5713,4,1
5714,1,1
5715,3,1
5716,3,1
5717,3,1
5718,1,1
5719,1,1
5720,1,1
5721,1,1
5722,1,1
5723,1,1
5724,5,1
5725,2,1
5726,5,1
5727,1,1
5728,5,1
5729,1,1
5730,1,1
5731,5,1
5732,1,2
5733,1,1
5734,1,1
5735,5,1
5736,2,2
5737,1,4
5738,4,1
5739,1,1
5740,1,1
5741,2,4
5742,2,1
5743,1,4
5744,1,1
5745,2,1
5746,1,1
5747,1,1
5748,3,1
5749,1,1
5750,1,1
5751,1,1
5752,1,1
5753,4,1
5754,2,1
5755,3,3
5756,4,1
5757,1,1
5758,2,2
5759,1,1
5760,1,1
5761,1,1
5762,4,2
5763,1,1
5764,3,1
5765,1,1
5766,3,1
5767,1,6
5768,2,2
5769,1,1
5770,1,1
5771,2,1
5772,1,1
5773,1,1
5774,1,1
5775,4,1
5776,2,1
5777,3,1
5778,1,1
5779,3,2
5780,1,1
5781,3,4
5782,3,2
5783,3,1
5784,4,1
5785,3,2
5786,1,1
5787,2,1
5788,1,1
5789,1,1
5790,1,1
5791,2,1
5792,5,5
5793,4,1
5794,1,1
5795,2,1
5796,4,1
5797,1,1
5798,1,1
5799,1,1
5800,1,1
5801,2,1
5802,4,1
5803,4,1
5804,3,1
5805,4,1
5806,1,1
5807,1,1
5808,1,1
5809,3,1
5810,1,1
5811,2,2
5812,3,1
5813,1,1
5814,1,1
5815,1,3
5816,4,3
5817,3,3
5818,1,1
5819,1,1
5820,1,1
5821,4,1
5822,2,1
5823,1,1
5824,1,3
5825,1,6
5826,1,1
5827,1,1
5828,1,2
5829,1,1
5830,1,1
5831,1,1
5832,1,1
5833,1,1
5834,1,4
5835,4,5
5836,1,3
5837,3,1
5838,4,1
5839,6,1
5840,2,1
5841,1,1
5842,1,4
5843,1,1
5844,1,1
5845,1,1
5846,1,1
5847,2,1
5848,6,1
5849,1,1
5850,4,1
5851,2,2
5852,4,1
5853,1,1
5854,2,1
5855,1,1
5856,1,1
5857,2,1
5858,2,3
5859,6,1
5860,2,2
5861,1,1
5862,1,1
5863,3,1
5864,1,1
5865,1,1
5866,1,1
5867,2,1
5868,1,1
5869,2,1
5870,1,1
5871,5,1
5872,2,2
5873,3,1
5874,1,1
5875,3,1
5876,1,3
5877,4,1
5878,3,1
5879,1,1
5880,4,3
5881,3,1
5882,1,4
5883,3,1
5884,3,5
5885,3,1
5886,1,1
5887,1,1
5888,1,2
5889,4,1
5890,2,1
5891,1,1
5892,1,1
5893,3,1
5894,1,1
5895,1,1
5896,1,1
5897,4,2
5898,2,1
5899,2,3
5900,1,1
5901,2,1
5902,2,1
5903,1,1
5904,5,1
5905,3,3
5906,3,1
5907,1,1
5908,3,1
5909,1,4
5910,1,1
5911,1,6
5912,1,1
5913,2,1
5914,3,1
5915,4,1
5916,3,特払い
5917,4,1
5918,3,1
5919,1,1
5920,1,1
5921,2,1
5922,3,3
5923,1,1
5924,1,2
5925,3,5
5926,1,1
5927,1,1
5928,1,3
5929,1,3
5930,1,1
5931,1,1
5932,2,1
5933,5,1
5934,1,2
5935,5,1
5936,1,1
5937,1,6
5938,1,1
5939,2,1
5940,3,1
5941,1,1
5942,3,3
5943,2,1
5944,2,2
5945,1,1
5946,2,1
5947,3,1
5948,1,1
5949,1,1
5950,2,1
5951,1,1
5952,5,1
5953,1,1
5954,1,1
5955,4,1
5956,1,1
5957,5,1
5958,3,1
5959,1,1
5960,1,1
5961,1,1
5962,4,1
5963,4,2
5964,1,1
5965,1,4
5966,1,4
5967,3,1
5968,2,1
5969,2,2
5970,1,1
5971,4,1
5972,1,1
5973,2,2
5974,5,1
5975,1,1
5976,2,1
5977,5,1
5978,1,1
5979,1,1
5980,1,1
5981,1,1
5982,3,1
5983,4,1
5984,1,1
5985,1,1
5986,2,3
5987,1,1
5988,1,3
5989,1,1
5990,2,1
5991,4,1
5992,4,1
5993,1,1
5994,1,1
5995,1,1
5996,1,特払い
5997,5,1
5998,1,1
5999,2,3
6000,1,1
6001,1,1
6002,3,1
6003,5,3
6004,3,1
6005,1,5
6006,1,1
6007,3,1
6008,1,1
6009,1,1
6010,1,1
6011,1,2
6012,4,1
6013,1,1
6014,2,1
6015,4,1
6016,4,2
6017,3,2
6018,4,1
6019,1,1
6020,2,3
6021,1,1
6022,1,1
6023,1,1
6024,3,1
6025,1,1
6026,1,1
6027,2,1
6028,2,1
6029,2,2
6030,2,2
6031,1,1
6032,1,1
6033,1,1
6034,1,1
6035,4,1
6036,1,1
6037,5,1
6038,1,2
6039,1,1
6040,1,1
6041,2,1
6042,1,1
6043,1,1
6044,2,1
6045,4,特払い
6046,3,3
6047,4,1
6048,1,1
6049,5,1
6050,1,1
6051,1,1
6052,1,1
6053,3,1
6054,3,1
6055,3,3
6056,1,1
6057,1,1
6058,4,特払い
6059,4,1
6060,2,1
6061,1,1
6062,3,1
6063,3,3
6064,1,1
6065,2,1
6066,3,1
6067,1,1
6068,1,1
6069,1,1
6070,1,1
6071,1,1
6072,4,1
6073,2,2
6074,2,1
6075,1,1
6076,1,2
6077,1,1
6078,1,1
6079,2,1
6080,2,1
6081,3,1
6082,1,1
6083,1,1
6084,1,1
6085,3,1
6086,6,2
6087,1,1
6088,1,1
6089,4,1
6090,1,1
6091,2,2
6092,1,1
6093,3,1
6094,1,1
6095,1,1
6096,4,1
6097,1,1
6098,3,1
6099,1,1
6100,2,1
6101,4,4
6102,5,1
6103,1,2
6104,1,1
6105,1,1
6106,5,1
6107,1,1
6108,1,1
6109,3,2
6110,1,1
6111,1,1
6112,3,1
6113,1,1
6114,1,1
6115,1,1
6116,1,1
6117,3,6
6118,1,1
6119,5,1
6120,1,1
6121,2,1
6122,2,1
6123,1,1
6124,1,1
6125,3,1
6126,1,1
6127,1,1
6128,2,1
6129,1,1
6130,4,1
6131,4,1
6132,3,1
6133,3,1
6134,1,1
6135,2,2
6136,2,2
6137,1,4
6138,5,特払い
6139,1,1
6140,5,1
6141,4,1
6142,4,1
6143,2,2
6144,2,1
6145,1,1
6146,3,3
6147,1,1
6148,4,1
6149,1,1
6150,1,1
6151,1,1
6152,1,1
6153,1,1
6154,1,1
6155,3,1
6156,1,1
6157,3,6
6158,2,2
6159,1,1
6160,1,1
6161,1,1
6162,1,1
6163,3,1
6164,4,1
6165,3,3
6166,5,1
6167,1,1
6168,6,6
6169,3,1
6170,4,1
6171,1,1
6172,2,1
6173,1,1
6174,5,1
6175,2,1
6176,3,1
6177,1,2
6178,3,2
6179,4,1
6180,2,1
6181,1,1
6182,1,1
6183,3,1
6184,1,1
6185,4,1
6186,6,1
6187,2,2
6188,1,1
6189,1,1
6190,4,1
6191,4,2
6192,2,1
6193,3,2
6194,1,1
6195,3,1
6196,3,1
6197,1,1
6198,1,1
6199,1,1
6200,1,1
6201,1,1
6202,1,3
6203,2,1
6204,3,1
6205,3,2
6206,2,2
6207,1,1
6208,3,1
6209,1,1
6210,1,1
6211,2,2
6212,1,1
6213,1,2
6214,1,1
6215,2,3
6216,1,1
6217,1,1
6218,1,1
6219,1,1
6220,1,1
6221,1,1
6222,1,1
6223,5,1
6224,1,1
6225,1,1
6226,1,1
6227,1,1
6228,1,1
6229,1,1
6230,1,1
6231,1,1
6232,1,1
6233,2,1
6234,1,1
6235,1,1
6236,2,1
6237,2,1
6238,4,6
6239,1,1
6240,5,1
6241,1,1
6242,2,2
6243,2,2
6244,1,1
6245,1,1
6246,1,1
6247,1,4
6248,1,1
6249,5,2
6250,1,1
6251,1,1
6252,2,1
6253,1,1
6254,1,1
6255,2,1
6256,3,1
6257,1,1
6258,2,1
6259,2,1
6260,1,3
6261,2,1
6262,1,1
6263,1,1
6264,1,1
6265,3,1
6266,6,1
6267,1,1
6268,3,1
6269,2,1
6270,4,1
6271,3,1
6272,5,1
6273,3,1
6274,1,1
6275,1,1
6276,6,1
6277,2,1
6278,1,1
6279,1,1
6280,1,特払い
6281,3,1
6282,1,1
6283,1,1
6284,1,1
6285,4,2
6286,6,1
6287,2,1
6288,3,1
6289,4,1
6290,1,1
6291,1,1
6292,2,1
6293,1,3
6294,2,1
6295,2,5
6296,4,6
6297,1,1
6298,1,1
6299,1,1
6300,1,1
6301,1,1
6302,3,1
6303,4,1
6304,1,1
6305,1,1
6306,2,1
6307,2,1
6308,1,1
6309,2,1
6310,1,1
6311,2,3
6312,3,1
6313,4,4
6314,3,1
6315,1,1
6316,6,1
6317,1,1
6318,1,1
6319,1,3
6320,4,1
6321,1,1
6322,4,1
6323,2,2
6324,1,2
6325,1,1
6326,1,1
6327,1,1
6328,1,1
6329,1,1
6330,1,1
6331,5,1
6332,5,1
6333,1,1
6334,6,1
6335,1,1
6336,1,1
6337,3,3
6338,5,1
6339,2,2
6340,1,1
6341,1,1
6342,5,1
6343,1,1
6344,1,1
6345,1,1
6346,5,1
6347,4,1
6348,1,1
6349,1,1
6350,2,1
6351,2,1
6352,1,1
6353,3,2
6354,1,1
6355,4,1
6356,1,1
6357,1,1
6358,4,1
6359,1,1
6360,1,1
6361,1,1
6362,1,1
6363,1,4
6364,1,1
6365,4,1
6366,1,1
6367,1,1
6368,1,1
6369,1,1
6370,3,1
6371,1,1
6372,3,1
6373,2,1
6374,1,3
6375,3,2
6376,1,1
6377,1,1
6378,1,1
6379,3,1
6380,1,1
6381,1,1
6382,1,1
6383,5,1
6384,2,1
6385,1,1
6386,1,1
6387,4,1
6388,1,1
6389,3,1
6390,1,1
6391,2,4
6392,1,1
6393,2,1
6394,2,1
6395,1,1
6396,2,1
6397,4,3
6398,2,1
6399,4,2
6400,1,1
6401,1,1
6402,1,1
6403,2,1
6404,1,1
6405,2,6
6406,1,1
6407,1,3
6408,6,1
6409,1,1
6410,6,1
6411,1,1
6412,2,2
6413,5,1
6414,3,1
6415,2,2
6416,2,1
6417,1,1
6418,1,3
6419,1,1
6420,2,1
6421,3,1
6422,1,1
6423,1,1
6424,2,1
6425,3,1
6426,3,6
6427,1,1
6428,2,1
6429,4,1
6430,1,1
6431,2,3
6432,3,1
6433,6,1
6434,2,3
6435,6,1
6436,2,1
6437,1,1
6438,1,1
6439,4,1
6440,2,1
6441,1,1
6442,5,1
6443,1,1
6444,4,1
6445,5,3
6446,1,1
6447,1,1
6448,1,1
6449,3,1
6450,1,1
6451,1,1
6452,1,1
6453,4,1
6454,5,1
6455,1,1
6456,2,1
6457,1,1
6458,1,1
6459,1,1
6460,1,4
6461,1,1
6462,1,1
6463,3,1
6464,2,1
6465,2,1
6466,2,1
6467,4,1
6468,6,1
6469,3,1
6470,1,1
6471,4,1
6472,1,1
6473,1,2
6474,1,1
6475,6,1
6476,1,1
6477,1,1
6478,1,1
6479,2,1
6480,1,1
6481,1,1
6482,3,1
6483,2,2
6484,1,1
6485,1,3
6486,5,1
6487,3,1
6488,3,2
6489,4,1
6490,4,1
6491,5,1
6492,1,1
6493,5,1
6494,1,1
6495,1,1
6496,1,3
6497,4,1
6498,1,1
6499,1,1
6500,1,1
6501,1,1
6502,4,1
6503,1,1
6504,2,2
6505,4,1
6506,1,2
6507,5,1
6508,1,1
6509,1,1
6510,1,1
6511,1,1
6512,2,1
6513,1,1
6514,1,1
6515,1,1
6516,3,2
6517,1,1
6518,3,1
6519,1,1
6520,2,1
6521,2,2
6522,1,1
6523,1,1
6524,1,1
6525,1,1
6526,6,1
6527,5,1
6528,1,1
6529,1,1
6530,5,1
6531,3,1
6532,1,1
6533,2,2
6534,1,1
6535,1,1
6536,1,1
6537,4,1
6538,1,1
6539,2,1
6540,2,1
6541,1,1
6542,3,1
6543,1,1
6544,4,1
6545,5,1
6546,1,1
6547,3,1
6548,4,1
6549,3,1
6550,6,1
6551,6,1
6552,2,1
6553,2,2
6554,1,1
6555,4,1
6556,1,特払い
6557,2,2
6558,4,1
6559,2,1
6560,1,1
6561,1,1
6562,3,1
6563,2,1
6564,1,1
6565,1,1
6566,1,1
6567,3,1
6568,4,1
6569,1,1
6570,1,1
6571,2,1
6572,1,5
6573,2,1
6574,1,1
6575,1,1
6576,1,1
6577,3,1
6578,1,4
6579,1,1
6580,5,5
6581,2,1
6582,6,2
6583,1,1
6584,1,1
6585,1,1
6586,2,4
6587,5,3
6588,3,3
6589,1,4
6590,1,1
6591,1,2
6592,1,1
6593,1,1
6594,1,3
6595,2,2
6596,1,1
6597,5,1
6598,2,2
6599,1,1
6600,1,1
6601,2,1
6602,1,1
6603,1,1
6604,1,1
6605,6,1
6606,1,2
6607,1,3
6608,1,1
6609,1,1
6610,1,1
6611,1,1
6612,1,1
6613,2,1
6614,1,1
6615,2,1
6616,4,1
6617,1,1
6618,3,1
6619,1,1
6620,2,2
6621,1,1
6622,1,1
6623,2,1
6624,5,1
6625,4,1
6626,5,1
6627,1,1
6628,2,1
6629,2,1
6630,4,1
6631,1,1
6632,1,1
6633,2,1
6634,1,1
6635,5,1
6636,1,1
6637,2,1
6638,1,1
6639,1,1
6640,1,1
6641,1,1
6642,4,5
6643,4,1
6644,4,1
6645,3,1
6646,3,1
6647,1,1
6648,1,1
6649,4,1
6650,2,3
6651,6,6
6652,1,1
6653,1,1
6654,3,1
6655,1,1
6656,1,1
6657,4,1
6658,1,1
6659,1,3
6660,1,1
6661,4,1
6662,3,1
6663,2,2
6664,1,1
6665,1,1
6666,1,1
6667,1,1
6668,3,1
6669,1,1
6670,1,1
6671,2,4
6672,1,1
6673,1,1
6674,3,1
6675,4,1
6676,3,1
6677,2,2
6678,1,1
6679,6,1
6680,4,1
6681,6,1
6682,2,1
6683,5,1
6684,3,3
6685,1,2
6686,1,1
6687,1,1
6688,3,1
6689,4,1
6690,1,1
6691,1,1
6692,1,1
6693,1,1
6694,1,3
6695,1,1
6696,1,1
6697,6,1
6698,1,1
6699,6,2
6700,1,1
6701,1,1
6702,1,1
6703,3,1
6704,1,1
6705,1,1
6706,1,1
6707,4,1
6708,4,1
6709,1,1
6710,3,1
6711,5,1
6712,5,1
6713,3,1
6714,1,1
6715,2,1
6716,3,2
6717,1,1
6718,4,1
6719,4,4
6720,3,3
6721,1,1
6722,3,1
6723,1,1
6724,1,1
6725,1,1
6726,1,1
6727,3,1
6728,4,1
6729,4,1
6730,1,1
6731,1,1
6732,1,1
6733,1,1
6734,1,2
6735,3,1
6736,1,1
6737,1,1
6738,1,1
6739,3,1
6740,3,1
6741,1,1
6742,1,6
6743,1,1
6744,1,1
6745,1,1
6746,1,1
6747,2,1
6748,1,2
6749,1,1
6750,1,1
6751,3,1
6752,2,2
6753,1,1
6754,3,1
6755,1,1
6756,1,1
6757,1,1
6758,1,1
6759,1,1
6760,5,1
6761,1,3
6762,2,1
6763,4,1
6764,2,2
6765,4,1
6766,3,5
6767,1,1
6768,3,3
6769,4,1
6770,4,1
6771,2,1
6772,3,6
6773,4,4
6774,1,1
6775,2,1
6776,1,1
6777,5,3
6778,4,1
6779,1,1
6780,1,1
6781,1,1
6782,1,1
6783,1,1
6784,4,1
6785,5,1
6786,5,1
6787,2,1
6788,2,1
6789,1,1
6790,4,1
6791,1,1
6792,2,3
6793,1,1
6794,1,1
6795,3,1
6796,1,1
6797,1,1
6798,3,2
6799,1,1
6800,1,1
6801,3,1
6802,1,1
6803,2,1
6804,3,3
6805,3,1
6806,2,1
6807,2,特払い
6808,1,1
6809,1,1
6810,4,1
6811,1,1
6812,1,1
6813,2,1
6814,1,1
6815,1,1
6816,5,1
6817,1,1
6818,4,1
6819,1,1
6820,5,1
6821,1,2
6822,3,1
6823,1,4
6824,1,1
6825,1,1
6826,5,1
6827,3,1
6828,1,1
6829,3,1
6830,1,3
6831,1,1
6832,1,1
6833,1,1
6834,1,1
6835,4,3
6836,2,4
6837,2,1
6838,4,1
6839,1,1
6840,2,1
6841,1,1
6842,1,1
6843,1,1
6844,5,1
6845,1,1
6846,1,1
6847,3,2
6848,1,1
6849,3,1
6850,4,1
6851,1,1
6852,5,1
6853,2,1
6854,1,1
6855,3,1
6856,1,1
6857,3,5
6858,1,1
6859,2,1
6860,5,1
6861,3,1
6862,3,1
6863,4,1
6864,2,1
6865,1,1
6866,1,4
6867,2,1
6868,1,1
6869,2,2
6870,3,1
6871,4,1
6872,4,1
6873,1,1
6874,1,1
6875,1,3
6876,2,1
6877,3,1
6878,3,3
6879,2,1
6880,1,1
6881,1,1
6882,5,1
6883,6,2
6884,2,1
6885,5,1
6886,2,1
6887,1,1
6888,1,特払い
6889,2,1
6890,5,1
6891,1,1
6892,4,1
6893,3,1
6894,1,4
6895,1,1
6896,3,1
6897,1,1
6898,1,1
6899,1,1
6900,1,1
6901,1,1
6902,3,1
6903,1,1
6904,3,1
6905,1,1
6906,1,2
6907,1,1
6908,4,1
6909,1,1
6910,1,2
6911,3,1
6912,2,1
6913,1,1
6914,5,1
6915,6,1
6916,1,1
6917,2,1
6918,1,1
6919,4,1
6920,1,1
6921,1,1
6922,1,1
6923,1,1
6924,1,1
6925,4,1
6926,1,1
6927,4,1
6928,1,1
6929,1,1
6930,1,1
6931,1,1
6932,1,2
6933,1,1
6934,4,1
6935,5,1
6936,1,1
6937,1,1
6938,2,1
6939,2,1
6940,3,1
6941,1,1
6942,3,1
6943,1,1
6944,1,1
6945,4,4
6946,6,1
6947,2,4
6948,3,1
6949,1,1
6950,1,1
6951,1,1
6952,5,1
6953,1,1
6954,6,1
6955,1,1
6956,2,1
6957,1,1
6958,1,1
6959,3,1
6960,1,1
6961,1,1
6962,3,1
6963,1,1
6964,2,1
6965,1,2
6966,1,1
6967,2,2
6968,1,1
6969,1,1
6970,1,1
6971,1,1
6972,5,1
6973,1,1
6974,3,1
6975,4,1
6976,1,1
6977,1,1
6978,1,1
6979,3,1
6980,1,2
6981,4,4
6982,3,1
6983,6,1
6984,1,1
6985,2,1
6986,1,1
6987,1,1
6988,6,1
6989,1,2
6990,4,1
6991,3,1
6992,1,6
6993,1,2
6994,1,1
6995,1,1
6996,1,1
6997,6,1
6998,3,1
6999,1,1
7000,1,1
7001,4,1
7002,4,1
7003,1,1
7004,1,3
7005,1,1
7006,1,1
7007,4,1
7008,1,1
7009,4,1
7010,2,1
7011,4,1
7012,5,1
7013,1,1
7014,5,1
7015,4,1
7016,3,1
7017,2,1
7018,1,1
7019,3,1
7020,3,1
7021,1,4
7022,1,2
7023,1,1
7024,3,1
7025,1,1
7026,2,1
7027,1,4
7028,5,1
7029,1,1
7030,4,1
7031,2,1
7032,1,1
7033,1,1
7034,1,1
7035,3,1
7036,4,1
7037,1,1
7038,1,1
7039,3,2
7040,1,1
7041,5,1
7042,1,1
7043,1,1
7044,1,3
7045,1,1
7046,1,1
7047,5,1
7048,4,1
7049,1,1
7050,1,1
7051,4,1
7052,1,1
7053,1,1
7054,4,1
7055,1,1
7056,1,1
7057,4,1
7058,1,1
7059,1,1
7060,2,1
7061,1,1
7062,3,1
7063,1,1
7064,3,1
7065,3,3
7066,1,1
7067,1,1
7068,4,2
7069,1,1
7070,1,1
7071,2,1
7072,3,4
7073,1,1
7074,1,1
7075,5,1
7076,1,1
7077,1,1
7078,1,1
7079,4,1
7080,1,1
7081,1,1
7082,2,3
7083,2,1
7084,4,1
7085,1,2
7086,3,1
7087,1,1
7088,1,1
7089,4,1
7090,1,1
7091,1,1
7092,2,1
7093,4,1
7094,1,1
7095,1,2
7096,4,1
7097,3,1
7098,1,特払い
7099,3,3
7100,4,1
7101,2,1
7102,1,2
7103,4,1
7104,3,1
7105,4,1
7106,6,1
7107,2,2
7108,1,1
7109,4,1
7110,4,1
7111,2,2
7112,1,1
7113,1,1
7114,1,1
7115,2,1
7116,3,1
7117,1,1
7118,2,1
7119,1,1
7120,5,1
7121,1,1
7122,6,1
7123,1,4
7124,1,1
7125,3,3
7126,3,1
7127,1,1
7128,1,1
7129,2,3
7130,1,1
7131,4,1
7132,1,1
7133,2,1
7134,1,1
7135,2,2
7136,3,3
7137,1,1
7138,2,1
7139,1,1
7140,1,1
7141,2,1
7142,5,1
7143,2,1
7144,4,1
7145,1,1
7146,6,1
7147,4,1
7148,4,1
7149,3,2
7150,1,1
7151,4,1
7152,1,1
7153,1,1
7154,1,1
7155,1,特払い
7156,1,1
7157,4,1
7158,1,1
7159,2,1
7160,5,1
7161,1,1
7162,1,1
7163,3,1
7164,1,1
7165,1,1
7166,2,2
7167,1,1
7168,1,1
7169,1,1
7170,5,1
7171,1,1
7172,1,1
7173,1,1
7174,1,1
7175,3,1
7176,2,1
7177,6,1
7178,3,1
7179,1,1
7180,2,1
7181,1,1
7182,2,1
7183,2,2
7184,1,1
7185,1,1
7186,2,1
7187,2,1
7188,1,2
7189,1,1
7190,1,2
7191,2,2
7192,1,1
7193,1,1
7194,4,1
7195,3,1
7196,1,1
7197,6,2
7198,1,4
7199,1,1
7200,2,3
7201,1,1
7202,1,1
7203,2,1
7204,2,4
7205,2,4
7206,1,1
7207,3,3
7208,1,1
7209,1,1
7210,1,1
7211,4,1
7212,6,3
7213,2,1
7214,3,1
7215,3,1
7216,1,1
7217,1,1
7218,4,1
7219,2,2
7220,2,1
7221,1,特払い
7222,4,3
7223,1,1
7224,1,1
7225,1,1
7226,1,1
7227,3,4
7228,2,2
7229,5,1
7230,2,1
7231,1,1
7232,1,1
7233,2,1
7234,6,1
7235,1,1
7236,2,1
7237,6,1
7238,4,1
7239,1,1
7240,1,1
7241,1,1
7242,1,1
7243,2,1
7244,2,1
7245,4,1
7246,1,1
7247,3,4
7248,4,1
7249,1,3
7250,4,1
7251,1,1
7252,2,1
7253,2,2
7254,1,3
7255,1,1
7256,1,1
7257,1,1
7258,1,特払い
7259,5,1
7260,1,1
7261,1,1
7262,1,1
7263,1,1
7264,1,1
7265,3,4
7266,4,1
7267,1,1
7268,4,1
7269,4,1
7270,4,1
7271,1,1
7272,1,1
7273,1,1
7274,4,1
7275,3,1
7276,4,1
7277,1,1
7278,1,1
7279,1,1
7280,4,2
7281,1,1
7282,1,1
7283,1,1
7284,1,1
7285,1,1
7286,2,5
7287,3,3
7288,1,1
7289,1,1
7290,1,1
7291,1,1
7292,1,1
7293,6,1
7294,1,4
7295,1,1
7296,1,1
7297,1,1
7298,2,1
7299,1,1
7300,1,1
7301,4,1
7302,1,2
7303,1,1
7304,3,1
7305,1,1
7306,1,1
7307,4,1
7308,1,1
7309,1,1
7310,4,特払い
7311,3,1
7312,1,1
7313,1,1
7314,1,1
7315,2,1
7316,1,3
7317,2,1
7318,2,2
7319,1,1
7320,6,1
7321,1,1
7322,1,1
7323,4,4
7324,1,1
7325,5,1
7326,2,1
7327,2,1
7328,3,1
7329,1,1
7330,3,1
7331,4,3
7332,2,1
7333,1,1
7334,1,1
7335,3,1
7336,1,1
7337,1,1
7338,1,1
7339,4,1
7340,2,2
7341,2,3
7342,1,1
7343,3,1
7344,1,1
7345,6,1
7346,3,3
7347,1,1
7348,4,1
7349,1,1
7350,1,1
7351,1,1
7352,1,1
7353,1,1
7354,1,1
7355,2,1
7356,1,1
7357,1,1
7358,1,1
7359,2,1
7360,3,1
7361,1,1
7362,2,1
7363,1,1
7364,1,1
7365,4,1
7366,3,4
7367,3,1
7368,1,1
7369,3,特払い
7370,1,1
7371,4,4
7372,1,1
7373,1,1
7374,1,1
7375,1,1
7376,1,1
7377,6,6
7378,3,2
7379,2,1
7380,1,1
7381,1,1
7382,3,1
7383,4,1
7384,3,1
7385,1,1
7386,4,1
7387,1,1
7388,1,1
7389,1,1
7390,5,1
7391,1,1
7392,1,1
7393,1,1
7394,1,1
7395,1,1
7396,2,1
7397,3,1
7398,6,1
7399,1,1
7400,1,1
7401,4,1
7402,2,1
7403,1,1
7404,1,1
7405,1,1
7406,1,1
7407,1,1
7408,3,3
7409,1,1
7410,1,1
7411,2,1
7412,2,1
7413,1,1
7414,1,1
7415,4,3
7416,3,1
7417,1,1
7418,4,1
7419,1,1
7420,3,2
7421,6,1
7422,1,1
7423,1,1
7424,4,4
7425,1,1
7426,2,6
7427,1,3
7428,1,1
7429,5,1
7430,1,1
7431,1,1
7432,3,2
7433,3,1
7434,1,1
7435,1,1
7436,1,1
7437,1,1
7438,1,1
7439,1,1
7440,1,1
7441,1,1
7442,1,1
7443,1,1
7444,3,1
7445,3,3
7446,2,1
7447,1,3
7448,1,1
7449,1,1
7450,1,1
7451,3,1
7452,6,1
7453,1,1
7454,1,1
7455,1,1
7456,1,2
7457,3,1
7458,1,1
7459,3,1
7460,1,2
7461,1,1
7462,6,2
7463,1,1
7464,1,1
7465,1,1
7466,1,1
7467,1,1
7468,1,1
7469,1,1
7470,1,1
7471,2,1
7472,1,1
7473,1,1
7474,2,1
7475,1,1
7476,1,1
7477,2,1
7478,4,1
7479,5,1
7480,1,1
7481,1,1
7482,2,1
7483,1,1
7484,2,2
7485,2,2
7486,1,1
7487,4,1
7488,1,1
7489,2,1
7490,5,1
7491,1,4
7492,2,1
7493,1,4
7494,2,1
7495,1,1
7496,3,1
7497,1,1
7498,1,1
7499,1,1
7500,1,1
7501,1,特払い
7502,1,1
7503,2,1
7504,3,3
7505,3,1
7506,1,2
7507,2,1
7508,2,1
7509,5,1
7510,1,1
7511,1,1
7512,1,1
7513,2,2
7514,1,1
7515,1,1
7516,4,1
7517,1,1
7518,1,1
7519,6,6
7520,3,4
7521,1,2
7522,1,1
7523,1,1
7524,1,1
7525,1,1
7526,1,1
7527,6,2
7528,3,1
7529,3,1
7530,1,1
7531,1,1
7532,2,1
7533,1,1
7534,1,1
7535,1,1
7536,1,4
7537,1,1
7538,1,1
7539,3,1
7540,3,2
7541,1,1
7542,1,1
7543,1,1
7544,5,1
7545,1,特払い
7546,2,4
7547,1,5
7548,3,4
7549,4,3
7550,2,1
7551,1,1
7552,1,1
7553,1,1
7554,1,1
7555,1,5
7556,3,1
7557,1,1
7558,2,2
7559,4,1
7560,1,1
7561,3,1
7562,2,1
7563,1,1
7564,1,1
7565,1,1
7566,1,1
7567,1,1
7568,2,1
7569,3,1
7570,1,1
7571,4,4
7572,1,1
7573,1,1
7574,3,4
7575,1,1
7576,1,1
7577,4,1
7578,2,2
7579,2,2
7580,1,2
7581,3,1
7582,2,1
7583,2,1
7584,1,1
7585,1,1
7586,6,1
7587,1,1
7588,2,2
7589,1,1
7590,1,1
7591,1,2
7592,1,1
7593,5,1
7594,1,1
7595,6,1
7596,3,1
7597,1,1
7598,1,1
7599,3,1
7600,1,2
7601,1,1
7602,1,4
7603,5,1
7604,4,1
7605,3,1
7606,4,1
7607,6,3
7608,3,1
7609,1,1
7610,1,1
7611,1,1
7612,5,1
7613,1,1
7614,1,1
7615,5,1
7616,2,1
7617,1,1
7618,1,1
7619,1,1
7620,3,1
7621,2,1
7622,2,1
7623,1,1
7624,1,1
7625,1,1
7626,1,1
7627,3,1
7628,1,1
7629,6,1
7630,2,1
7631,1,1
7632,3,1
7633,1,1
7634,1,1
7635,3,3
7636,4,1
7637,4,1
7638,5,1
7639,3,1
7640,3,1
7641,3,4
7642,1,1
7643,1,1
7644,1,1
7645,1,1
7646,3,1
7647,3,1
7648,4,1
7649,3,1
7650,1,1
7651,1,1
7652,5,2
7653,1,1
7654,2,2
7655,1,1
7656,1,1
7657,1,1
7658,1,1
7659,1,1
7660,1,1
7661,1,2
7662,4,1
7663,1,1
7664,2,1
7665,1,2
7666,1,1
7667,1,1
7668,1,1
7669,2,1
7670,1,1
7671,5,1
7672,1,1
7673,5,1
7674,4,4
7675,2,1
7676,1,1
7677,6,1
7678,2,1
7679,5,1
7680,3,1
7681,3,1
7682,1,1
7683,1,1
7684,1,1
7685,1,1
7686,1,1
7687,1,1
7688,2,2
7689,1,1
7690,1,1
7691,2,1
7692,1,1
7693,5,1
7694,1,1
7695,1,1
7696,5,4
7697,1,1
7698,6,2
7699,1,1
7700,1,1
7701,1,1
7702,1,1
7703,1,1
7704,1,1
7705,1,4
7706,5,1
7707,1,1
7708,1,1
7709,1,1
7710,1,1
7711,1,1
7712,1,1
7713,4,1
7714,1,1
7715,3,1
7716,1,1
7717,4,1
7718,1,1
7719,3,1
7720,1,1
7721,2,5
7722,4,2
7723,1,1
7724,4,1
7725,4,1
7726,1,1
7727,1,1
7728,4,1
7729,2,1
7730,1,1
7731,4,1
7732,2,1
7733,1,1
7734,1,1
7735,1,2
7736,1,1
7737,4,1
7738,1,1
7739,1,1
7740,1,1
7741,3,1
7742,4,1
7743,6,1
7744,1,1
7745,2,1
7746,1,1
7747,1,1
7748,2,1
7749,1,1
7750,2,1
7751,2,1
7752,4,1
7753,4,1
7754,1,1
7755,1,1
7756,1,1
7757,3,1
7758,3,1
7759,1,1
7760,4,1
7761,1,1
7762,2,6
7763,1,1
7764,1,1
7765,1,1
7766,1,1
7767,1,1
7768,4,1
7769,1,4
7770,3,1
7771,5,1
7772,1,1
7773,1,1
7774,3,1
7775,1,1
7776,1,1
7777,2,1
7778,1,1
7779,1,1
7780,6,1
7781,1,1
7782,5,1
7783,1,1
7784,1,1
7785,1,1
7786,1,1
7787,1,1
7788,1,1
7789,4,4
7790,2,1
7791,1,1
7792,1,1
7793,4,1
7794,3,1
7795,1,3
7796,1,1
7797,4,1
7798,1,1
7799,1,1
7800,4,1
7801,1,1
7802,1,1
7803,1,4
7804,1,1
7805,4,1
7806,6,1
7807,1,1
7808,1,1
7809,6,6
7810,1,1
7811,4,1
7812,1,1
7813,1,1
7814,1,1
7815,5,1
7816,2,1
7817,1,1
7818,4,1
7819,1,1
7820,1,1
7821,3,1
7822,1,1
7823,5,1
7824,1,1
7825,5,1
7826,1,特払い
7827,4,1
7828,2,1
7829,2,1
7830,3,1
7831,5,1
7832,1,1
7833,6,1
7834,3,3
7835,2,2
7836,4,1
7837,1,1
7838,1,1
7839,1,1
7840,3,1
7841,2,1
7842,3,1
7843,1,1
7844,3,2
7845,5,1
7846,1,3
7847,2,1
7848,1,1
7849,1,1
7850,2,1
7851,1,1
7852,1,1
7853,5,1
7854,1,1
7855,6,2
7856,1,1
7857,1,1
7858,1,1
7859,3,1
7860,1,1
7861,3,1
7862,1,1
7863,6,1
7864,5,3
7865,5,1
7866,1,1
7867,3,1
7868,6,2
7869,4,1
7870,1,2
7871,6,1
7872,1,1
7873,1,1
7874,5,1
7875,2,1
7876,5,1
7877,5,1
7878,1,1
7879,2,2
7880,6,4
7881,2,2
7882,1,1
7883,2,1
7884,5,1
7885,1,1
7886,1,1
7887,2,3
7888,1,1
7889,1,1
7890,1,2
7891,1,3
7892,1,1
7893,1,1
7894,1,1
7895,1,1
7896,1,1
7897,1,1
7898,1,4
7899,1,1
7900,6,6
7901,1,1
7902,1,1
7903,1,1
7904,1,3
7905,1,1
7906,2,1
7907,1,1
7908,1,1
7909,1,1
7910,6,2
7911,3,2
7912,2,1
7913,1,1
7914,1,1
7915,6,1
7916,3,3
7917,4,1
7918,1,1
7919,1,1
7920,5,1
7921,1,1
7922,1,1
7923,5,1
7924,6,6
7925,2,1
7926,2,1
7927,1,3
7928,3,1
7929,3,1
7930,1,1
7931,1,1
7932,2,2
7933,6,1
7934,5,1
7935,1,1
7936,3,1
7937,1,1
7938,5,1
7939,1,1
7940,1,1
7941,3,4
7942,1,1
7943,6,3
7944,1,4
7945,1,1
7946,2,2
7947,1,特払い
7948,1,1
7949,2,2
7950,1,1
7951,5,6
7952,1,4
7953,1,1
7954,2,1
7955,1,1
7956,5,3
7957,1,1
7958,1,1
7959,2,1
7960,1,1
7961,3,2
7962,1,5
7963,5,1
7964,1,1
7965,1,1
7966,2,1
7967,2,4
7968,2,2
7969,1,3
7970,1,1
7971,4,1
7972,1,1
7973,1,1
7974,4,1
7975,1,1
7976,1,1
7977,1,1
7978,2,1
7979,2,1
7980,2,1
7981,1,1
7982,1,1
7983,1,1
7984,2,1
7985,2,1
7986,1,1
7987,3,1
7988,2,2
7989,2,1
7990,2,1
7991,1,1
7992,3,1
7993,4,1
7994,2,1
7995,6,2
7996,1,1
7997,2,3
7998,5,1
7999,1,1
8000,5,1
8001,2,2
8002,2,2
8003,1,1
8004,3,1
8005,1,1
8006,1,1
8007,4,2
8008,1,1
8009,1,1
8010,1,1
8011,2,1
8012,1,1
8013,1,1
8014,1,1
8015,1,1
8016,1,1
8017,4,1
8018,4,1
8019,4,6
8020,1,2
8021,1,1
8022,1,1
8023,1,1
8024,1,1
8025,1,1
8026,3,1
8027,5,3
8028,2,1
8029,1,1
8030,3,1
8031,3,2
8032,4,1
8033,4,1
8034,1,1
8035,1,4
8036,5,1
8037,5,1
8038,2,1
8039,1,1
8040,6,5
8041,1,1
8042,2,1
8043,5,1
8044,1,1
8045,4,1
8046,3,1
8047,1,1
8048,3,1
8049,2,1
8050,4,2
8051,2,6
8052,2,1
8053,3,1
8054,1,1
8055,3,1
8056,1,1
8057,1,1
8058,3,2
8059,1,1
8060,4,1
8061,2,1
8062,1,1
8063,1,1
8064,4,1
8065,1,1
8066,1,1
8067,1,1
8068,2,1
8069,2,1
8070,1,1
8071,1,2
8072,1,1
8073,2,1
8074,1,1
8075,1,1
8076,4,1
8077,2,2
8078,1,1
8079,1,4
8080,3,6
8081,1,1
8082,2,2
8083,1,1
8084,3,1
8085,1,1
8086,1,1
8087,1,1
8088,6,1
8089,1,1
8090,6,1
8091,1,1
8092,1,1
8093,1,1
8094,4,3
8095,2,1
8096,3,3
8097,1,1
8098,1,1
8099,3,1
8100,1,1
8101,1,1
8102,1,1
8103,1,1
8104,6,6
8105,6,6
8106,3,1
8107,3,3
8108,3,1
8109,4,1
8110,2,1
8111,1,1
8112,4,1
8113,5,5
8114,1,1
8115,1,1
8116,2,1
8117,2,1
8118,4,1
8119,1,1
8120,4,1
8121,4,1
8122,2,3
8123,1,1
8124,6,1
8125,5,1
8126,1,1
8127,1,1
8128,1,1
8129,1,1
8130,3,1
8131,3,1
8132,2,4
8133,4,1
8134,1,1
8135,4,1
8136,1,1
8137,2,2
8138,2,1
8139,4,3
8140,2,2
8141,1,1
8142,1,1
8143,1,1
8144,1,2
8145,1,1
8146,3,1
8147,3,1
8148,3,1
8149,5,2
8150,1,1
8151,1,1
8152,4,1
8153,4,1
8154,4,4
8155,1,1
8156,1,1
8157,1,1
8158,1,1
8159,1,1
8160,1,1
8161,1,2
8162,4,1
8163,4,1
8164,2,1
8165,3,1
8166,1,1
8167,1,1
8168,1,2
8169,6,1
8170,1,1
8171,1,1
8172,1,1
8173,1,1
8174,1,1
8175,1,1
8176,1,1
8177,1,1
8178,1,1
8179,2,2
8180,2,2
8181,1,1
8182,2,1
8183,1,2
8184,2,2
8185,5,1
8186,1,1
8187,5,3
8188,1,1
8189,2,1
8190,4,1
8191,3,3
8192,3,1
8193,4,1
8194,1,1
8195,3,1
8196,2,2
8197,4,2
8198,1,1
8199,1,1
8200,4,1
8201,2,1
8202,5,3
8203,1,1
8204,2,1
8205,1,6
8206,1,1
8207,2,1
8208,6,1
8209,1,1
8210,1,1
8211,1,1
8212,5,1
8213,1,1
8214,1,1
8215,2,2
8216,3,1
8217,2,1
8218,2,1
8219,3,1
8220,1,1
8221,1,1
8222,1,1
8223,1,1
8224,1,1
8225,1,1
8226,1,1
8227,3,1
8228,1,3
8229,1,1
8230,4,1
8231,1,1
8232,3,3
8233,1,1
8234,3,1
8235,4,1
8236,2,3
8237,1,1
8238,3,3
8239,1,1
8240,1,4
8241,1,1
8242,6,1
8243,1,1
8244,5,1
8245,4,3
8246,3,4
8247,1,1
8248,5,1
8249,1,1
8250,2,1
8251,1,1
8252,1,2
8253,1,3
8254,1,1
8255,2,1
8256,3,1
8257,2,1
8258,2,1
8259,1,1
8260,2,2
8261,4,1
8262,1,1
8263,2,1
8264,1,1
8265,1,1
8266,1,1
8267,1,1
8268,5,1
8269,1,1
8270,1,1
8271,1,1
8272,1,1
8273,1,2
8274,4,1
8275,1,1
8276,1,1
8277,1,1
8278,2,2
8279,3,1
8280,1,1
8281,1,1
8282,1,1
8283,1,1
8284,2,1
8285,2,2
8286,1,1
8287,4,1
8288,5,1
8289,1,4
8290,2,1
8291,1,1
8292,1,1
8293,2,1
8294,1,1
8295,3,1
8296,4,1
8297,4,1
8298,3,1
8299,1,1
8300,1,1
8301,1,2
8302,4,1
8303,1,1
8304,3,1
8305,1,1
8306,2,1
8307,1,1
8308,3,3
8309,1,1
8310,3,1
8311,1,1
8312,3,1
8313,5,特払い
8314,3,1
8315,1,1
8316,1,1
8317,2,1
8318,1,1
8319,3,1
8320,1,1
8321,1,1
8322,1,1
8323,5,1
8324,1,1
8325,3,2
8326,1,1
8327,5,2
8328,1,1
8329,1,1
8330,6,1
8331,1,1
8332,3,2
8333,1,1
8334,1,1
8335,1,1
8336,1,1
8337,2,6
8338,2,3
8339,1,特払い
8340,5,2
8341,1,1
8342,4,1
8343,4,1
8344,2,1
8345,1,1
8346,1,1
8347,3,2
8348,5,1
8349,1,1
8350,4,1
8351,1,1
8352,1,1
8353,3,1
8354,1,特払い
8355,2,1
8356,1,1
8357,4,1
8358,1,1
8359,2,1
8360,1,1
8361,6,1
8362,2,1
8363,1,1
8364,3,1
8365,3,3
8366,1,1
8367,4,1
8368,1,1
8369,4,1
8370,1,1
8371,2,特払い
8372,5,1
8373,2,1
8374,1,1
8375,1,1
8376,3,1
8377,2,1
8378,1,1
8379,5,1
8380,1,1
8381,1,1
8382,1,1
8383,4,1
8384,4,2
8385,1,1
8386,1,1
8387,1,1
8388,4,1
8389,5,1
8390,6,1
8391,1,1
8392,1,1
8393,4,1
8394,2,1
8395,4,1
8396,3,2
8397,2,1
8398,1,1
8399,1,1
8400,1,1
8401,1,1
8402,1,1
8403,1,1
8404,4,1
8405,1,1
8406,1,1
8407,2,1
8408,3,1
8409,2,2
8410,1,1
8411,1,1
8412,1,1
8413,1,1
8414,6,1
8415,1,1
8416,1,1
8417,2,4
8418,4,1
8419,4,4
8420,4,1
8421,2,1
8422,1,1
8423,3,4
8424,4,5
8425,1,1
8426,1,1
8427,1,1
8428,1,1
8429,1,1
8430,1,1
8431,3,1
8432,4,1
8433,5,1
8434,2,1
8435,2,1
8436,2,1
8437,2,1
8438,1,1
8439,5,1
8440,1,2
8441,2,1
8442,3,1
8443,1,1
8444,1,2
8445,1,1
8446,1,1
8447,1,1
8448,1,1
8449,1,1
8450,1,1
8451,3,特払い
8452,1,1
8453,3,1
8454,4,1
8455,2,1
8456,1,1
8457,1,1
8458,1,2
8459,1,1
8460,4,1
8461,1,4
8462,1,1
8463,1,1
8464,3,3
8465,6,1
8466,1,1
8467,4,1
8468,6,6
8469,1,1
8470,1,1
8471,1,1
8472,1,1
8473,4,1
8474,5,1
8475,1,1
8476,4,1
8477,2,2
8478,4,1
8479,1,1
8480,1,1
8481,1,1
8482,1,1
8483,1,1
8484,1,1
8485,4,1
8486,1,1
8487,1,1
8488,1,1
8489,1,1
8490,1,1
8491,1,1
8492,2,1
8493,1,1
8494,3,1
8495,3,1
8496,1,1
8497,1,1
8498,2,2
8499,1,1
8500,1,1
8501,1,1
8502,5,1
8503,2,1
8504,5,5
8505,5,1
8506,1,1
8507,4,1
8508,3,1
8509,1,1
8510,3,1
8511,1,1
8512,1,2
8513,1,1
8514,2,3
8515,1,1
8516,2,1
8517,3,1
8518,3,1
8519,4,1
8520,1,1
8521,1,1
8522,1,1
8523,1,1
8524,4,1
8525,2,1
8526,2,1
8527,2,1
8528,3,1
8529,2,2
8530,4,4
8531,1,1
8532,4,1
8533,1,1
8534,1,1
8535,4,1
8536,1,1
8537,1,1
8538,4,2
8539,4,1
8540,3,1
8541,3,1
8542,1,1
8543,特払い,1
8544,3,1
8545,1,1
8546,1,1
8547,2,3
8548,1,1
8549,1,1
8550,1,1
8551,4,3
8552,4,1
8553,3,1
8554,1,2
8555,1,1
8556,4,1
8557,1,1
8558,1,1
8559,4,2
8560,1,1
8561,1,2
8562,5,1
8563,2,1
8564,1,1
8565,1,1
8566,1,1
8567,1,1
8568,1,1
8569,2,2
8570,4,1
8571,1,1
8572,1,1
8573,4,1
8574,5,1
8575,1,3
8576,1,1
8577,1,1
8578,1,1
8579,1,1
8580,1,2
8581,5,1
8582,1,1
8583,1,1
8584,4,1
8585,3,1
8586,2,1
8587,2,2
8588,1,1
8589,1,1
8590,5,1
8591,2,1
8592,1,1
8593,3,1
8594,1,1
8595,2,1
8596,1,1
8597,2,1
8598,1,1
8599,4,1
8600,1,2
8601,1,1
8602,1,1
8603,6,1
8604,2,2
8605,6,1
8606,1,1
8607,1,1
8608,3,1
8609,4,1
8610,2,1
8611,1,1
8612,1,1
8613,1,1
8614,1,1
8615,2,6
8616,1,1
8617,1,1
8618,1,1
8619,2,1
8620,5,1
8621,1,1
8622,1,1
8623,2,1
8624,2,2
8625,1,1
8626,2,1
8627,1,1
8628,3,1
8629,1,1
8630,1,1
8631,3,1
8632,1,1
8633,1,1
8634,3,1
8635,2,2
8636,3,1
8637,4,1
8638,1,1
8639,1,1
8640,1,1
8641,1,1
8642,1,1
8643,1,1
8644,1,特払い
8645,1,1
8646,2,1
8647,1,1
8648,1,1
8649,1,1
8650,1,1
8651,3,1
8652,1,1
8653,1,1
8654,1,1
8655,4,5
8656,1,1
8657,1,1
8658,1,1
8659,1,1
8660,2,2
8661,1,1
8662,1,1
8663,1,1
8664,1,1
8665,1,1
8666,4,1
8667,3,3
8668,1,1
8669,2,1
8670,1,1
8671,1,1
8672,4,1
8673,1,1
8674,1,1
8675,1,1
8676,1,1
8677,1,特払い
8678,1,1
8679,5,1
8680,3,3
8681,5,1
8682,6,1
8683,2,1
8684,3,1
8685,3,6
8686,1,1
8687,1,1
8688,4,1
8689,1,1
8690,1,1
8691,2,2
8692,1,1
8693,6,1
8694,1,1
8695,1,1
8696,1,1
8697,2,1
8698,3,1
8699,1,1
8700,1,1
8701,1,1
8702,1,1
8703,1,1
8704,2,1
8705,1,1
8706,2,3
8707,2,1
8708,1,1
8709,3,1
8710,1,1
8711,4,1
8712,特払い,1
8713,4,1
8714,4,1
8715,2,1
8716,1,1
8717,1,特払い
8718,4,1
8719,1,1
8720,4,1
8721,1,1
8722,2,1
8723,1,1
8724,1,1
8725,1,1
8726,1,1
8727,4,1
8728,3,1
8729,1,1
8730,4,1
8731,特払い,1
8732,4,1
8733,1,1
8734,1,2
8735,2,2
8736,5,1
8737,3,1
8738,1,3
8739,1,1
8740,1,1
8741,1,1
8742,4,4
8743,1,1
8744,2,1
8745,1,1
8746,1,1
8747,1,1
8748,4,1
8749,1,1
8750,3,1
8751,1,1
8752,2,2
8753,1,1
8754,4,2
8755,4,1
8756,1,1
8757,2,1
8758,1,1
8759,2,5
8760,2,1
8761,3,1
8762,1,1
8763,1,1
8764,1,1
8765,1,1
8766,1,1
8767,5,1
8768,1,1
8769,3,2
8770,4,1
8771,1,1
8772,1,2
8773,2,1
8774,1,1
8775,1,2
8776,6,1
8777,1,1
8778,1,1
8779,2,1
8780,3,1
8781,1,4
8782,4,1
8783,5,1
8784,3,2
8785,3,1
8786,1,1
8787,1,1
8788,1,1
8789,1,1
8790,1,1
8791,4,1
8792,1,1
8793,3,1
8794,1,1
8795,1,1
8796,4,1
8797,3,1
8798,2,2
8799,1,1
8800,1,5
8801,1,1
8802,1,1
8803,3,1
8804,1,1
8805,6,1
8806,1,1
8807,5,1
8808,1,1
8809,2,2
8810,1,1
8811,1,1
8812,5,3
8813,1,1
8814,1,1
8815,1,1
8816,3,1
8817,1,1
8818,2,1
8819,1,1
8820,2,1
8821,1,1
8822,1,1
8823,2,2
8824,1,1
8825,1,4
8826,4,1
8827,4,1
8828,1,1
8829,4,1
8830,4,1
8831,1,1
8832,2,1
8833,1,1
8834,1,1
8835,1,1
8836,1,1
8837,5,1
8838,1,1
8839,5,2
8840,1,1
8841,1,1
8842,2,1
8843,1,1
8844,2,2
8845,1,2
8846,2,1
8847,3,1
8848,1,1
8849,1,6
8850,1,1
8851,1,1
8852,1,1
8853,1,1
8854,1,1
8855,2,1
8856,1,1
8857,4,1
8858,3,1
8859,1,1
8860,1,特払い
8861,2,1
8862,1,1
8863,4,4
8864,3,1
8865,1,1
8866,3,1
8867,1,1
8868,2,2
8869,2,2
8870,1,1
8871,1,1
8872,1,1
8873,1,1
8874,1,1
8875,1,1
8876,3,1
8877,3,1
8878,1,1
8879,1,1
8880,4,1
8881,1,1
8882,1,1
8883,5,1
8884,1,1
8885,1,2
8886,1,1
8887,3,2
8888,4,1
8889,3,1
8890,1,1
8891,3,1
8892,1,1
8893,2,1
8894,1,1
8895,1,1
8896,1,1
8897,1,1
8898,1,1
8899,2,2
8900,1,2
8901,4,1
8902,1,1
8903,2,1
8904,1,1
8905,1,4
8906,2,2
8907,1,1
8908,1,1
8909,1,1
8910,4,1
8911,1,1
8912,1,1
8913,1,1
8914,1,3
8915,1,1
8916,2,1
8917,2,4
8918,3,1
8919,1,1
8920,1,1
8921,1,1
8922,3,2
8923,3,3
8924,1,1
8925,1,1
8926,1,4
8927,1,1
8928,2,1
8929,1,1
8930,1,1
8931,1,3
8932,4,3
8933,1,1
8934,1,1
8935,2,2
8936,1,1
8937,1,1
8938,1,1
8939,1,1
8940,2,1
8941,1,1
8942,1,1
8943,1,1
8944,1,1
8945,1,1
8946,1,1
8947,4,1
8948,1,1
8949,4,1
8950,2,1
8951,3,6
8952,1,1
8953,5,1
8954,3,1
8955,1,1
8956,3,1
8957,1,1
8958,4,1
8959,4,1
