,title,day,date,place_cd,place,race_no,race_type,distance,deadline,toban_1,toban_2,toban_3,toban_4,toban_5,toban_6,name_1,name_2,name_3,name_4,name_5,name_6,area_1,area_2,area_3,area_4,area_5,area_6,class_1,class_2,class_3,class_4,class_5,class_6,age_1,age_2,age_3,age_4,age_5,age_6,weight_1,weight_2,weight_3,weight_4,weight_5,weight_6,glob_win_1,glob_win_2,glob_win_3,glob_win_4,glob_win_5,glob_win_6,glob_in2_1,glob_in2_2,glob_in2_3,glob_in2_4,glob_in2_5,glob_in2_6,loc_win_1,loc_win_2,loc_win_3,loc_win_4,loc_win_5,loc_win_6,loc_in2_1,loc_in2_2,loc_in2_3,loc_in2_4,loc_in2_5,loc_in2_6,moter_no_1,moter_no_2,moter_no_3,moter_no_4,moter_no_5,moter_no_6,moter_in2_1,moter_in2_2,moter_in2_3,moter_in2_4,moter_in2_5,moter_in2_6,boat_no_1,boat_no_2,boat_no_3,boat_no_4,boat_no_5,boat_no_6,boat_in2_1,boat_in2_2,boat_in2_3,boat_in2_4,boat_in2_5,boat_in2_6
0,ヴィーナスシリーズマンスリーBOATRACE杯,5,2021-08-29,21,芦屋,1,一般,1800,08:53,4289,4923,4764,5088,5164,5153,落合直子,末武里奈,小池礼乃,高憧四季,森田梨湖,佐藤ほの,大阪,山口,福岡,大阪,福岡,東京,A2,B2,B1,B1,B2,B2,36,29,31,21,21,25,45,48,46,46,48,46,5.58,2.74,4.45,4.35,1.11,1.41,38.98,11.11,24.00,25.00,0.00,0.00,5.11,2.00,4.52,2.56,1.00,0.00,31.58,0.00,22.22,0.00,0.00,0.00,64,47,33,16,11,18,25.81,25.86,37.25,28.85,22.81,25.45,11,75,60,50,25,45,35.44,39.77,25.33,25.56,46.43,38.82
1,ヴィーナスシリーズマンスリーBOATRACE杯,5,2021-08-29,21,芦屋,2,一般,1800,09:22,4183,4791,4874,3900,5117,5165,宇野弥生,黒澤めぐ,池田奈津,香川素子,冨名腰桃,小林愛実,愛知,東京,福岡,滋賀,福岡,岡山,A1,B1,B1,A2,B1,B2,35,31,27,44,21,21,47,48,49,47,43,46,6.71,5.25,4.65,6.28,2.56,1.52,54.68,22.08,20.51,44.44,4.12,0.00,6.94,0.00,3.53,7.09,1.39,0.00,58.33,0.00,6.67,56.36,0.00,0.00,23,48,61,40,10,15,26.92,26.00,14.04,24.00,45.10,30.36,37,33,28,67,64,20,30.34,40.54,34.09,22.50,27.85,27.40
2,ヴィーナスシリーズマンスリーBOATRACE杯,5,2021-08-29,21,芦屋,3,一般,1800,09:51,4017,4924,4208,5108,4464,5019,向井美鈴,中北涼,三浦永理,柴田愛梨,山下友貴,柴田百恵,山口,長崎,静岡,群馬,静岡,静岡,A2,B2,A1,B1,B1,B1,41,28,38,22,35,21,45,47,47,48,43,44,5.48,4.00,6.69,1.98,5.36,4.21,36.70,16.44,51.50,3.49,38.46,21.93,5.92,4.00,3.63,0.00,6.75,4.94,41.67,17.14,12.50,0.00,37.50,17.65,65,19,60,26,36,58,32.76,30.00,42.11,28.30,30.19,25.00,41,31,48,15,35,62,31.25,25.88,29.63,41.38,40.74,44.05
3,ヴィーナスシリーズマンスリーBOATRACE杯,5,2021-08-29,21,芦屋,4,一般,1800,10:21,4773,4987,4304,4853,4941,5148,中川りな,島倉都,藤崎小百,前原哉,孫崎百世,松本怜,福岡,群馬,福岡,岡山,滋賀,福岡,A2,B1,A2,B1,B1,B2,28,24,38,26,32,27,49,49,48,46,45,48,5.70,3.43,5.50,4.62,5.19,1.22,38.56,12.16,34.29,20.75,31.75,0.00,6.77,0.00,5.01,2.67,3.47,1.00,45.71,0.00,30.38,0.00,6.67,0.00,17,56,30,49,29,32,24.53,30.91,48.08,20.00,25.00,21.31,47,39,65,53,32,24,39.51,25.97,24.00,38.67,30.67,30.00
4,ヴィーナスシリーズマンスリーBOATRACE杯,5,2021-08-29,21,芦屋,5,一般,1800,10:51,4804,4849,4714,4900,4878,5200,高田ひか,森田太陽,喜多須杏,中田夕貴,西岡育未,筒井美琴,三重,滋賀,徳島,埼玉,徳島,福岡,A2,B2,B1,A2,B1,B2,27,26,30,28,26,19,46,45,47,47,46,50,7.24,3.81,4.94,5.67,4.25,1.14,59.15,15.38,27.14,43.06,17.58,0.00,6.89,0.00,4.34,6.10,4.44,1.11,51.43,0.00,13.79,40.00,11.11,0.00,22,53,41,42,20,6,60.00,42.37,30.36,45.45,20.37,38.18,16,29,40,38,54,44,48.81,28.38,35.63,28.75,36.05,38.10
5,ヴィーナスシリーズマンスリーBOATRACE杯,5,2021-08-29,21,芦屋,6,一般,1800,11:22,4224,4317,4885,4536,4984,5117,大橋栄里,木村紗友,大山千広,喜井つか,森下愛梨,冨名腰桃,福岡,静岡,福岡,岡山,静岡,福岡,B1,B1,A1,B2,B1,B1,39,37,25,31,24,21,47,47,46,46,52,43,5.08,3.90,6.43,4.36,4.49,2.56,31.82,20.78,44.60,28.21,25.44,4.12,4.44,5.00,6.37,0.00,3.80,1.39,25.42,22.22,44.34,0.00,0.00,0.00,34,44,25,14,12,10,34.00,39.29,33.93,42.11,30.36,45.10,73,21,27,12,56,64,32.94,35.62,37.04,27.71,39.19,27.85
6,ヴィーナスシリーズマンスリーBOATRACE杯,5,2021-08-29,21,芦屋,7,一般,1800,11:53,3871,4990,4791,4924,5140,5164,池田紫乃,田中博子,黒澤めぐ,中北涼,吉田彩乃,森田梨湖,長崎,福岡,東京,長崎,静岡,福岡,B1,B1,B1,B2,B2,B2,45,24,31,28,20,21,44,49,48,47,50,48,5.28,2.34,5.25,4.00,1.64,1.11,36.73,6.90,22.08,16.44,1.79,0.00,4.80,2.31,0.00,4.00,0.00,1.00,31.82,0.00,0.00,17.14,0.00,0.00,1,13,48,19,63,11,33.93,28.57,26.00,30.00,26.09,22.81,19,66,33,31,13,25,35.29,21.95,40.54,25.88,31.71,46.43
7,ヴィーナスシリーズマンスリーBOATRACE杯,5,2021-08-29,21,芦屋,8,一般,1800,12:24,3435,4874,4464,4923,5165,4987,寺田千恵,池田奈津,山下友貴,末武里奈,小林愛実,島倉都,岡山,福岡,静岡,山口,岡山,群馬,A1,B1,B1,B2,B2,B1,52,27,35,29,21,24,45,49,43,48,46,49,6.82,4.65,5.36,2.74,1.52,3.43,47.89,20.51,38.46,11.11,0.00,12.16,6.46,3.53,6.75,2.00,0.00,0.00,35.14,6.67,37.50,0.00,0.00,0.00,50,61,36,47,15,56,48.28,14.04,30.19,25.86,30.36,30.91,43,28,35,75,20,39,31.33,34.09,40.74,39.77,27.40,25.97
8,ヴィーナスシリーズマンスリーBOATRACE杯,5,2021-08-29,21,芦屋,9,一般,1800,12:56,4941,4878,5108,4963,5200,3188,孫崎百世,西岡育未,柴田愛梨,實森美祐,筒井美琴,日高逸子,滋賀,徳島,群馬,広島,福岡,福岡,B1,B1,B1,B1,B2,B2,32,26,22,24,19,59,45,46,48,45,50,45,5.19,4.25,1.98,4.86,1.14,5.53,31.75,17.58,3.49,32.32,0.00,34.00,3.47,4.44,0.00,2.78,1.11,6.14,6.67,11.11,0.00,5.56,0.00,42.03,29,20,26,38,6,62,25.00,20.37,28.30,29.23,38.18,42.37,32,54,15,55,44,61,30.67,36.05,41.38,24.10,38.10,37.65
9,ヴィーナスシリーズマンスリーBOATRACE杯,5,2021-08-29,21,芦屋,10,準優勝戦,1800,13:29,3900,4804,4224,4304,4183,4849,香川素子,高田ひか,大橋栄里,藤崎小百,宇野弥生,森田太陽,滋賀,三重,福岡,福岡,愛知,滋賀,A2,A2,B1,A2,A1,B2,44,27,39,38,35,26,47,46,47,48,47,45,6.28,7.24,5.08,5.50,6.71,3.81,44.44,59.15,31.82,34.29,54.68,15.38,7.09,6.89,4.44,5.01,6.94,0.00,56.36,51.43,25.42,30.38,58.33,0.00,40,22,34,30,23,53,24.00,60.00,34.00,48.08,26.92,42.37,67,16,73,65,37,29,22.50,48.81,32.94,24.00,30.34,28.38
10,ヴィーナスシリーズマンスリーBOATRACE杯,5,2021-08-29,21,芦屋,11,準優勝戦,1800,14:07,4208,4900,4773,4017,4536,4853,三浦永理,中田夕貴,中川りな,向井美鈴,喜井つか,前原哉,静岡,埼玉,福岡,山口,岡山,岡山,A1,A2,A2,A2,B2,B1,38,28,28,41,31,26,47,47,49,45,46,46,6.69,5.67,5.70,5.48,4.36,4.62,51.50,43.06,38.56,36.70,28.21,20.75,3.63,6.10,6.77,5.92,0.00,2.67,12.50,40.00,45.71,41.67,0.00,0.00,60,42,17,65,14,49,42.11,45.45,24.53,32.76,42.11,20.00,48,38,47,41,12,53,29.63,28.75,39.51,31.25,27.71,38.67
11,ヴィーナスシリーズマンスリーBOATRACE杯,5,2021-08-29,21,芦屋,12,準優勝戦,1800,14:47,4885,4289,3435,4714,4764,3871,大山千広,落合直子,寺田千恵,喜多須杏,小池礼乃,池田紫乃,福岡,大阪,岡山,徳島,福岡,長崎,A1,A2,A1,B1,B1,B1,25,36,52,30,31,45,46,45,45,47,46,44,6.43,5.58,6.82,4.94,4.45,5.28,44.60,38.98,47.89,27.14,24.00,36.73,6.37,5.11,6.46,4.34,4.52,4.80,44.34,31.58,35.14,13.79,22.22,31.82,25,64,50,41,33,1,33.93,25.81,48.28,30.36,37.25,33.93,27,11,43,40,60,19,37.04,35.44,31.33,35.63,25.33,35.29
12,第18回日本モーターボート選手会会長賞,3,2021-08-29,17,宮島,1,ファーストB,1800,10:47,4163,3787,3587,4333,4252,4592,山崎裕司,天野誠,武田信一,村田友也,松下哲也,小林孝弘,広島,岡山,徳島,徳島,福岡,山口,A2,B1,B1,B2,B1,B1,39,49,48,37,38,40,52,53,59,65,52,52,5.61,4.22,4.61,4.53,4.91,5.11,34.35,19.33,25.53,26.32,33.68,32.08,6.36,4.35,4.97,3.91,5.10,5.38,43.11,20.29,21.62,18.18,30.00,23.53,50,58,56,29,41,21,32.54,25.82,31.75,35.32,28.57,30.18,27,20,44,64,61,49,28.22,32.21,26.62,38.83,38.10,24.43
13,第18回日本モーターボート選手会会長賞,3,2021-08-29,17,宮島,2,予選,1800,11:16,3567,3430,4069,4393,3723,3834,吉岡誠,角浜修,山本修一,田中孝明,白井弘文,細川明人,山口,広島,岡山,福岡,山口,岡山,B1,B1,A2,B1,B1,B1,51,53,41,35,50,46,55,53,53,57,55,56,3.27,4.94,6.48,4.52,3.31,4.65,7.14,33.66,48.25,22.62,12.73,25.66,4.02,5.19,5.64,4.71,4.07,5.59,15.69,35.34,30.95,25.00,17.39,37.93,31,52,12,61,59,24,32.24,34.91,31.94,34.20,32.52,30.58,18,69,19,28,30,56,30.81,34.15,32.12,36.67,35.64,36.32
14,第18回日本モーターボート選手会会長賞,3,2021-08-29,17,宮島,3,予選,1800,11:44,4839,4441,4329,3443,4985,4236,四宮与寛,末永由楽,小松卓司,森秋光,井本昌也,松村敏,徳島,岡山,福岡,岡山,山口,福岡,B1,A2,B1,A2,B1,A1,31,34,38,51,24,37,52,56,50,53,49,54,5.19,5.85,4.97,5.65,5.12,6.53,30.28,39.33,23.48,35.90,34.41,50.00,5.11,5.69,5.26,5.88,4.97,6.53,36.84,36.36,26.32,41.57,26.32,45.00,64,65,11,60,48,69,37.21,25.16,30.93,34.50,28.42,36.87,25,41,48,45,67,34,37.02,35.12,26.26,25.88,33.65,36.36
15,第18回日本モーターボート選手会会長賞,3,2021-08-29,17,宮島,4,予選,1800,12:15,4214,4402,4319,4657,4361,3910,林祐介,乙藤智史,三宅潤,江崎一雄,柳生泰二,松下知幸,岡山,福岡,大阪,福岡,山口,香川,B1,A1,A1,B1,A1,B1,37,36,36,34,36,47,54,53,54,55,53,51,5.39,6.71,6.36,5.42,6.33,4.82,34.78,51.02,46.28,33.96,44.76,24.35,5.58,6.71,6.47,5.57,6.30,4.83,39.39,43.64,42.11,39.13,43.86,27.59,35,18,40,37,25,63,35.64,31.98,38.28,28.51,29.60,34.93,29,21,35,68,43,16,37.24,38.83,35.58,36.02,40.58,29.85
16,第18回日本モーターボート選手会会長賞,3,2021-08-29,17,宮島,5,ランチ特賞,1800,12:45,3933,4639,4094,3587,4410,4136,山地正樹,雑賀勇貴,中島真二,武田信一,井上大輔,江夏満,岡山,大阪,福岡,徳島,岡山,福岡,A1,B1,B1,B1,A2,A1,45,30,40,48,35,41,54,53,52,59,51,53,6.62,4.17,3.99,4.61,5.52,6.83,51.20,20.29,17.86,25.53,38.10,54.62,6.41,4.15,4.06,4.97,5.09,7.78,40.85,30.77,15.63,21.62,26.47,77.78,67,47,22,56,13,70,34.95,32.21,29.89,31.75,35.38,29.51,59,17,32,44,65,62,32.52,37.75,25.90,26.62,38.92,35.32
17,第18回日本モーターボート選手会会長賞,3,2021-08-29,17,宮島,6,予選,1800,13:13,3787,4351,3702,4580,3430,3578,天野誠,里岡右貴,貞兼淳二,長谷川雅,角浜修,塩田雄一,岡山,福岡,福岡,岡山,広島,香川,B1,A1,A2,A2,B1,B1,49,35,48,32,53,48,53,55,59,53,53,50,4.22,6.46,5.10,5.37,4.94,4.28,19.33,47.06,29.41,32.04,33.66,19.83,4.35,7.59,5.81,7.78,5.19,2.93,20.29,58.97,33.33,61.11,35.34,7.14,58,19,34,15,52,32,25.82,27.59,31.15,32.09,34.91,30.88,20,63,47,14,69,38,32.21,39.90,35.12,29.19,34.15,32.38
18,第18回日本モーターボート選手会会長賞,3,2021-08-29,17,宮島,7,予選,1800,13:52,3233,4333,3443,3723,4578,5160,小畑実成,村田友也,森秋光,白井弘文,藤山雅弘,藤森陸斗,岡山,徳島,岡山,山口,大阪,福岡,A2,B2,A2,B1,A1,B2,54,37,51,50,32,22,52,65,53,55,53,54,5.26,4.53,5.65,3.31,6.35,2.25,31.21,26.32,35.90,12.73,45.90,3.17,5.95,3.91,5.88,4.07,6.67,1.71,42.42,18.18,41.57,17.39,43.33,0.00,38,29,60,59,57,55,35.00,35.32,34.50,32.52,34.18,20.44,15,64,45,30,22,53,28.19,38.83,25.88,35.64,35.32,33.99
19,第18回日本モーターボート選手会会長賞,3,2021-08-29,17,宮島,8,予選,1800,14:21,4069,4566,4252,4839,4214,4111,山本修一,塩田北斗,松下哲也,四宮与寛,林祐介,奥田誠,岡山,福岡,福岡,徳島,岡山,広島,A2,A1,B1,B1,B1,A2,41,33,38,31,37,41,53,54,52,52,54,55,6.48,6.74,4.91,5.19,5.39,5.46,48.25,50.00,33.68,30.28,34.78,32.09,5.64,6.93,5.10,5.11,5.58,5.80,30.95,57.14,30.00,36.84,39.39,42.68,12,39,41,64,35,16,31.94,24.86,28.57,37.21,35.64,34.63,19,24,61,25,29,46,32.12,24.54,38.10,37.02,37.24,33.33
20,第18回日本モーターボート選手会会長賞,3,2021-08-29,17,宮島,9,ティータイム,1800,15:05,4584,3567,4657,4163,4272,4985,村岡賢人,吉岡誠,江崎一雄,山崎裕司,大場広孝,井本昌也,岡山,山口,福岡,広島,福岡,山口,A2,B1,B1,A2,B1,B1,31,51,34,39,39,24,54,55,55,52,58,49,6.58,3.27,5.42,5.61,4.82,5.12,50.78,7.14,33.96,34.35,25.83,34.41,6.60,4.02,5.57,6.36,5.21,4.97,51.72,15.69,39.13,43.11,29.41,26.32,68,31,37,50,27,48,35.38,32.24,28.51,32.54,38.00,28.42,36,18,68,27,58,67,31.71,30.81,36.02,28.22,26.19,33.65
21,第18回日本モーターボート選手会会長賞,3,2021-08-29,17,宮島,10,特賞,1800,15:36,4172,3282,4580,4402,4592,4148,森定晃史,池本輝明,長谷川雅,乙藤智史,小林孝弘,枝尾賢,岡山,広島,岡山,福岡,山口,福岡,A1,A2,A2,A1,B1,A1,38,54,32,36,40,39,51,51,53,53,52,51,5.84,5.31,5.37,6.71,5.11,7.21,41.51,34.78,32.04,51.02,32.08,56.74,7.19,5.79,7.78,6.71,5.38,0.00,46.15,40.98,61.11,43.64,23.53,0.00,44,20,15,18,21,14,27.22,30.65,32.09,31.98,30.18,35.41,40,50,14,21,49,51,29.69,27.22,29.19,38.83,24.43,37.13
22,第18回日本モーターボート選手会会長賞,3,2021-08-29,17,宮島,11,特選,1800,16:10,4361,3158,3233,3933,4329,4351,柳生泰二,島川光男,小畑実成,山地正樹,小松卓司,里岡右貴,山口,広島,岡山,岡山,福岡,福岡,A1,A2,A2,A1,B1,A1,36,56,54,45,38,35,53,54,52,54,50,55,6.33,7.04,5.26,6.62,4.97,6.46,44.76,59.71,31.21,51.20,23.48,47.06,6.30,6.55,5.95,6.41,5.26,7.59,43.86,51.69,42.42,40.85,26.32,58.97,25,23,38,67,11,19,29.60,33.33,35.00,34.95,30.93,27.59,43,11,15,59,48,63,40.58,30.85,28.19,32.52,26.26,39.90
23,第18回日本モーターボート選手会会長賞,3,2021-08-29,17,宮島,12,モンタ特選,1800,16:47,4566,3702,4578,4441,4319,4410,塩田北斗,貞兼淳二,藤山雅弘,末永由楽,三宅潤,井上大輔,福岡,福岡,大阪,岡山,大阪,岡山,A1,A2,A1,A2,A1,A2,33,48,32,34,36,35,54,59,53,56,54,51,6.74,5.10,6.35,5.85,6.36,5.52,50.00,29.41,45.90,39.33,46.28,38.10,6.93,5.81,6.67,5.69,6.47,5.09,57.14,33.33,43.33,36.36,42.11,26.47,39,34,57,65,40,13,24.86,31.15,34.18,25.16,38.28,35.38,24,47,22,41,35,65,24.54,35.12,35.32,35.12,35.58,38.92
24,BTS松江開設21周年記念競走,4,2021-08-29,16,児島,1,朝得ガァ〜コ,1800,10:40,4144,3925,4896,4213,4196,5170,石塚久也,大田誠,花本剛,重富伸也,田中太一,佐藤太亮,埼玉,山口,山口,長崎,佐賀,岡山,A1,B1,B1,B1,B1,B2,40,46,29,37,39,20,52,52,57,55,52,51,6.94,3.59,4.91,4.23,4.64,1.56,50.39,18.89,26.60,21.62,21.92,1.28,6.62,3.67,0.00,4.86,3.76,1.24,53.85,15.56,0.00,27.59,18.42,0.00,21,29,12,55,38,26,34.44,24.16,30.92,31.08,44.08,30.32,72,65,62,34,29,69,42.65,48.72,25.68,27.50,33.75,27.40
25,BTS松江開設21周年記念競走,4,2021-08-29,16,児島,2,予選,1800,11:07,4971,3338,4020,4583,4066,5181,秦直也,出本正博,川上清人,古田祐貴,東本勝利,森智哉,岡山,広島,香川,香川,三重,岡山,B1,B1,A2,A2,A2,B2,29,56,41,32,41,23,52,53,64,51,54,53,3.34,3.42,3.73,5.28,5.19,1.65,15.79,13.58,15.84,28.70,34.53,0.00,2.66,3.70,4.48,5.37,7.70,2.33,10.13,10.81,27.08,36.54,60.00,0.00,60,40,50,72,45,14,25.00,32.47,26.49,35.76,23.19,27.10,49,35,46,24,36,57,15.22,32.04,34.88,28.24,40.59,35.77
26,BTS松江開設21周年記念競走,4,2021-08-29,16,児島,3,予選,1800,11:34,3668,4200,3986,3576,4195,4277,市川猛,早川尚人,沖島広和,白水勝也,前川守嗣,金田大輔,広島,大阪,福岡,福岡,福岡,岡山,B1,B1,A2,A1,A2,B1,50,39,43,48,39,38,51,55,56,50,59,51,3.89,4.52,5.56,6.73,5.13,5.01,14.29,22.73,33.07,46.26,30.00,30.21,3.76,4.92,4.50,6.63,5.33,5.14,18.42,30.30,20.83,55.56,27.27,33.58,58,33,31,59,42,56,31.82,48.37,27.15,33.55,29.45,35.63,15,27,68,22,14,54,29.07,36.73,33.33,38.69,36.96,20.48
27,BTS松江開設21周年記念競走,4,2021-08-29,16,児島,4,予選,1800,12:03,4871,4842,4038,4451,5106,4230,菊池宏志,山下昂大,田中健太,松崎祐太,山崎祥,濱崎直矢,山口,岡山,岡山,福岡,山口,埼玉,B1,A2,B2,A1,B1,A1,29,29,42,33,22,38,54,57,57,51,51,55,3.63,4.88,3.06,6.65,2.76,6.25,12.37,22.37,12.50,44.14,4.40,43.55,4.00,4.17,4.50,6.48,1.61,0.00,11.11,15.87,23.68,48.39,5.56,0.00,69,54,62,57,48,28,33.55,29.05,27.89,34.84,39.47,24.16,39,18,16,50,47,25,28.05,40.44,32.79,20.51,34.56,37.11
28,BTS松江開設21周年記念競走,4,2021-08-29,16,児島,5,日替艇食戦,1800,12:33,4739,4754,4890,5136,4653,4213,中村晃朋,松尾充,石川諒,濱野斗馬,小野達哉,重富伸也,香川,三重,山口,香川,大阪,長崎,A1,A2,B1,B1,A1,B1,29,32,32,21,35,37,52,51,52,53,51,55,6.59,5.86,4.23,2.66,5.94,4.23,48.98,42.86,25.00,5.68,45.61,21.62,5.97,6.50,2.75,4.50,5.39,4.86,43.33,55.00,8.33,50.00,33.33,27.59,30,67,17,36,15,55,31.29,42.76,33.11,47.40,29.80,31.08,53,20,44,41,55,34,40.71,46.32,23.47,34.43,34.78,27.50
29,BTS松江開設21周年記念競走,4,2021-08-29,16,児島,6,昼得クラリス,1800,13:03,4193,4191,3696,3925,3883,3211,郷原章平,赤羽克也,白井友晴,大田誠,山根大樹,北川敏弘,福岡,埼玉,埼玉,山口,広島,佐賀,A1,A2,A2,B1,B1,B1,39,40,49,46,47,59,52,56,52,52,55,54,6.37,5.90,5.87,3.59,3.98,4.57,46.34,41.03,36.59,18.89,16.13,17.78,7.10,6.06,4.00,3.67,4.18,4.86,58.62,46.00,30.00,15.56,18.92,31.03,71,51,46,29,27,24,38.51,35.67,21.85,24.16,36.05,35.10,43,56,58,65,60,32,34.07,25.00,40.71,48.72,33.33,26.92
30,BTS松江開設21周年記念競走,4,2021-08-29,16,児島,7,予選,1800,13:35,4196,4102,3471,4971,3541,3629,田中太一,益田啓司,赤峰和也,秦直也,三嶌誠司,浅見昌克,佐賀,福岡,佐賀,岡山,香川,埼玉,B1,A1,B1,B1,A1,A2,39,42,51,29,53,51,52,52,54,52,52,52,4.64,6.99,3.38,3.34,6.69,6.07,21.92,55.10,14.47,15.79,51.91,41.83,3.76,6.06,4.91,2.66,6.74,4.73,18.42,35.48,25.00,10.13,52.83,26.67,38,18,39,60,16,35,44.08,33.54,32.00,25.00,31.58,26.21,29,70,52,49,73,42,33.75,28.40,17.98,15.22,45.16,26.25
31,BTS松江開設21周年記念競走,4,2021-08-29,16,児島,8,予選,1800,14:08,4896,4205,3773,5142,4428,4842,花本剛,山口剛,津留浩一,常住蓮,有賀達也,山下昂大,山口,広島,長崎,佐賀,埼玉,岡山,B1,A1,B1,B1,A1,A2,29,39,47,20,35,29,57,54,58,51,52,57,4.91,7.00,5.01,4.22,5.63,4.88,26.60,47.62,26.97,18.07,33.33,22.37,0.00,8.12,4.71,5.11,7.00,4.17,0.00,52.94,31.71,22.22,60.00,15.87,12,65,64,70,22,54,30.92,40.76,28.08,39.10,32.68,29.05,62,74,37,51,23,18,25.68,34.19,34.62,37.31,36.00,40.44
32,BTS松江開設21周年記念競走,4,2021-08-29,16,児島,9,予選特賞,1800,14:37,3576,3777,3338,4144,4890,5106,白水勝也,樋口亮,出本正博,石塚久也,石川諒,山崎祥,福岡,長崎,広島,埼玉,山口,山口,A1,B1,B1,A1,B1,B1,48,46,56,40,32,22,50,53,53,52,52,51,6.73,5.56,3.42,6.94,4.23,2.76,46.26,36.89,13.58,50.39,25.00,4.40,6.63,6.38,3.70,6.62,2.75,1.61,55.56,45.00,10.81,53.85,8.33,5.56,59,61,40,21,17,48,33.55,32.45,32.47,34.44,33.11,39.47,22,61,35,72,44,47,38.69,37.31,32.04,42.65,23.47,34.56
33,BTS松江開設21周年記念競走,4,2021-08-29,16,児島,10,予選特賞,1800,15:16,4451,5000,4191,4195,5181,4754,松崎祐太,岡本翔太,赤羽克也,前川守嗣,森智哉,松尾充,福岡,山口,埼玉,福岡,岡山,三重,A1,B1,A2,A2,B2,A2,33,27,40,39,23,32,51,53,56,59,53,51,6.65,3.92,5.90,5.13,1.65,5.86,44.14,12.82,41.03,30.00,0.00,42.86,6.48,0.00,6.06,5.33,2.33,6.50,48.39,0.00,46.00,27.27,0.00,55.00,57,53,51,42,14,67,34.84,36.31,35.67,29.45,27.10,42.76,50,17,56,14,57,20,20.51,32.81,25.00,36.96,35.77,46.32
34,BTS松江開設21周年記念競走,4,2021-08-29,16,児島,11,予選特選,1800,15:49,3541,4230,4583,3986,5136,3696,三嶌誠司,濱崎直矢,古田祐貴,沖島広和,濱野斗馬,白井友晴,香川,埼玉,香川,福岡,香川,埼玉,A1,A1,A2,A2,B1,A2,53,38,32,43,21,49,52,55,51,56,53,52,6.69,6.25,5.28,5.56,2.66,5.87,51.91,43.55,28.70,33.07,5.68,36.59,6.74,0.00,5.37,4.50,4.50,4.00,52.83,0.00,36.54,20.83,50.00,30.00,16,28,72,31,36,46,31.58,24.16,35.76,27.15,47.40,21.85,73,25,24,68,41,58,45.16,37.11,28.24,33.33,34.43,40.71
35,BTS松江開設21周年記念競走,4,2021-08-29,16,児島,12,記者選抜戦,1800,16:34,4205,4653,4066,4193,3629,4038,山口剛,小野達哉,東本勝利,郷原章平,浅見昌克,田中健太,広島,大阪,三重,福岡,埼玉,岡山,A1,A1,A2,A1,A2,B2,39,35,41,39,51,42,54,51,54,52,52,57,7.00,5.94,5.19,6.37,6.07,3.06,47.62,45.61,34.53,46.34,41.83,12.50,8.12,5.39,7.70,7.10,4.73,4.50,52.94,33.33,60.00,58.62,26.67,23.68,65,15,45,71,35,62,40.76,29.80,23.19,38.51,26.21,27.89,74,55,36,43,42,16,34.19,34.78,40.59,34.07,26.25,32.79
36,マンスリーBOATRACE杯,4,2021-08-29,15,丸亀,3,予選,1800,16:03,3892,3964,4614,4006,3876,3212,草場康幸,宮地博士,石倉洋行,小野勇作,中辻崇人,亀本勇樹,佐賀,長崎,福岡,佐賀,福岡,広島,B1,B1,A1,A2,A1,B1,45,42,41,43,44,59,51,54,54,49,52,60,5.41,4.12,6.95,5.59,6.92,4.79,31.52,19.42,58.02,33.33,57.78,29.79,5.07,4.38,6.97,6.25,6.97,5.07,24.14,20.69,51.61,40.63,57.89,33.33,54,60,62,13,58,47,32.28,43.18,30.65,35.80,28.14,32.09,51,35,49,39,8,7,41.67,47.62,54.55,45.00,27.78,20.00
37,マンスリーBOATRACE杯,4,2021-08-29,15,丸亀,4,予選,1800,16:26,4041,4969,4384,3701,4269,3297,小林基樹,町田洸希,鶴本崇文,大西隆洋,杉山裕也,藤丸光一,山口,長崎,大阪,香川,愛知,福岡,B1,B1,A1,B1,A1,A2,42,30,36,48,35,54,55,54,51,57,54,50,4.33,4.51,6.56,4.32,6.99,5.75,24.73,18.89,50.85,21.62,55.38,42.40,3.71,3.46,6.87,4.36,6.63,5.98,14.29,11.54,46.67,25.20,50.00,46.81,46,26,41,4,53,33,31.90,35.59,40.66,25.44,37.99,32.00,41,24,16,13,21,52,68.42,29.41,23.53,29.41,38.89,21.05
38,マンスリーBOATRACE杯,4,2021-08-29,15,丸亀,5,予選,1800,16:52,4695,4357,4931,3506,4630,4143,尾崎雄二,田中和也,木谷賢太,宮西真昭,岩永雅人,浦田晃嗣,長崎,大阪,香川,佐賀,愛知,佐賀,B1,A1,A1,B1,A2,B1,35,37,25,50,34,40,54,51,54,52,52,57,4.38,7.19,6.20,3.67,5.10,4.99,24.39,58.39,46.10,7.84,29.85,24.44,4.72,7.11,6.02,3.64,4.30,4.05,30.56,64.29,39.31,7.14,20.00,19.30,66,10,2,45,25,57,25.00,25.77,28.18,28.92,27.11,41.90,45,54,20,38,48,33,63.16,20.00,27.78,25.00,36.36,15.79
39,マンスリーBOATRACE杯,4,2021-08-29,15,丸亀,6,カチ勝ち6,1800,17:18,4526,3187,3562,4409,4697,4557,池田雄祐,篠原俊夫,山下和彦,坂元浩仁,國弘翔平,松尾光広,愛知,香川,広島,愛知,福岡,岡山,A2,B1,A1,A1,B1,B1,33,60,52,35,35,31,52,53,51,55,50,56,5.53,4.35,5.59,6.40,4.30,3.77,33.87,21.25,34.21,43.80,23.33,19.15,6.00,4.39,6.84,5.85,4.23,3.53,43.75,21.55,54.55,35.00,22.73,20.00,3,28,43,16,49,59,33.92,27.33,39.66,31.28,34.59,26.35,43,37,15,46,26,34,23.53,23.53,50.00,14.29,10.00,55.00
40,マンスリーBOATRACE杯,4,2021-08-29,15,丸亀,7,穴ガチ7,1800,17:50,4650,4248,4588,4952,3946,4126,中山雄太,岡本大,田中京介,吉武真也,赤岩善生,吉本玲緒,愛知,長崎,福岡,福岡,愛知,広島,A2,B1,A2,B2,A1,B1,37,39,30,27,45,42,53,55,56,52,55,60,6.14,4.57,5.13,3.58,7.65,3.79,43.80,21.24,35.21,13.21,63.09,17.58,4.36,3.95,6.23,3.15,6.43,2.67,27.27,10.00,46.15,10.00,64.29,11.11,19,1,39,44,51,24,32.56,24.85,30.94,34.41,41.81,44.85,11,44,25,23,31,30,27.59,11.11,57.89,55.00,50.00,33.33
41,マンスリーBOATRACE杯,4,2021-08-29,15,丸亀,10,まるがめ特賞,1800,19:34,4409,4614,3885,3950,3571,4969,坂元浩仁,石倉洋行,久田武,石川哲秀,寺本武司,町田洸希,愛知,福岡,愛知,大阪,長崎,長崎,A1,A1,A2,B1,B1,B1,35,41,47,45,50,30,55,54,53,54,53,54,6.40,6.95,6.04,4.80,3.45,4.51,43.80,58.02,41.67,27.63,15.29,18.89,5.85,6.97,5.75,0.00,4.74,3.46,35.00,51.61,37.50,0.00,29.41,11.54,16,62,5,18,64,26,31.28,30.65,28.66,30.68,54.82,35.59,46,49,12,19,22,55,14.29,54.55,28.57,57.89,22.22,47.37
42,マンスリーBOATRACE杯,4,2021-08-29,15,丸亀,11,一般選抜,1800,20:07,4357,3562,4650,3893,4384,4006,田中和也,山下和彦,中山雄太,汐崎正則,鶴本崇文,小野勇作,大阪,広島,愛知,愛知,大阪,佐賀,A1,A1,A2,A2,A1,A2,37,52,37,45,36,43,51,51,53,52,51,49,7.19,5.59,6.14,6.23,6.56,5.59,58.39,34.21,43.80,46.85,50.85,33.33,7.11,6.84,4.36,3.96,6.87,6.25,64.29,54.55,27.27,21.74,46.67,40.63,10,43,19,36,41,13,25.77,39.66,32.56,41.34,40.66,35.80,54,15,11,53,16,39,20.00,50.00,27.59,40.00,23.53,45.00
43,第19回オロナミンCカップ競走,3,2021-08-29,14,鳴門,1,とるならなる,1800,08:50,3499,3998,3680,4691,4390,4112,市川哲也,冨成謙児,森林太,水原慎,松本弓雄,大久保信,広島,佐賀,長崎,徳島,徳島,佐賀,A1,B1,B1,B1,B1,B1,52,42,48,38,35,41,51,53,55,50,52,53,6.74,4.97,5.10,4.37,4.59,4.75,50.47,26.36,31.78,21.51,24.51,24.71,6.78,5.67,5.22,5.15,4.97,6.07,43.48,41.67,33.33,31.85,31.71,40.00,70,36,19,72,17,26,30.88,43.37,38.57,35.21,36.49,31.17,64,58,53,51,14,27,34.18,41.77,28.95,36.84,28.95,35.90
44,第19回オロナミンCカップ競走,3,2021-08-29,14,鳴門,2,どーなるなる,1800,09:19,3331,4124,4336,3710,4491,3743,新美恵一,池田雄一,松田竜馬,吉永泰弘,田中堅,林美憲,愛知,静岡,福岡,香川,群馬,徳島,A2,A2,B1,B1,B1,A1,53,39,37,47,34,46,52,52,55,53,53,51,5.96,5.64,4.55,4.68,4.78,7.36,38.02,39.66,25.64,26.55,24.51,61.74,5.17,7.60,4.81,5.71,5.65,7.37,27.78,66.67,27.66,35.29,39.13,60.48,29,63,65,11,12,18,28.41,31.43,37.84,50.00,34.62,45.07,71,24,38,57,62,34,34.15,29.87,35.06,48.28,44.44,52.50
45,第19回オロナミンCカップ競走,3,2021-08-29,14,鳴門,3,どきどきなる,1800,09:48,4398,3747,4757,3837,4950,4077,船岡洋一,國崎良春,山田祐也,秋山広一,高岡竜也,品田直樹,広島,福岡,徳島,香川,山口,東京,A1,B1,A1,A2,B1,B1,34,46,32,46,28,42,53,52,53,50,52,50,6.79,5.49,7.56,6.58,5.30,4.42,52.38,37.50,65.52,50.36,35.24,23.53,6.71,5.30,6.90,6.92,3.44,0.00,57.14,36.17,54.19,50.98,11.11,0.00,73,35,22,80,10,37,30.14,44.93,33.33,43.66,29.73,46.48,50,63,60,76,82,52,34.94,31.65,32.53,32.39,30.88,32.00
46,第19回オロナミンCカップ競走,3,2021-08-29,14,鳴門,4,とにかくなる,1800,10:18,4715,3327,3775,4498,4506,4202,村上遼,野長瀬正,泉啓文,宮本夏樹,稗田聖也,浮田圭浩,長崎,静岡,岡山,長崎,福岡,岡山,A1,A2,B1,B1,B1,A2,29,54,47,34,33,39,52,54,59,54,53,55,6.78,6.06,5.00,5.27,5.31,5.12,53.08,41.22,33.10,34.12,35.77,32.06,0.00,4.82,4.00,6.24,5.83,5.71,0.00,9.09,25.00,52.38,33.33,39.02,33,60,14,56,53,78,43.84,44.44,32.53,36.25,37.50,35.90,74,12,61,78,21,68,28.33,45.35,41.56,33.73,33.77,35.29
47,第19回オロナミンCカップ競走,3,2021-08-29,14,鳴門,5,予選,1800,10:48,3726,3935,4112,3978,4669,3295,桂林寛,岩津徹郎,大久保信,齊藤仁,井上茂,濱村芳宏,福岡,岡山,佐賀,東京,福岡,徳島,B1,A2,B1,A1,B1,B1,50,44,41,44,36,55,55,55,53,52,53,52,4.67,5.62,4.75,7.23,5.13,5.00,28.35,35.61,24.71,52.86,31.52,29.89,6.02,5.57,6.07,7.22,3.58,5.29,46.00,26.09,40.00,55.56,15.79,38.71,31,34,26,62,27,82,30.95,39.02,31.17,34.83,44.29,52.56,29,35,27,23,65,80,44.44,49.41,35.90,48.15,43.21,37.80
48,第19回オロナミンCカップ競走,3,2021-08-29,14,鳴門,6,予選,1800,11:17,4674,3996,3710,4174,3687,3998,池田剛規,秋山直之,吉永泰弘,赤坂俊輔,花田和明,冨成謙児,福岡,群馬,香川,長崎,愛知,佐賀,B1,A1,B1,A1,A2,B1,34,42,47,38,51,42,52,52,53,52,53,53,5.19,6.65,4.68,7.42,6.13,4.97,30.51,45.52,26.55,60.27,44.21,26.36,5.12,0.00,5.71,7.16,5.86,5.67,23.81,0.00,35.29,56.25,43.24,41.67,28,39,11,79,51,36,34.18,39.02,50.00,35.21,30.59,43.37,30,19,57,26,11,58,32.86,34.62,48.28,31.88,33.33,41.77
49,第19回オロナミンCカップ競走,3,2021-08-29,14,鳴門,7,予選,1800,11:46,4491,4848,4405,4077,3680,4812,田中堅,仲谷颯仁,南野利騰,品田直樹,森林太,西野雄貴,群馬,福岡,福井,東京,長崎,徳島,B1,A1,A2,B1,B1,A1,34,27,36,42,48,31,53,51,52,50,55,52,4.78,6.48,5.18,4.42,5.10,6.48,24.51,38.33,33.62,23.53,31.78,46.28,5.65,6.04,5.71,0.00,5.22,6.79,39.13,35.71,35.71,0.00,33.33,52.66,12,55,38,37,19,57,34.62,34.74,39.53,46.48,38.57,33.77,62,79,10,52,53,56,44.44,33.80,35.44,32.00,28.95,31.33
50,第19回オロナミンCカップ競走,3,2021-08-29,14,鳴門,8,予選,1800,12:18,4209,3837,3499,4811,3775,4336,藤田竜弘,秋山広一,市川哲也,向井田佑,泉啓文,松田竜馬,静岡,香川,広島,広島,岡山,福岡,B1,A2,A1,B1,B1,B1,38,46,52,32,47,37,58,50,51,49,59,55,5.43,6.58,6.74,5.54,5.00,4.55,37.40,50.36,50.47,34.56,33.10,25.64,5.51,6.92,6.78,5.15,4.00,4.81,37.14,50.98,43.48,36.36,25.00,27.66,68,80,70,58,14,65,39.71,43.66,30.88,30.16,32.53,37.84,20,76,64,39,61,38,38.55,32.39,34.18,35.44,41.56,35.06
51,第19回オロナミンCカップ競走,3,2021-08-29,14,鳴門,9,予選,1800,12:52,4390,4504,4398,4674,4498,3935,松本弓雄,前田将太,船岡洋一,池田剛規,宮本夏樹,岩津徹郎,徳島,福岡,広島,福岡,長崎,岡山,B1,A1,A1,B1,B1,A2,35,33,34,34,34,44,52,53,53,52,54,55,4.59,7.30,6.79,5.19,5.27,5.62,24.51,57.48,52.38,30.51,34.12,35.61,4.97,7.25,6.71,5.12,6.24,5.57,31.71,50.00,57.14,23.81,52.38,26.09,17,61,73,28,56,34,36.49,38.96,30.14,34.18,36.25,39.02,14,70,50,30,78,35,28.95,38.55,34.94,32.86,33.73,49.41
52,第19回オロナミンCカップ競走,3,2021-08-29,14,鳴門,10,なるちゃん特,1800,13:27,4691,4669,3687,4506,4061,4757,水原慎,井上茂,花田和明,稗田聖也,萩原秀人,山田祐也,徳島,福岡,愛知,福岡,福井,徳島,B1,B1,A2,B1,A1,A1,38,36,51,33,42,32,50,53,53,53,55,53,4.37,5.13,6.13,5.31,7.49,7.56,21.51,31.52,44.21,35.77,61.94,65.52,5.15,3.58,5.86,5.83,6.40,6.90,31.85,15.79,43.24,33.33,46.67,54.19,72,27,51,53,69,22,35.21,44.29,30.59,37.50,38.89,33.33,51,65,11,21,72,60,36.84,43.21,33.33,33.77,30.56,32.53
53,第19回オロナミンCカップ競走,3,2021-08-29,14,鳴門,11,特選,1800,14:04,4782,3295,3996,4715,4405,4124,浜崎準也,濱村芳宏,秋山直之,村上遼,南野利騰,池田雄一,岡山,徳島,群馬,長崎,福井,静岡,A2,B1,A1,A1,A2,A2,34,55,42,29,36,39,51,52,52,52,52,52,4.91,5.00,6.65,6.78,5.18,5.64,31.25,29.89,45.52,53.08,33.62,39.66,5.09,5.29,0.00,0.00,5.71,7.60,32.56,38.71,0.00,0.00,35.71,66.67,23,82,39,33,38,63,36.78,52.56,39.02,43.84,39.53,31.43,54,80,19,74,10,24,41.46,37.80,34.62,28.33,35.44,29.87
54,第19回オロナミンCカップ競走,3,2021-08-29,14,鳴門,12,特選,1800,14:43,4174,3978,4202,3331,4848,3747,赤坂俊輔,齊藤仁,浮田圭浩,新美恵一,仲谷颯仁,國崎良春,長崎,東京,岡山,愛知,福岡,福岡,A1,A1,A2,A2,A1,B1,38,44,39,53,27,46,52,52,55,52,51,52,7.42,7.23,5.12,5.96,6.48,5.49,60.27,52.86,32.06,38.02,38.33,37.50,7.16,7.22,5.71,5.17,6.04,5.30,56.25,55.56,39.02,27.78,35.71,36.17,79,62,78,29,55,35,35.21,34.83,35.90,28.41,34.74,44.93,26,23,68,71,79,63,31.88,48.15,35.29,34.15,33.80,31.65
55,UHA味覚糖杯,2,2021-08-29,13,尼崎,1,朝からセンプ,1800,10:35,4562,5067,4776,4510,5174,5066,阪本勇介,山田真聖,竹田和哉,坂本奈央,川井萌,鈴木孝明,岡山,山口,香川,福岡,静岡,埼玉,B1,B1,A1,B2,B2,B1,33,22,27,32,19,23,54,55,54,46,44,53,4.82,2.70,6.41,3.75,2.85,4.77,28.57,9.64,45.19,12.50,7.29,25.51,5.48,2.21,8.10,0.00,0.00,0.00,28.57,0.00,70.00,0.00,0.00,0.00,57,35,17,43,20,14,46.51,34.83,48.84,40.91,49.44,35.87,51,66,35,26,29,36,37.50,27.50,36.05,28.40,44.05,22.89
56,UHA味覚糖杯,2,2021-08-29,13,尼崎,2,予選,1800,11:02,5058,4611,5049,3503,5155,4204,前原大道,今井美亜,松井友汰,堂原洋史,内山七海,柴田大輔,岡山,福井,大阪,埼玉,福岡,福岡,B1,B1,B1,B1,B2,B1,24,31,26,51,24,39,52,46,53,51,48,53,4.55,5.28,4.66,4.07,1.42,3.97,21.21,37.04,27.14,18.45,0.00,21.79,3.84,5.82,3.41,3.52,1.47,4.83,12.00,42.86,9.09,8.00,0.00,41.67,47,6,45,7,46,48,24.10,38.82,31.76,23.53,35.56,30.34,72,13,42,15,47,21,32.43,32.56,20.55,34.94,42.86,27.16
57,UHA味覚糖杯,2,2021-08-29,13,尼崎,4,予選,1800,12:12,4845,4866,4424,4091,3175,3719,前田紗希,橋本英一,松尾昂明,荒田泰明,渡辺千草,辻栄蔵,埼玉,福岡,福岡,埼玉,東京,広島,B1,B1,A1,B1,B1,A1,28,31,36,40,57,46,49,55,52,54,48,52,5.29,4.58,6.20,5.07,5.23,7.48,26.97,26.09,45.59,30.43,28.35,56.29,4.22,0.67,5.80,5.05,4.56,7.76,11.11,0.00,40.00,35.00,11.11,58.82,61,5,33,26,41,11,39.02,27.17,13.64,30.77,41.86,34.09,70,23,41,69,20,37,29.76,26.25,31.71,19.48,43.37,30.56
58,UHA味覚糖杯,2,2021-08-29,13,尼崎,5,予選,1800,12:43,4519,4090,5067,3912,4446,4182,清水沙樹,中村尊,山田真聖,川原正明,和田兼輔,吉田和仁,東京,埼玉,山口,福井,兵庫,滋賀,B1,A1,B1,A2,A1,B1,34,40,22,47,34,37,49,53,55,50,51,58,5.29,5.88,2.70,6.06,6.46,4.91,33.65,39.83,9.64,44.20,48.23,26.00,3.00,5.50,2.21,6.42,6.61,5.21,0.00,37.50,0.00,33.33,50.88,28.07,3,50,35,8,12,32,34.83,23.81,34.83,45.35,37.08,39.77,57,14,66,31,62,27,35.90,28.05,27.50,35.00,35.37,36.49
59,UHA味覚糖杯,2,2021-08-29,13,尼崎,6,昼どきピンク,1800,13:13,4772,4562,5063,4184,4925,5049,石丸海渡,阪本勇介,大塚雅治,渡邊雄一,森悠稀,松井友汰,香川,岡山,東京,大阪,兵庫,大阪,A1,B1,B1,A1,B1,B1,28,33,23,35,28,26,56,54,53,50,53,53,6.79,4.82,3.20,6.25,4.90,4.66,46.48,28.57,8.54,46.48,29.79,27.14,7.18,5.48,0.00,6.07,5.24,3.41,63.64,28.57,0.00,34.48,33.09,9.09,39,57,4,52,59,45,16.67,46.51,42.53,29.79,39.76,31.76,74,51,75,24,71,42,40.54,37.50,20.27,28.57,33.73,20.55
60,UHA味覚糖杯,2,2021-08-29,13,尼崎,7,予選,1800,13:50,3463,4437,5058,4239,4510,4009,乙津康志,中田元泰,前原大道,竹田辰也,坂本奈央,小林一樹,東京,香川,岡山,山口,福岡,山口,A2,A1,B1,A1,B2,B1,54,35,24,37,32,42,52,54,52,53,46,56,6.06,6.62,4.55,6.84,3.75,4.99,39.68,47.18,21.21,51.15,12.50,26.04,5.83,7.15,3.84,7.24,0.00,4.44,35.71,55.88,12.00,54.24,0.00,20.59,37,31,47,10,43,22,26.14,24.14,24.10,28.38,40.91,19.23,53,59,72,19,26,11,20.51,29.11,32.43,36.71,28.40,30.77
61,UHA味覚糖杯,2,2021-08-29,13,尼崎,8,予選,1800,14:18,4120,3462,4030,4866,4776,4611,柘植政浩,竹上真司,森高一真,橋本英一,竹田和哉,今井美亜,滋賀,岡山,香川,福岡,香川,福井,A2,A2,A1,B1,A1,B1,40,54,43,31,27,31,53,53,50,55,54,46,5.77,5.10,6.38,4.58,6.41,5.28,39.17,36.36,38.46,26.09,45.19,37.04,5.27,6.16,8.03,0.67,8.10,5.82,33.33,34.38,75.86,0.00,70.00,42.86,9,18,15,5,17,6,38.64,29.07,28.95,27.17,48.84,38.82,50,58,16,23,35,13,27.71,40.26,37.31,26.25,36.05,32.56
62,UHA味覚糖杯,2,2021-08-29,13,尼崎,9,予選特賞,1800,14:46,3907,4446,3503,3568,5046,4424,村越篤,和田兼輔,堂原洋史,木村光宏,松山裕基,松尾昂明,香川,兵庫,埼玉,香川,大阪,福岡,A2,A1,B1,A2,B1,A1,43,34,51,50,27,36,54,51,51,53,52,52,6.01,6.46,4.07,5.54,3.83,6.20,41.89,48.23,18.45,38.28,15.85,45.59,5.65,6.61,3.52,5.72,2.04,5.80,41.18,50.88,8.00,41.54,1.96,40.00,28,12,7,29,58,33,37.63,37.08,23.53,20.99,23.53,13.64,52,62,15,56,12,41,22.89,35.37,34.94,31.33,25.00,31.71
63,UHA味覚糖杯,2,2021-08-29,13,尼崎,10,予選特賞,1800,15:15,4090,3719,5066,4210,5063,4643,中村尊,辻栄蔵,鈴木孝明,松村康太,大塚雅治,近江翔吾,埼玉,広島,埼玉,福井,東京,香川,A1,A1,B1,A2,B1,A1,40,46,23,38,23,28,53,52,53,54,53,52,5.88,7.48,4.77,5.80,3.20,6.61,39.83,56.29,25.51,33.90,8.54,50.00,5.50,7.76,0.00,4.94,0.00,6.44,37.50,58.82,0.00,23.53,0.00,33.33,50,11,14,24,4,51,23.81,34.09,35.87,34.15,42.53,15.28,14,37,36,22,75,18,28.05,30.56,22.89,33.33,20.27,37.66
64,UHA味覚糖杯,2,2021-08-29,13,尼崎,12,予選特選,1800,16:24,4030,3746,4532,4182,4772,4239,森高一真,岡瀬正人,秋元哲,吉田和仁,石丸海渡,竹田辰也,香川,岡山,埼玉,滋賀,香川,山口,A1,A2,A2,B1,A1,A1,43,46,32,37,28,37,50,52,50,58,56,53,6.38,5.73,5.72,4.91,6.79,6.84,38.46,34.87,37.37,26.00,46.48,51.15,8.03,6.54,6.11,5.21,7.18,7.24,75.86,51.22,45.71,28.07,63.64,54.24,15,19,56,32,39,10,28.95,20.00,43.82,39.77,16.67,28.38,16,30,68,27,74,19,37.31,25.64,27.27,36.49,40.54,36.71
65,第13回BOATBoyカップ〜BTS高浜開設記念〜,2,2021-08-29,8,常滑,1,予選,1800,11:05,3895,3079,3346,3951,4156,5047,堀本裕也,新地雅洋,宮本裕之,石川吉鎬,浜野孝志,國分将太,愛知,大阪,兵庫,大阪,三重,東京,B1,B1,B1,B2,B1,B1,45,58,54,45,40,27,49,50,53,56,57,52,5.39,3.58,4.19,5.42,5.64,4.98,30.10,16.67,21.43,31.58,39.84,26.32,5.14,3.33,5.63,6.00,6.06,2.58,30.14,16.67,48.15,50.00,44.12,4.17,47,5,31,41,19,49,49.74,35.26,35.68,43.75,36.79,28.41,66,75,13,34,43,55,30.95,20.51,25.00,40.43,34.29,17.50
66,第13回BOATBoyカップ〜BTS高浜開設記念〜,2,2021-08-29,8,常滑,2,予選,1800,11:31,4725,4886,3690,4956,3705,4150,佐竹太一,入海馨,河合三弘,齊藤大将,濱田隆浩,山田雄太,兵庫,岡山,愛知,東京,大阪,静岡,B1,A1,A2,B2,B1,A2,34,25,50,26,47,39,52,54,53,55,54,58,4.58,6.81,5.35,4.38,5.00,6.23,28.26,54.76,32.37,12.50,32.20,50.47,4.81,6.55,6.19,3.05,5.23,5.20,27.78,40.00,41.94,10.53,40.91,37.78,43,58,52,55,53,2,38.62,34.02,28.95,36.82,38.94,39.02,72,45,20,42,25,68,34.15,31.58,15.38,43.90,23.08,25.00
67,第13回BOATBoyカップ〜BTS高浜開設記念〜,2,2021-08-29,8,常滑,3,予選,1800,11:58,4068,3992,4099,3831,4258,4537,幸田智裕,関口智久,吉永則雄,安藤裕貴,関根彰人,渡邉和将,静岡,埼玉,大阪,愛知,埼玉,岡山,A2,A2,A1,B1,B1,A1,41,42,42,47,37,31,53,54,52,54,51,51,5.39,5.63,6.34,5.08,4.41,6.89,31.73,40.20,47.32,36.56,20.21,51.08,4.14,5.00,6.00,5.19,4.05,5.85,7.14,30.00,45.45,34.48,21.62,40.00,39,1,36,35,16,11,29.94,34.16,25.63,25.75,29.29,29.78,64,56,60,39,54,23,38.89,55.56,50.00,48.72,20.51,50.00
68,第13回BOATBoyカップ〜BTS高浜開設記念〜,2,2021-08-29,8,常滑,4,予選,1800,12:28,3319,4494,4625,3931,5061,3200,山崎義明,河合佑樹,渡邊裕貴,黒崎竜也,中村駿平,熊谷直樹,埼玉,静岡,静岡,三重,愛知,東京,A2,A1,B1,A2,B1,A2,54,34,35,45,24,56,52,53,53,51,52,51,6.23,6.93,3.62,5.85,3.29,5.90,41.91,58.47,15.38,42.74,12.94,41.94,6.32,7.93,4.17,5.16,2.35,6.44,45.16,74.07,26.67,36.00,0.00,43.75,3,60,10,56,24,22,30.11,46.54,38.34,40.80,36.89,34.15,36,37,67,31,24,61,30.95,30.77,19.51,33.33,43.90,50.00
69,第13回BOATBoyカップ〜BTS高浜開設記念〜,2,2021-08-29,8,常滑,5,予選,1800,12:59,3362,5006,4654,4702,4086,3915,間嶋仁志,久保原秀,篠田優也,三浦敬太,寺本重宣,繁野谷圭,三重,群馬,兵庫,東京,東京,大阪,A2,B1,B1,B2,A2,A1,52,24,35,34,41,47,55,55,53,52,49,52,6.09,4.36,5.35,6.17,6.01,6.36,40.00,28.13,33.33,45.26,39.22,44.44,5.85,4.09,4.94,5.63,6.16,6.57,40.38,27.27,29.79,43.75,40.00,46.67,33,25,46,15,26,6,29.83,35.27,30.54,28.41,34.86,35.03,74,46,12,65,11,14,28.57,27.91,15.79,21.43,54.05,36.36
70,第13回BOATBoyカップ〜BTS高浜開設記念〜,2,2021-08-29,8,常滑,6,予選,1800,13:30,3305,3951,4762,4401,4084,3467,小野信樹,石川吉鎬,藤原啓史,小林泰,杉山正樹,森弘行,岡山,大阪,岡山,東京,愛知,東京,B1,B2,A1,A2,A1,B1,53,45,31,36,41,52,55,56,50,54,55,52,4.03,5.42,6.60,6.73,7.00,4.49,27.08,31.58,50.00,52.34,56.10,25.21,3.88,6.00,7.03,6.08,8.04,5.10,18.75,50.00,54.55,44.44,67.68,23.81,48,41,28,57,37,7,25.15,43.75,33.98,34.69,34.55,37.17,33,34,70,21,32,52,40.91,40.43,36.59,31.58,26.19,20.69
71,第13回BOATBoyカップ〜BTS高浜開設記念〜,2,2021-08-29,8,常滑,7,予選,1800,14:01,4156,4713,3717,4360,4956,4058,浜野孝志,白神優,立間充宏,庄司孝輔,齊藤大将,野末智一,三重,岡山,岡山,静岡,東京,静岡,B1,A1,A1,A2,B2,B1,40,30,46,36,26,42,57,55,54,52,55,50,5.64,6.49,6.56,5.22,4.38,5.35,39.84,47.45,46.40,33.68,12.50,35.38,6.06,7.22,0.00,5.12,3.05,6.03,44.12,44.44,0.00,33.33,10.53,41.67,19,40,4,8,55,17,36.79,27.96,42.42,32.80,36.82,31.02,43,15,35,73,42,27,34.29,38.10,32.61,58.62,43.90,33.33
72,第13回BOATBoyカップ〜BTS高浜開設記念〜,2,2021-08-29,8,常滑,8,予選,1800,14:32,4109,5061,4068,3079,3903,4886,谷津幸宏,中村駿平,幸田智裕,新地雅洋,白石健,入海馨,埼玉,愛知,静岡,大阪,兵庫,岡山,A2,B1,A2,B1,A1,A1,41,24,41,58,44,25,54,52,53,50,52,54,5.82,3.29,5.39,3.58,7.01,6.81,43.65,12.94,31.73,16.67,52.78,54.76,6.03,2.35,4.14,3.33,6.80,6.55,37.84,0.00,7.14,16.67,57.78,40.00,32,24,39,5,13,58,31.87,36.89,29.94,35.26,25.95,34.02,38,71,64,75,59,45,34.09,26.09,38.89,20.51,17.95,31.58
73,第13回BOATBoyカップ〜BTS高浜開設記念〜,2,2021-08-29,8,常滑,10,予選特賞,1800,15:36,4762,3915,5047,4625,3992,4340,藤原啓史,繁野谷圭,國分将太,渡邊裕貴,関口智久,土性雅也,岡山,大阪,東京,静岡,埼玉,三重,A1,A1,B1,B1,A2,A2,31,47,27,35,42,37,50,52,52,53,54,54,6.60,6.36,4.98,3.62,5.63,4.91,50.00,44.44,26.32,15.38,40.20,27.43,7.03,6.57,2.58,4.17,5.00,5.56,54.55,46.67,4.17,26.67,30.00,37.04,28,6,49,10,1,44,33.98,35.03,28.41,38.34,34.16,21.35,70,14,55,67,56,26,36.59,36.36,17.50,19.51,55.56,20.83
74,第13回BOATBoyカップ〜BTS高浜開設記念〜,2,2021-08-29,8,常滑,11,予選特選,1800,16:11,3717,3200,4084,4150,4702,4099,立間充宏,熊谷直樹,杉山正樹,山田雄太,三浦敬太,吉永則雄,岡山,東京,愛知,静岡,東京,大阪,A1,A2,A1,A2,B2,A1,46,56,41,39,34,42,54,51,55,58,52,52,6.56,5.90,7.00,6.23,6.17,6.34,46.40,41.94,56.10,50.47,45.26,47.32,0.00,6.44,8.04,5.20,5.63,6.00,0.00,43.75,67.68,37.78,43.75,45.45,4,22,37,2,15,36,42.42,34.15,34.55,39.02,28.41,25.63,35,48,32,68,65,60,32.61,28.57,26.19,25.00,21.43,50.00
75,第13回BOATBoyカップ〜BTS高浜開設記念〜,2,2021-08-29,8,常滑,12,予選特選,1800,16:48,3903,3831,3362,4494,4401,4713,白石健,安藤裕貴,間嶋仁志,河合佑樹,小林泰,白神優,兵庫,愛知,三重,静岡,東京,岡山,A1,B1,A2,A1,A2,A1,44,47,52,34,36,30,52,54,55,53,54,55,7.01,5.08,6.09,6.93,6.73,6.49,52.78,36.56,40.00,58.47,52.34,47.45,6.80,5.19,5.85,7.93,6.08,7.22,57.78,34.48,40.38,74.07,44.44,44.44,13,35,33,60,57,40,25.95,25.75,29.83,46.54,34.69,27.96,59,39,74,37,21,15,17.95,48.72,28.57,30.77,31.58,38.10
76,第67回ボートレースメモリアル,6,2021-08-29,7,蒲郡,1,一般戦,1800,14:25,4604,4450,3961,4497,4290,4064,岩瀬裕亮,平高奈菜,谷村一哉,桑原悠,稲田浩二,原田篤志,愛知,香川,山口,長崎,兵庫,山口,A1,A1,A1,A1,A1,A1,33,34,42,34,36,41,52,46,53,49,51,51,7.51,7.35,6.86,7.06,7.58,6.60,61.69,56.63,51.30,54.46,59.15,46.58,7.09,6.04,5.75,6.50,7.65,7.18,54.74,34.62,30.00,33.33,52.17,54.55,38,76,69,52,30,65,27.03,40.43,50.00,39.51,30.65,40.00,13,49,57,41,28,38,40.00,38.81,23.88,38.10,37.35,35.94
77,第67回ボートレースメモリアル,6,2021-08-29,7,蒲郡,2,一般戦,1800,14:56,4503,4074,4586,3744,4108,4387,上野真之,柳沢一,磯部誠,徳増秀樹,吉村正明,平山智加,佐賀,愛知,愛知,静岡,山口,香川,A1,A1,A1,A1,A1,A1,33,40,30,46,41,36,51,52,53,52,50,46,7.84,7.18,7.44,7.33,6.77,6.65,58.91,48.03,51.43,48.89,55.26,40.95,7.56,7.16,7.90,6.19,0.00,5.67,55.88,52.68,63.95,34.88,0.00,30.00,14,71,77,60,73,68,30.99,43.84,39.53,37.50,31.88,40.98,73,22,45,68,55,30,30.30,26.92,34.29,44.74,35.44,41.43
78,第67回ボートレースメモリアル,6,2021-08-29,7,蒲郡,3,一般戦,1800,15:27,4524,4688,3854,3415,4052,4682,深谷知博,永井彪也,吉川元浩,松井繁,興津藍,大上卓人,静岡,東京,兵庫,大阪,徳島,広島,A1,A1,A1,A1,A1,A1,33,28,48,51,40,30,51,52,52,51,50,51,6.64,6.84,6.77,6.82,6.69,7.28,38.57,46.77,40.60,40.74,48.85,54.03,6.76,6.29,6.83,7.48,7.41,0.00,36.36,57.14,33.33,39.39,70.59,0.00,19,74,23,11,55,22,32.88,42.86,36.99,30.43,50.77,30.77,47,60,26,66,20,24,26.15,43.75,41.67,30.14,29.31,30.14
79,第67回ボートレースメモリアル,6,2021-08-29,7,蒲郡,4,一般戦,1800,15:58,4350,4482,3573,4831,3716,4266,篠崎元志,守屋美穂,前本泰和,羽野直也,石渡鉄兵,長田頼宗,福岡,岡山,広島,福岡,東京,東京,A1,A1,A1,A1,A1,A1,35,32,49,26,46,36,53,44,51,52,53,54,7.21,7.45,8.13,6.91,6.94,6.86,47.01,60.00,64.12,43.88,43.18,53.57,7.50,7.14,7.41,5.84,7.55,6.96,50.00,47.62,51.85,31.58,51.61,56.00,36,64,34,13,21,41,46.75,33.33,38.36,30.00,32.39,32.86,59,40,36,14,70,43,31.94,40.00,47.50,26.79,37.18,33.90
80,第67回ボートレースメモリアル,6,2021-08-29,7,蒲郡,5,一般戦,1800,16:30,4013,3721,4468,3388,4188,4808,中島孝平,守田俊介,大池佑来,今垣光太,久田敏之,松尾拓,福井,滋賀,東京,福井,群馬,三重,A1,A1,A1,A1,A1,A1,41,46,34,51,40,32,51,53,50,52,52,49,7.49,7.38,6.85,6.96,6.93,6.12,54.11,54.95,54.40,47.01,50.45,38.71,6.12,8.32,6.18,7.00,7.27,7.07,23.08,59.09,36.92,37.04,53.85,50.00,37,47,45,49,48,62,29.41,25.49,38.60,36.62,30.00,52.50,12,34,63,51,37,29,52.54,46.34,34.94,27.14,30.91,30.77
81,第67回ボートレースメモリアル,6,2021-08-29,7,蒲郡,6,一般戦,1800,17:02,4344,4573,4477,4296,3960,4497,新田雄史,佐藤翼,篠崎仁志,岡崎恭裕,菊地孝平,桑原悠,三重,埼玉,福岡,福岡,静岡,長崎,A1,A1,A1,A1,A1,A1,36,32,33,34,43,34,53,52,55,51,54,49,7.38,7.35,7.44,6.80,6.90,7.06,46.67,61.40,50.42,42.73,43.61,54.46,7.24,6.71,8.63,8.96,7.65,6.50,51.11,46.34,50.00,60.71,38.46,33.33,59,15,53,70,20,52,27.78,42.86,36.51,25.37,26.03,39.51,11,74,75,52,71,41,30.43,35.29,37.18,39.71,41.67,38.10
82,第67回ボートレースメモリアル,6,2021-08-29,7,蒲郡,7,一般戦,1800,17:34,4028,4075,4238,4371,3854,4168,田村隆信,中野次郎,毒島誠,西山貴浩,吉川元浩,石野貴之,徳島,東京,群馬,福岡,兵庫,大阪,A1,A1,A1,A1,A1,A1,43,40,37,34,48,39,54,52,52,53,52,52,7.24,7.50,7.84,7.26,6.77,7.05,50.38,55.71,58.54,46.81,40.60,48.36,7.87,7.17,8.73,7.65,6.83,8.29,64.10,50.00,53.85,42.31,33.33,64.29,12,31,63,26,23,25,42.67,33.82,30.77,45.83,36.99,29.87,56,50,19,16,26,15,35.14,31.71,36.67,41.27,41.67,35.29
83,第67回ボートレースメモリアル,6,2021-08-29,7,蒲郡,8,一般戦,1800,18:07,4320,3415,4044,3783,4262,4444,峰竜太,松井繁,湯川浩司,瓜生正義,馬場貴也,桐生順平,佐賀,大阪,大阪,福岡,滋賀,埼玉,A1,A1,A1,A1,A1,A1,36,51,41,45,37,34,51,51,51,51,53,52,8.49,6.82,7.41,7.42,7.98,7.89,60.82,40.74,54.95,50.35,59.35,54.70,8.22,7.48,7.49,7.06,7.00,8.85,55.56,39.39,47.62,33.33,45.83,50.00,66,11,17,16,46,51,25.68,30.43,34.94,45.21,37.70,35.71,46,66,25,76,39,21,30.88,30.14,27.27,30.65,30.00,27.42
84,第67回ボートレースメモリアル,6,2021-08-29,7,蒲郡,9,トトまる選抜,1800,18:41,4266,4808,4418,4586,4688,4450,長田頼宗,松尾拓,茅原悠紀,磯部誠,永井彪也,平高奈菜,東京,三重,岡山,愛知,東京,香川,A1,A1,A1,A1,A1,A1,36,32,34,30,28,34,54,49,56,53,52,46,6.86,6.12,7.36,7.44,6.84,7.35,53.57,38.71,44.09,51.43,46.77,56.63,6.96,7.07,8.24,7.90,6.29,6.04,56.00,50.00,52.94,63.95,57.14,34.62,41,62,18,77,74,76,32.86,52.50,30.26,39.53,42.86,40.43,43,29,54,45,60,49,33.90,30.77,47.62,34.29,43.75,38.81
85,第67回ボートレースメモリアル,6,2021-08-29,7,蒲郡,10,特別選抜B戦,1800,19:18,3388,4524,4573,4604,4350,4028,今垣光太,深谷知博,佐藤翼,岩瀬裕亮,篠崎元志,田村隆信,福井,静岡,埼玉,愛知,福岡,徳島,A1,A1,A1,A1,A1,A1,51,33,32,33,35,43,52,51,52,52,53,54,6.96,6.64,7.35,7.51,7.21,7.24,47.01,38.57,61.40,61.69,47.01,50.38,7.00,6.76,6.71,7.09,7.50,7.87,37.04,36.36,46.34,54.74,50.00,64.10,49,19,15,38,36,12,36.62,32.88,42.86,27.03,46.75,42.67,51,47,74,13,59,56,27.14,26.15,35.29,40.00,31.94,35.14
86,第67回ボートレースメモリアル,6,2021-08-29,7,蒲郡,11,特別選抜A戦,1800,19:57,4238,4831,4013,4503,4344,4320,毒島誠,羽野直也,中島孝平,上野真之,新田雄史,峰竜太,群馬,福岡,福井,佐賀,三重,佐賀,A1,A1,A1,A1,A1,A1,37,26,41,33,36,36,52,52,51,51,53,51,7.84,6.91,7.49,7.84,7.38,8.49,58.54,43.88,54.11,58.91,46.67,60.82,8.73,5.84,6.12,7.56,7.24,8.22,53.85,31.58,23.08,55.88,51.11,55.56,63,13,37,14,59,66,30.77,30.00,29.41,30.99,27.78,25.68,19,14,12,73,11,46,36.67,26.79,52.54,30.30,30.43,30.88
87,第67回ボートレースメモリアル,6,2021-08-29,7,蒲郡,12,優勝戦,1800,20:40,3779,4337,3897,3941,3590,4686,原田幸哉,平本真之,白井英治,池田浩二,濱野谷憲,丸野一樹,長崎,愛知,山口,愛知,東京,滋賀,A1,A1,A1,A1,A1,A1,45,37,44,43,47,30,53,53,53,52,56,52,7.23,7.22,8.18,8.57,8.07,6.79,45.16,48.46,57.60,71.95,66.19,45.30,8.02,6.92,7.33,8.49,7.31,7.71,55.56,44.32,51.16,69.89,56.25,58.82,72,43,57,35,24,54,31.11,29.51,45.83,31.15,40.00,46.25,48,77,27,65,53,31,33.33,28.13,31.88,32.89,34.78,45.16
88,DMMどちゃんこTV杯,4,2021-08-29,5,多摩川,1,まつりだon,1800,11:53,4793,4813,4999,3842,4875,5191,金子萌,宮内直哉,沓名貴輝,星野太郎,大塚康雅,飛田江己,静岡,東京,愛知,三重,東京,埼玉,A2,B1,B1,A2,B1,B2,31,31,27,45,27,20,52,53,50,52,50,50,5.86,4.34,2.45,5.74,4.57,1.73,44.20,22.86,3.03,40.94,26.36,1.79,6.12,4.26,1.63,5.29,5.56,2.22,53.66,18.52,0.00,31.71,38.75,0.00,67,48,20,49,65,53,36.51,36.36,38.24,47.76,20.93,28.57,35,66,79,77,22,76,29.23,35.94,27.59,35.38,36.67,23.64
89,DMMどちゃんこTV杯,4,2021-08-29,5,多摩川,2,予選,1800,12:19,4516,3771,4062,4335,5023,4197,野口勝弘,折下寛法,後藤陽介,若林将,久永祥平,渥美卓郎,愛知,東京,愛知,東京,東京,静岡,B1,A2,A2,A1,B1,B1,34,47,42,37,26,39,52,52,57,54,50,55,4.28,5.43,5.35,6.59,4.23,4.15,18.06,32.29,36.36,49.54,18.09,18.80,4.63,5.34,4.76,6.20,3.51,4.48,25.00,29.79,31.71,45.65,15.07,27.59,60,51,19,26,16,66,23.53,32.14,25.49,26.15,30.30,18.75,27,74,26,55,23,52,14.81,27.45,33.33,29.09,27.78,17.95
90,DMMどちゃんこTV杯,4,2021-08-29,5,多摩川,3,予選,1800,12:46,4656,3997,3780,4432,3718,3122,大崎翔,北村征嗣,魚谷智之,黄金井力,伊達正利,高山哲也,兵庫,大阪,兵庫,埼玉,静岡,兵庫,B1,A1,A1,B1,B2,B1,34,42,45,35,46,59,56,53,52,56,58,53,4.74,6.76,6.88,5.10,3.79,3.90,23.39,47.13,41.73,24.32,17.86,15.15,5.06,6.41,7.00,5.46,5.53,2.20,30.30,41.18,44.19,31.43,35.29,0.00,72,71,73,64,41,28,27.87,22.64,40.35,20.31,31.48,50.00,56,54,81,84,41,37,35.48,19.23,32.81,39.06,24.14,19.64
91,DMMどちゃんこTV杯,4,2021-08-29,5,多摩川,4,予選,1800,13:14,4834,3826,3790,4376,4233,5186,浜本裕己,村田修次,佐口達也,藤田靖弘,亀山雅幸,遠藤圭吾,大阪,東京,群馬,静岡,群馬,東京,B1,A1,B1,A2,A2,B2,33,48,49,37,38,21,49,52,53,52,52,54,4.68,6.19,4.47,5.69,6.05,1.48,26.72,36.89,27.27,39.67,42.86,0.00,6.20,7.03,5.64,6.45,5.92,1.56,33.33,52.87,40.00,46.77,43.14,0.00,68,25,54,45,11,32,27.27,39.13,22.64,26.98,38.10,58.46,59,78,39,30,82,47,32.61,47.62,23.91,35.94,27.87,28.81
92,DMMどちゃんこTV杯,4,2021-08-29,5,多摩川,5,予選,1800,13:42,3231,3813,4049,3072,5191,4796,吉田隆義,佐藤大介,荒川健太,西田靖,飛田江己,春園功太,愛知,愛知,三重,東京,埼玉,三重,B1,A1,A2,B1,B2,A2,55,45,40,59,20,30,56,53,56,54,50,52,4.50,6.30,5.74,4.54,1.73,5.65,28.71,40.83,39.50,24.47,1.79,38.71,5.89,7.46,5.87,4.32,2.22,7.22,38.89,62.16,28.89,24.00,0.00,61.11,35,75,12,57,53,43,16.13,27.12,32.26,44.12,28.57,35.21,83,43,28,33,76,36,27.45,32.14,25.86,30.65,23.64,37.88
93,DMMどちゃんこTV杯,4,2021-08-29,5,多摩川,6,予選,1800,14:11,4365,4036,5070,5023,4067,4813,盛本真輔,金田諭,中島航,久永祥平,永井源,宮内直哉,兵庫,埼玉,東京,東京,愛知,東京,B1,A1,B1,B1,A1,B1,35,42,27,26,41,31,51,52,52,50,53,53,5.64,6.71,4.16,4.23,6.46,4.34,40.00,53.54,22.58,18.09,45.99,22.86,5.57,6.52,2.55,3.51,6.55,4.26,39.13,41.38,4.55,15.07,55.00,18.52,47,70,39,16,24,48,26.15,24.44,30.19,30.30,30.77,36.36,29,49,60,23,21,66,33.85,24.07,21.82,27.78,50.00,35.94
94,DMMどちゃんこTV杯,4,2021-08-29,5,多摩川,7,予選,1800,14:41,4581,4197,4295,4656,3929,3842,吉村誠,渥美卓郎,小坂尚哉,大崎翔,杢野誓良,星野太郎,静岡,静岡,兵庫,兵庫,愛知,三重,A2,B1,A1,B1,B1,A2,32,39,34,34,45,45,51,55,53,56,51,52,6.17,4.15,6.49,4.74,5.03,5.74,45.24,18.80,45.21,23.39,28.91,40.94,6.19,4.48,7.00,5.06,5.46,5.29,48.39,27.59,70.00,30.30,36.49,31.71,38,66,42,72,59,49,29.51,18.75,40.00,27.87,27.78,47.76,63,52,87,56,69,77,36.21,17.95,22.64,35.48,45.28,35.38
95,DMMどちゃんこTV杯,4,2021-08-29,5,多摩川,8,予選,1800,15:11,4376,3563,4073,4105,4999,4062,藤田靖弘,堤昇,大橋純一,松下直也,沓名貴輝,後藤陽介,静岡,静岡,静岡,兵庫,愛知,愛知,A2,A1,A1,B1,B1,A2,37,51,40,41,27,42,52,52,53,52,50,57,5.69,5.97,5.79,5.16,2.45,5.35,39.67,42.45,42.45,33.11,3.03,36.36,6.45,5.36,5.92,5.00,1.63,4.76,46.77,31.82,50.00,30.00,0.00,31.71,45,14,27,29,20,19,26.98,14.52,26.42,28.30,38.24,25.49,30,46,68,53,79,26,35.94,31.15,26.92,41.67,27.59,33.33
96,DMMどちゃんこTV杯,4,2021-08-29,5,多摩川,9,予選特賞,1800,15:43,3997,4404,4233,4983,3813,4186,北村征嗣,岸蔭亮,亀山雅幸,前田篤哉,佐藤大介,小川時光,大阪,兵庫,群馬,愛知,愛知,埼玉,A1,B1,A2,A1,A1,B1,42,36,38,24,45,40,53,51,52,51,53,57,6.76,4.08,6.05,6.39,6.30,3.97,47.13,26.25,42.86,44.19,40.83,19.05,6.41,5.11,5.92,6.97,7.46,4.40,41.18,44.44,43.14,54.05,62.16,27.78,71,33,11,58,75,34,22.64,29.09,38.10,31.25,27.12,29.09,54,38,82,58,43,62,19.23,31.82,27.87,21.15,32.14,26.42
97,DMMどちゃんこTV杯,4,2021-08-29,5,多摩川,10,予選特賞,1800,16:16,3826,4365,4152,3771,4796,4676,村田修次,盛本真輔,深水慎一,折下寛法,春園功太,後藤隼之,東京,兵庫,東京,東京,三重,東京,A1,B1,B1,A2,A2,A2,48,35,41,47,30,33,52,51,53,52,52,54,6.19,5.64,6.17,5.43,5.65,5.79,36.89,40.00,43.82,32.29,38.71,38.89,7.03,5.57,5.25,5.34,7.22,5.30,52.87,39.13,30.77,29.79,61.11,27.91,25,47,50,51,43,44,39.13,26.15,27.08,32.14,35.21,20.00,78,29,86,74,36,42,47.62,33.85,11.32,27.45,37.88,32.79
98,DMMどちゃんこTV杯,4,2021-08-29,5,多摩川,11,予選特選,1800,16:50,4335,4067,3929,4793,3122,4049,若林将,永井源,杢野誓良,金子萌,高山哲也,荒川健太,東京,愛知,愛知,静岡,兵庫,三重,A1,A1,B1,A2,B1,A2,37,41,45,31,59,40,54,53,51,52,53,56,6.59,6.46,5.03,5.86,3.90,5.74,49.54,45.99,28.91,44.20,15.15,39.50,6.20,6.55,5.46,6.12,2.20,5.87,45.65,55.00,36.49,53.66,0.00,28.89,26,24,59,67,28,12,26.15,30.77,27.78,36.51,50.00,32.26,55,21,69,35,37,28,29.09,50.00,45.28,29.23,19.64,25.86
99,DMMどちゃんこTV杯,4,2021-08-29,5,多摩川,12,記者選抜戦,1800,17:25,3780,4516,4131,4295,3563,3072,魚谷智之,野口勝弘,原豊土,小坂尚哉,堤昇,西田靖,兵庫,愛知,静岡,兵庫,静岡,東京,A1,B1,A2,A1,A1,B1,45,34,41,34,51,59,52,52,55,53,52,54,6.88,4.28,5.96,6.49,5.97,4.54,41.73,18.06,40.37,45.21,42.45,24.47,7.00,4.63,5.88,7.00,5.36,4.32,44.19,25.00,40.00,70.00,31.82,24.00,73,60,22,42,14,57,40.35,23.53,34.33,40.00,14.52,44.12,81,27,50,87,46,33,32.81,14.81,39.68,22.64,31.15,30.65
