,title_x,day_x,date,place_cd,place_x,race_no,race_type_x,distance_x,toban_1_x,toban_2_x,toban_3_x,toban_4_x,toban_5_x,toban_6_x,name_1_x,name_2_x,name_3_x,name_4_x,name_5_x,name_6_x,moter_no_1_x,moter_no_2_x,moter_no_3_x,moter_no_4_x,moter_no_5_x,moter_no_6_x,boat_no_1_x,boat_no_2_x,boat_no_3_x,boat_no_4_x,boat_no_5_x,boat_no_6_x,ET_1_x,ET_2_x,ET_3_x,ET_4_x,ET_5_x,ET_6_x,SC_1,SC_2,SC_3,SC_4,SC_5,SC_6,ST_1,ST_2,ST_3,ST_4,ST_5,ST_6,RT_1,RT_2,RT_3,RT_4,RT_5,RT_6,position_1,position_2,position_3,position_4,position_5,position_6,tkt_1t,tkt_1f1,tkt_1f2,tkt_2t,tkt_2f,tkt_w1,tkt_w2,tkt_w3,tkt_3t,tkt_3f,odds_1t,odds_1f1,odds_1f2,odds_2t,odds_2f,odds_w1,odds_w2,odds_w3,odds_3t,odds_3f,poprank_2t,poprank_2f,poprank_w1,poprank_w2,poprank_w3,poprank_3t,poprank_3f,win_method,wakunari,title_y,day_y,date_x,place_y,race_type_y,distance_y,deadline,toban_1_y,toban_2_y,toban_3_y,toban_4_y,toban_5_y,toban_6_y,name_1_y,name_2_y,name_3_y,name_4_y,name_5_y,name_6_y,area_1,area_2,area_3,area_4,area_5,area_6,class_1,class_2,class_3,class_4,class_5,class_6,age_1,age_2,age_3,age_4,age_5,age_6,weight_1,weight_2,weight_3,weight_4,weight_5,weight_6,glob_win_1,glob_win_2,glob_win_3,glob_win_4,glob_win_5,glob_win_6,glob_in2_1,glob_in2_2,glob_in2_3,glob_in2_4,glob_in2_5,glob_in2_6,loc_win_1,loc_win_2,loc_win_3,loc_win_4,loc_win_5,loc_win_6,loc_in2_1,loc_in2_2,loc_in2_3,loc_in2_4,loc_in2_5,loc_in2_6,moter_no_1_y,moter_no_2_y,moter_no_3_y,moter_no_4_y,moter_no_5_y,moter_no_6_y,moter_in2_1,moter_in2_2,moter_in2_3,moter_in2_4,moter_in2_5,moter_in2_6,boat_no_1_y,boat_no_2_y,boat_no_3_y,boat_no_4_y,boat_no_5_y,boat_no_6_y,boat_in2_1,boat_in2_2,boat_in2_3,boat_in2_4,boat_in2_5,boat_in2_6,date_y,ET_1_y,ET_2_y,ET_3_y,ET_4_y,ET_5_y,ET_6_y,tilt_1,tilt_2,tilt_3,tilt_4,tilt_5,tilt_6,EST_1,EST_2,EST_3,EST_4,EST_5,EST_6,ESC_1,ESC_2,ESC_3,ESC_4,ESC_5,ESC_6,wether,air_t,wind_d,wind_v,water_t,wave_h
0,西部ボートレース記者クラブ杯,3,2021-11-18,21,芦屋,1,予選,1800,4351,4625,4753,4661,2912,3928,里岡右貴,渡邊裕貴,森照夫,中島昂章,尾崎鉄也,林恵祐,20,32,54,2,34,56,55,53,15,54,41,49,6.77,6.76,6.75,6.73,6.79,6.78,1,2,3,4,5,6,0.13,0.19,0.17,0.24,0.22,0.26,106.8,108.7,111.9,110.7,,,1,2,4,3,6,5,1,1,2,1-2,1-2,1-2,1-4,2-4,1-2-4,1-2-4,1.1,1.0,2.4,5.2,4.9,2.2,1.6,4.3,13.9,6.7,3,3,3,2,7,6,3,逃げ,1,西部ボートレース記者クラブ杯,3,2021-11-18,芦屋,予選,1800,08:50,4351,4625,4753,4661,2912,3928,里岡右貴,渡邊裕貴,森照夫,中島昂章,尾崎鉄也,林恵祐,福岡,静岡,福岡,佐賀,長崎,福岡,A1,B1,B1,B1,B1,B1,35,35,33,29,65,46,54,52,53,51,56,59,6.37,4.02,5.17,4.9,3.28,3.79,45.39,24.1,31.03,30.91,13.24,19.18,6.24,2.45,3.91,4.91,4.44,4.17,49.43,0.0,23.91,23.91,26.92,23.91,20,32,54,2,34,56,33.04,26.53,33.64,30.63,34.86,28.57,55,53,15,54,41,49,35.71,32.64,33.83,32.84,32.59,29.23,2021-11-18,6.77,6.76,6.75,6.73,6.79,6.78,-0.5,-0.5,0.0,-0.5,-0.5,-0.5,0.19,0.21,0.19,0.17,0.07,0.11,1,2,3,4,5,6,晴,17.0,7,2.0,14.0,2.0
1,西部ボートレース記者クラブ杯,3,2021-11-18,21,芦屋,2,予選,1800,4790,5102,5009,4566,4811,3620,柳内敬太,原田雄次,大賀龍之介,塩田北斗,向井田佑紀,信濃由行,4,7,13,23,49,17,63,35,47,62,71,72,6.81,6.69,6.79,6.82,6.82,6.87,1,2,3,4,5,6,0.13,0.17,0.13,0.17,0.17,0.18,107.2,109.8,108.7,,111.8,,1,3,2,5,4,6,1,1,3,1-3,1-3,1-3,1-2,2-3,1-3-2,1-2-3,2.0,1.2,2.8,6.8,4.6,1.8,1.9,2.8,23.1,6.4,3,2,2,3,6,9,4,逃げ,1,西部ボートレース記者クラブ杯,3,2021-11-18,芦屋,予選,1800,09:19,4790,5102,5009,4566,4811,3620,柳内敬太,原田雄次,大賀龍之,塩田北斗,向井田佑,信濃由行,兵庫,福岡,福岡,福岡,広島,福井,A2,B1,B1,A1,B1,B1,32,23,24,33,32,47,53,51,55,53,49,53,5.05,3.79,4.36,7.02,5.73,3.59,30.61,17.58,23.4,52.03,40.0,13.98,5.25,2.15,3.14,7.09,5.11,3.89,36.11,6.38,10.13,54.62,32.79,11.11,4,7,13,23,49,17,27.93,32.71,29.63,24.3,21.62,31.25,63,35,47,62,71,72,38.57,35.81,38.64,40.43,36.88,25.64,2021-11-18,6.81,6.69,6.79,6.82,6.82,6.87,-0.5,-0.5,-0.5,-0.5,-0.5,-0.5,0.03,-0.01,0.0,0.09,0.09,0.13,1,3,4,2,5,6,晴,11.0,3,2.0,14.0,2.0
2,西部ボートレース記者クラブ杯,3,2021-11-18,21,芦屋,3,予選,1800,3514,3508,4236,3981,4216,3436,山一鉄也,久富政弘,松村敏,今坂晃広,星栄爾,柏野幸二,64,14,35,1,37,36,58,69,14,60,27,33,6.7,6.8,6.74,6.79,6.78,6.73,1,2,3,4,5,6,0.11,0.19,0.19,0.14,0.15,0.17,107.8,112.2,108.4,,111.2,,1,4,2,6,3,5,1,1,3,1-3,1-3,1-3,1-5,3-5,1-3-5,1-3-5,1.2,1.0,1.2,1.9,1.4,1.2,2.5,3.0,8.0,3.7,1,1,1,3,7,3,2,逃げ,1,西部ボートレース記者クラブ杯,3,2021-11-18,芦屋,予選,1800,09:48,3514,3508,4236,3981,4216,3436,山一鉄也,久富政弘,松村敏,今坂晃広,星栄爾,柏野幸二,福岡,佐賀,福岡,静岡,静岡,岡山,A2,B1,A1,B1,A2,B1,54,50,38,44,36,52,51,54,53,52,54,51,6.12,4.46,7.61,5.22,5.83,5.79,46.92,27.03,64.13,30.43,41.49,39.0,7.09,5.39,7.3,5.7,0.0,6.08,58.26,31.88,59.49,50.0,0.0,44.74,64,14,35,1,37,36,30.19,36.04,35.59,33.04,29.36,30.97,58,69,14,60,27,33,32.58,25.0,29.03,31.34,45.65,32.86,2021-11-18,6.7,6.8,6.74,6.79,6.78,6.73,-0.5,-0.5,-0.5,-0.5,-0.5,-0.5,0.09,0.15,0.16,0.08,0.01,0.02,1,2,3,4,6,5,晴,13.0,3,2.0,14.0,2.0
3,西部ボートレース記者クラブ杯,3,2021-11-18,21,芦屋,4,予選,1800,3833,4189,5034,3629,4056,5219,中辻博訓,川上剛,若林義人,浅見昌克,小西英輝,森口和紀,26,40,27,8,6,51,26,64,13,31,68,40,6.74,6.74,6.78,6.78,6.83,6.79,1,2,3,4,5,6,0.09,0.13,0.11,0.11,0.11,0.14,107.8,,106.8,109.5,111.1,,2,5,1,3,4,6,3,3,1,3-1,1-3,1-3,3-4,1-4,3-1-4,1-3-4,26.8,2.6,1.0,72.0,7.4,2.2,6.6,1.5,182.2,6.3,10,3,4,8,2,27,3,まくり差し,1,西部ボートレース記者クラブ杯,3,2021-11-18,芦屋,予選,1800,10:19,3833,4189,5034,3629,4056,5219,中辻博訓,川上剛,若林義人,浅見昌克,小西英輝,森口和紀,福井,福岡,静岡,埼玉,福井,福岡,A1,A2,B1,A2,B1,B2,47,40,23,52,43,21,55,54,56,52,52,51,6.75,6.53,4.84,5.97,4.63,0.0,50.41,44.81,23.68,40.46,24.39,0.0,6.9,6.85,0.0,6.46,4.5,0.0,52.5,52.66,0.0,39.29,25.0,0.0,26,40,27,8,6,51,26.61,28.7,32.38,33.63,28.57,32.43,26,64,13,31,68,40,36.23,26.61,29.01,26.92,33.07,35.04,2021-11-18,6.74,6.74,6.78,6.78,6.83,6.79,-0.5,-0.5,-0.5,-0.5,-0.5,-0.5,-0.04,0.02,0.07,0.4,0.11,0.43,1,2,3,4,5,6,晴,13.0,1,1.0,14.0,1.0
4,西部ボートレース記者クラブ杯,3,2021-11-18,21,芦屋,5,予選,1800,3771,4248,4713,3044,5107,3075,折下寛法,岡本大,白神優,三宅爾士,松本真広,中村裕将,38,57,31,47,65,39,66,23,11,73,28,21,6.79,6.78,6.75,6.82,6.66,6.75,1,2,3,4,6,5,0.09,0.12,0.11,0.12,0.14,0.08,108.7,,107.8,110.0,,110.1,2,5,1,3,6,4,3,3,1,3-1,1-3,1-3,3-4,1-4,3-1-4,1-3-4,3.0,1.4,1.0,6.3,1.6,1.1,2.8,3.4,28.3,10.1,3,1,1,5,7,10,4,まくり差し,0,西部ボートレース記者クラブ杯,3,2021-11-18,芦屋,予選,1800,10:50,3771,4248,4713,3044,5107,3075,折下寛法,岡本大,白神優,三宅爾士,松本真広,中村裕将,東京,長崎,岡山,福井,福岡,埼玉,A2,B1,A1,B1,B2,A2,47,39,31,61,22,59,52,55,54,58,50,53,5.66,4.31,5.68,4.55,2.68,5.59,38.18,18.67,37.29,22.37,1.75,38.74,7.11,4.18,6.46,4.65,1.48,5.85,57.89,20.45,48.21,19.23,0.0,40.0,38,57,31,47,65,39,34.58,32.14,18.87,22.68,35.4,23.08,66,23,11,73,28,21,28.35,34.78,35.21,33.33,38.57,39.52,2021-11-18,6.79,6.78,6.75,6.82,6.66,6.75,-0.5,-0.5,-0.5,-0.5,0.5,-0.5,0.21,0.21,0.15,0.17,0.09,0.19,1,2,3,4,6,5,晴,14.0,15,1.0,14.0,1.0
5,西部ボートレース記者クラブ杯,3,2021-11-18,21,芦屋,6,予選,1800,3890,3256,3853,4753,3473,3506,小宮淳史,三角哲男,岩崎正哉,森照夫,石川真二,宮西真昭,10,43,61,54,41,28,56,30,75,15,16,52,6.82,6.75,6.77,6.74,6.8,6.69,1,3,4,5,2,6,0.21,0.12,0.18,0.19,0.11,0.17,110.6,111.0,109.1,,108.2,,3,4,2,5,1,6,5,5,3,5-3,3-5,3-5,1-5,1-3,5-3-1,1-3-5,5.8,1.8,1.4,16.1,6.1,2.2,1.9,2.5,45.3,5.3,10,3,4,2,5,20,3,差し,0,西部ボートレース記者クラブ杯,3,2021-11-18,芦屋,予選,1800,11:20,3890,3256,3853,4753,3473,3506,小宮淳史,三角哲男,岩崎正哉,森照夫,石川真二,宮西真昭,岡山,東京,福岡,福岡,福岡,佐賀,B1,A2,A1,B1,A1,B1,46,54,49,33,51,50,56,51,57,53,52,53,5.19,6.63,5.85,5.17,7.14,3.2,28.09,49.02,40.95,31.03,59.75,7.84,4.81,8.11,6.61,3.91,6.52,3.42,14.29,55.56,50.0,23.91,45.16,16.13,10,43,61,54,41,28,34.69,33.01,22.68,33.64,27.83,37.84,56,30,75,15,16,52,33.33,34.31,33.86,33.83,56.93,37.86,2021-11-18,6.82,6.75,6.77,6.74,6.8,6.69,-0.5,-0.5,0.0,0.0,-0.5,1.0,0.07,0.31,-0.03,0.14,0.03,-0.01,1,3,4,5,2,6,晴,15.0,17,0.0,14.0,1.0
6,西部ボートレース記者クラブ杯,3,2021-11-18,21,芦屋,7,予選,1800,3273,3436,3974,4811,5126,5223,石田豪,柏野幸二,深山祐二,向井田佑紀,山下大輝,森清友翔,11,36,63,49,21,18,17,33,25,71,18,19,6.8,6.79,6.79,6.8,6.8,6.78,1,2,3,4,5,6,0.09,0.04,0.03,0.13,0.1,0.16,109.1,107.7,,110.7,112.7,,2,1,5,3,4,6,2,2,1,2-1,1-2,1-2,2-4,1-4,2-1-4,1-2-4,3.7,1.0,1.0,5.8,2.0,1.2,1.6,1.2,11.3,2.7,4,1,1,4,2,4,2,差し,1,西部ボートレース記者クラブ杯,3,2021-11-18,芦屋,予選,1800,11:50,3273,3436,3974,4811,5126,5223,石田豪,柏野幸二,深山祐二,向井田佑,山下大輝,森清友翔,広島,岡山,佐賀,広島,兵庫,福岡,B1,B1,B1,B1,B1,B2,55,52,45,32,25,20,52,51,53,49,49,53,4.43,5.79,4.01,5.73,2.74,0.0,25.33,39.0,20.24,40.0,4.35,0.0,5.33,6.08,3.42,5.11,0.0,0.0,35.19,44.74,15.25,32.79,0.0,0.0,11,36,63,49,21,18,30.43,30.97,26.37,21.62,28.18,21.78,17,33,25,71,18,19,28.79,32.86,37.32,36.88,25.56,35.56,2021-11-18,6.8,6.79,6.79,6.8,6.8,6.78,-0.5,-0.5,-0.5,-0.5,-0.5,0.0,-0.01,0.02,0.12,0.05,0.14,0.26,1,2,3,4,5,6,晴,16.0,17,0.0,14.0,1.0
7,西部ボートレース記者クラブ杯,3,2021-11-18,21,芦屋,8,予選,1800,3933,2912,3620,4133,3508,3838,山地正樹,尾崎鉄也,信濃由行,高橋正男,久富政弘,伊藤啓三,58,34,17,12,14,19,38,41,72,44,69,65,6.77,6.89,6.86,6.83,6.88,6.83,1,2,3,4,5,6,0.19,0.21,0.18,0.13,0.15,0.19,107.9,111.0,,108.6,,111.4,1,3,6,2,5,4,1,1,4,1-4,1-4,1-4,1-2,2-4,1-4-2,1-2-4,1.0,1.0,1.2,2.4,1.8,1.2,1.7,4.7,8.6,4.3,1,1,1,3,8,3,3,逃げ,1,西部ボートレース記者クラブ杯,3,2021-11-18,芦屋,予選,1800,12:22,3933,2912,3620,4133,3508,3838,山地正樹,尾崎鉄也,信濃由行,高橋正男,久富政弘,伊藤啓三,岡山,長崎,福井,兵庫,佐賀,埼玉,A1,B1,B1,A2,B1,A2,45,65,47,41,50,46,54,56,53,53,54,53,6.6,3.28,3.59,5.93,4.46,5.69,51.94,13.24,13.98,42.86,27.03,39.56,6.5,4.44,3.89,5.68,5.39,4.29,41.67,26.92,11.11,47.37,31.88,17.65,58,34,17,12,14,19,26.32,34.86,31.25,24.27,36.04,30.0,38,41,72,44,69,65,30.83,32.59,25.64,36.11,25.0,25.0,2021-11-18,6.77,6.89,6.86,6.83,6.88,6.83,-0.5,-0.5,-0.5,-0.5,0.0,-0.5,0.01,0.21,0.13,0.16,0.1,0.06,1,2,3,4,5,6,晴,17.0,7,2.0,14.0,2.0
8,西部ボートレース記者クラブ杯,3,2021-11-18,21,芦屋,9,予選特賞,1800,3044,4076,3833,4213,5138,5009,三宅爾士,杉田篤光,中辻博訓,重富伸也,村本大成,大賀龍之介,47,45,26,29,16,13,73,20,26,22,45,47,6.88,6.81,6.79,6.76,6.78,6.77,1,2,3,4,5,6,0.19,0.11,0.11,0.1,0.17,0.33,108.4,109.6,110.9,112.2,,,1,2,3,4,6,5,1,1,2,1-2,1-2,1-2,1-3,2-3,1-2-3,1-2-3,5.0,2.2,1.6,10.0,5.9,1.8,1.3,1.8,14.4,2.7,6,3,4,1,5,3,1,逃げ,1,西部ボートレース記者クラブ杯,3,2021-11-18,芦屋,予選特賞,1800,12:56,3044,4076,3833,4213,5138,5009,三宅爾士,杉田篤光,中辻博訓,重富伸也,村本大成,大賀龍之,福井,静岡,福井,長崎,福岡,福岡,B1,A2,A1,B1,B2,B1,61,43,47,37,21,24,58,52,55,54,54,55,4.55,5.57,6.75,4.15,1.85,4.36,22.37,32.41,50.41,16.0,6.25,23.4,4.65,5.46,6.9,3.95,1.28,3.14,19.23,25.0,52.5,18.92,2.33,10.13,47,45,26,29,16,13,22.68,36.13,26.61,18.18,25.0,29.63,73,20,26,22,45,47,33.33,29.77,36.23,48.15,38.73,38.64,2021-11-18,6.88,6.81,6.79,6.76,6.78,6.77,-0.5,-0.5,-0.5,-0.5,-0.5,-0.5,0.16,0.09,0.18,-0.03,0.03,-0.09,1,2,3,4,5,6,晴,17.0,7,2.0,14.0,2.0
9,西部ボートレース記者クラブ杯,3,2021-11-18,21,芦屋,10,予選特賞,1800,3629,3075,4351,5102,3256,3974,浅見昌克,中村裕将,里岡右貴,原田雄次,三角哲男,深山祐二,8,39,20,7,43,63,31,21,55,35,30,25,6.77,6.86,6.78,6.7,6.83,6.8,1,2,3,4,5,6,0.15,0.17,0.11,0.17,0.19,0.21,107.6,110.1,112.2,111.2,,,1,2,4,3,6,5,1,1,2,1-2,1-2,1-2,1-4,2-4,1-2-4,1-2-4,1.0,1.2,3.5,4.3,3.4,2.0,2.9,9.6,28.9,16.2,2,2,3,6,9,10,5,逃げ,1,西部ボートレース記者クラブ杯,3,2021-11-18,芦屋,予選特賞,1800,13:31,3629,3075,4351,5102,3256,3974,浅見昌克,中村裕将,里岡右貴,原田雄次,三角哲男,深山祐二,埼玉,埼玉,福岡,福岡,東京,佐賀,A2,A2,A1,B1,A2,B1,52,59,35,23,54,45,52,53,54,51,51,53,5.97,5.59,6.37,3.79,6.63,4.01,40.46,38.74,45.39,17.58,49.02,20.24,6.46,5.85,6.24,2.15,8.11,3.42,39.29,40.0,49.43,6.38,55.56,15.25,8,39,20,7,43,63,33.63,23.08,33.04,32.71,33.01,26.37,31,21,55,35,30,25,26.92,39.52,35.71,35.81,34.31,37.32,2021-11-18,6.77,6.86,6.78,6.7,6.83,6.8,-0.5,-0.5,-0.5,0.0,-0.5,-0.5,0.09,-0.04,0.05,0.15,0.05,0.03,1,2,3,4,5,6,晴,17.0,7,4.0,14.0,4.0
10,西部ボートレース記者クラブ杯,3,2021-11-18,21,芦屋,11,予選特選,1800,4189,4216,4566,4248,3890,4523,川上剛,星栄爾,塩田北斗,岡本大,小宮淳史,中村辰也,40,37,23,57,10,3,64,27,62,23,56,37,6.77,6.82,6.84,6.88,6.76,6.82,1,2,3,4,5,6,0.16,0.14,0.12,0.12,0.08,0.08,119.2,117.0,121.9,,114.3,,3,2,4,5,1,6,5,5,2,5-2,2-5,2-5,1-5,1-2,5-2-1,1-2-5,27.5,9.5,3.2,121.0,51.0,5.8,2.9,1.0,649.6,8.1,18,9,9,4,1,66,4,まくり,1,西部ボートレース記者クラブ杯,3,2021-11-18,芦屋,予選特選,1800,14:07,4189,4216,4566,4248,3890,4523,川上剛,星栄爾,塩田北斗,岡本大,小宮淳史,中村辰也,福岡,静岡,福岡,長崎,岡山,長崎,A2,A2,A1,B1,B1,A2,40,36,33,39,46,33,54,54,53,55,56,52,6.53,5.83,7.02,4.31,5.19,5.7,44.81,41.49,52.03,18.67,28.09,39.09,6.85,0.0,7.09,4.18,4.81,5.4,52.66,0.0,54.62,20.45,14.29,37.5,40,37,23,57,10,3,28.7,29.36,24.3,32.14,34.69,26.36,64,27,62,23,56,37,26.61,45.65,40.43,34.78,33.33,30.37,2021-11-18,6.77,6.82,6.84,6.88,6.76,6.82,-0.5,-0.5,-0.5,-0.5,-0.5,-0.5,0.02,-0.02,-0.02,0.31,0.19,-0.04,1,2,3,4,5,6,晴,17.0,7,2.0,14.0,2.0
11,西部ボートレース記者クラブ杯,3,2021-11-18,21,芦屋,12,予選特選,1800,4236,3771,4661,3838,4076,3853,松村敏,折下寛法,中島昂章,伊藤啓三,杉田篤光,岩崎正哉,35,38,2,19,45,61,14,66,54,65,20,75,6.73,6.83,6.78,6.82,6.83,6.81,1,3,4,5,6,2,0.11,0.11,0.14,0.11,0.16,0.11,107.7,,108.9,110.5,,112.1,1,5,2,3,6,4,1,1,3,1-3,1-3,1-3,1-4,3-4,1-3-4,1-3-4,1.1,1.0,5.8,4.3,4.8,1.9,2.3,6.3,22.7,10.3,3,3,3,4,10,10,5,逃げ,0,西部ボートレース記者クラブ杯,3,2021-11-18,芦屋,予選特選,1800,14:46,4236,3771,4661,3838,4076,3853,松村敏,折下寛法,中島昂章,伊藤啓三,杉田篤光,岩崎正哉,福岡,東京,佐賀,埼玉,静岡,福岡,A1,A2,B1,A2,A2,A1,38,47,29,46,43,49,53,52,51,53,52,57,7.61,5.66,4.9,5.69,5.57,5.85,64.13,38.18,30.91,39.56,32.41,40.95,7.3,7.11,4.91,4.29,5.46,6.61,59.49,57.89,23.91,17.65,25.0,50.0,35,38,2,19,45,61,35.59,34.58,30.63,30.0,36.13,22.68,14,66,54,65,20,75,29.03,28.35,32.84,25.0,29.77,33.86,2021-11-18,6.73,6.83,6.78,6.82,6.83,6.81,-0.5,-0.5,-0.5,-0.5,-0.5,0.0,-0.03,0.03,0.15,0.16,0.17,-0.03,1,3,4,5,6,2,晴,17.0,7,2.0,14.0,2.0
12,スポニチ金杯争奪戦準優進出バトル,3,2021-11-18,19,下関,1,シーモ戦,1800,4624,4818,3855,4592,4529,2903,高田明,伏見俊介,大熊辰弥,小林孝弘,嶋義信,山崎毅,64,47,28,36,69,20,71,35,18,26,36,44,6.67,6.66,6.68,6.7,6.7,6.71,1,2,3,4,5,6,0.31,0.35,0.27,0.19,0.2,0.22,109.6,,111.5,108.3,112.2,,2,6,3,1,4,5,4,4,1,4-1,1-4,1-4,3-4,1-3,4-1-3,1-3-4,4.9,1.8,1.0,29.2,4.8,2.1,3.2,3.0,142.0,8.7,6,2,2,6,5,26,5,まくり差し,1,スポニチ金杯争奪戦準優進出バトル,3,2021-11-18,下関,シーモ戦,1800,15:28,4624,4818,3855,4592,4529,2903,高田明,伏見俊介,大熊辰弥,小林孝弘,嶋義信,山崎毅,佐賀,東京,香川,山口,香川,福岡,A2,B1,B1,B1,B1,B1,36,30,49,40,33,62,49,55,51,51,56,48,6.82,2.95,4.05,5.29,4.09,4.65,52.99,19.05,14.15,32.61,20.0,19.12,5.74,5.0,2.73,4.6,5.16,6.5,38.24,30.0,9.09,25.86,40.0,50.0,64,47,28,36,69,20,27.07,25.19,27.82,48.91,41.6,41.84,71,35,18,26,36,44,28.79,31.06,51.88,33.33,32.84,35.56,2021-11-18,6.67,6.66,6.68,6.7,6.7,6.71,-0.5,-0.5,-0.5,0.0,0.0,-0.5,-0.08,-0.09,-0.02,-0.03,0.08,0.24,1,2,3,4,6,5,晴,11.0,5,2.0,17.0,2.0
13,スポニチ金杯争奪戦準優進出バトル,3,2021-11-18,19,下関,2,予選,1800,3444,3459,4035,3789,3880,5143,香月大介,中野和裕,杉江浩明,和田敏彦,浅見宗孝,常盤海心,61,32,11,15,51,17,48,52,25,29,45,61,6.61,6.69,6.7,6.7,6.68,6.58,1,2,3,4,5,6,0.19,0.22,0.19,0.21,0.16,0.12,,111.5,110.4,113.1,,108.2,6,3,2,4,5,1,6,6,3,6-3,3-6,3-6,2-6,2-3,6-3-2,2-3-6,8.1,4.4,3.3,42.4,18.2,6.8,8.5,2.9,157.1,46.7,15,9,10,11,6,62,15,まくり,1,スポニチ金杯争奪戦準優進出バトル,3,2021-11-18,下関,予選,1800,16:01,3444,3459,4035,3789,3880,5143,香月大介,中野和裕,杉江浩明,和田敏彦,浅見宗孝,常盤海心,福岡,佐賀,愛知,福岡,埼玉,徳島,B1,B1,B1,B2,B1,B2,52,54,43,49,48,20,52,54,51,49,54,51,4.24,4.4,4.08,3.58,5.77,3.39,22.45,23.88,25.23,14.86,37.89,11.84,4.68,3.91,0.0,3.69,3.86,1.4,32.14,18.18,0.0,12.82,19.05,0.0,61,32,11,15,51,17,35.07,29.55,32.23,39.55,45.6,40.0,48,52,25,29,45,61,34.33,39.23,41.35,30.0,27.78,30.6,2021-11-18,6.61,6.69,6.7,6.7,6.68,6.58,0.0,-0.5,0.5,-0.5,-0.5,3.0,0.13,0.16,0.12,0.21,0.16,0.17,1,2,3,4,5,6,晴,18.0,13,2.0,17.0,2.0
14,スポニチ金杯争奪戦準優進出バトル,3,2021-11-18,19,下関,3,予選,1800,4495,4540,4631,4085,4475,4396,森晋太郎,相原利章,新井英孝,荻野裕介,末永祐輝,大田直弥,48,40,41,45,29,14,49,55,24,32,40,22,6.68,6.65,6.71,6.76,6.66,6.72,1,2,3,4,5,6,0.18,0.25,0.17,0.25,0.23,0.23,110.0,111.2,,112.2,,108.2,2,3,5,4,6,1,6,6,1,6-1,1-6,1-6,2-6,1-2,6-1-2,1-2-6,18.5,3.6,1.4,109.5,18.3,9.4,4.8,2.2,304.9,18.6,25,7,11,6,3,83,7,抜き,1,スポニチ金杯争奪戦準優進出バトル,3,2021-11-18,下関,予選,1800,16:29,4495,4540,4631,4085,4475,4396,森晋太郎,相原利章,新井英孝,荻野裕介,末永祐輝,大田直弥,福岡,東京,大阪,東京,山口,山口,B1,A2,B1,A2,A1,B1,34,34,34,42,34,35,54,52,52,52,54,51,4.45,5.74,4.94,4.87,5.89,5.12,22.67,38.98,32.5,28.57,40.59,27.0,5.25,4.88,4.53,0.0,6.04,5.41,50.0,37.5,5.26,0.0,39.57,31.33,48,40,41,45,29,14,39.84,31.67,26.92,38.57,34.78,45.77,49,55,24,32,40,22,33.09,41.91,31.62,41.41,33.09,40.91,2021-11-18,6.68,6.65,6.71,6.76,6.66,6.72,-0.5,0.0,-0.5,-0.5,0.0,-0.5,-0.07,0.02,0.08,0.19,0.07,0.08,1,2,3,4,5,6,晴,17.0,3,1.0,17.0,1.0
15,スポニチ金杯争奪戦準優進出バトル,3,2021-11-18,19,下関,4,予選,1800,3471,4794,3984,3976,3908,3621,赤峰和也,和田拓也,坂口周,内田圭,重成一人,天野晶夫,44,19,63,65,73,46,16,34,17,41,31,30,6.7,6.66,6.74,6.78,6.77,6.73,1,2,3,4,5,6,0.2,0.17,0.16,0.17,0.15,0.18,,110.1,111.8,,108.3,112.4,5,2,3,6,1,4,5,5,2,5-2,2-5,2-5,3-5,2-3,5-2-3,2-3-5,6.7,1.3,2.9,29.3,11.0,3.0,2.1,1.8,89.9,5.5,13,6,7,3,1,39,2,まくり差し,1,スポニチ金杯争奪戦準優進出バトル,3,2021-11-18,下関,予選,1800,16:51,3471,4794,3984,3976,3908,3621,赤峰和也,和田拓也,坂口周,内田圭,重成一人,天野晶夫,佐賀,兵庫,三重,山口,香川,愛知,B1,A2,A1,B1,B2,A1,51,31,43,44,43,47,53,52,53,55,55,55,3.68,5.23,6.53,4.29,6.32,6.28,13.89,31.07,41.13,28.05,46.43,43.12,3.62,4.94,4.06,4.29,6.9,7.63,14.29,31.25,11.11,28.89,40.0,62.5,44,19,63,65,73,46,48.87,37.59,35.94,38.81,33.09,35.82,16,34,17,41,31,30,36.09,33.82,37.69,26.27,29.37,37.78,2021-11-18,6.7,6.66,6.74,6.78,6.77,6.73,-0.5,-0.5,-0.5,-0.5,0.0,0.0,0.03,0.15,0.03,0.12,0.18,0.03,1,2,3,4,5,6,晴,17.0,1,1.0,17.0,1.0
16,スポニチ金杯争奪戦準優進出バトル,3,2021-11-18,19,下関,5,予選,1800,4230,3647,4572,4648,4565,4592,濱崎直矢,伊藤雄二,渡部悟,木村亮太,西村豪洋,小林孝弘,56,31,68,52,16,36,62,72,37,20,19,26,6.7,6.7,6.74,6.72,6.71,6.69,1,2,3,4,5,6,0.14,0.15,0.11,0.11,0.14,0.22,107.0,112.4,111.8,110.2,,,1,4,3,2,6,5,1,1,4,1-4,1-4,1-4,1-3,3-4,1-4-3,1-3-4,1.6,1.0,2.5,5.1,4.1,1.1,1.2,2.1,15.1,3.7,3,3,1,2,4,6,1,逃げ,1,スポニチ金杯争奪戦準優進出バトル,3,2021-11-18,下関,予選,1800,17:17,4230,3647,4572,4648,4565,4592,濱崎直矢,伊藤雄二,渡部悟,木村亮太,西村豪洋,小林孝弘,埼玉,埼玉,大阪,兵庫,愛知,山口,A1,B1,B1,A2,B1,B1,38,49,33,37,33,40,54,50,54,52,53,51,6.34,4.68,5.72,4.75,5.21,5.29,47.9,25.88,41.38,24.79,33.93,32.61,4.88,0.0,5.38,4.2,4.71,4.6,25.0,0.0,33.33,16.0,14.29,25.86,56,31,68,52,16,36,24.24,34.04,29.85,32.85,37.4,48.91,62,72,37,20,19,26,33.85,30.88,27.78,32.82,39.85,33.33,2021-11-18,6.7,6.7,6.74,6.72,6.71,6.69,-0.5,-0.5,-0.5,-0.5,-0.5,0.0,-0.07,0.01,0.06,0.08,0.14,0.05,1,2,3,4,5,6,晴,16.0,1,1.0,17.0,1.0
17,スポニチ金杯争奪戦準優進出バトル,3,2021-11-18,19,下関,6,予選,1800,4035,4743,4439,3541,3968,3977,杉江浩明,木村仁紀,近藤友宝,三嶌誠司,茶谷信次,山本兼士,11,38,24,59,66,54,25,27,12,38,50,14,6.72,6.77,6.74,6.72,6.78,6.58,1,2,3,4,5,6,0.16,0.14,0.12,0.07,0.13,0.09,,110.0,,108.7,110.6,112.4,6,2,5,1,3,4,4,4,2,4-2,2-4,2-4,4-5,2-5,4-2-5,2-4-5,5.1,1.0,1.7,10.8,5.3,1.7,3.4,4.1,26.6,7.6,5,3,1,5,7,8,2,差し,1,スポニチ金杯争奪戦準優進出バトル,3,2021-11-18,下関,予選,1800,17:48,4035,4743,4439,3541,3968,3977,杉江浩明,木村仁紀,近藤友宝,三嶌誠司,茶谷信次,山本兼士,愛知,滋賀,埼玉,香川,滋賀,大阪,B1,A2,B1,A1,A2,B1,43,29,35,53,45,44,51,54,55,53,53,52,4.08,6.62,4.31,7.13,4.91,4.85,25.23,46.73,20.41,54.1,27.96,32.46,0.0,5.56,3.93,5.58,5.35,0.0,0.0,38.89,13.33,38.46,29.73,0.0,11,38,24,59,66,54,32.23,40.6,28.57,30.08,38.52,37.16,25,27,12,38,50,14,41.35,31.58,30.71,42.86,28.68,36.3,2021-11-18,6.72,6.77,6.74,6.72,6.78,6.58,0.0,-0.5,0.0,0.0,-0.5,2.0,-0.02,-0.02,0.04,-0.02,0.12,0.75,1,2,3,4,5,6,晴,16.0,1,1.0,17.0,1.0
18,スポニチ金杯争奪戦準優進出バトル,3,2021-11-18,19,下関,7,ふく〜る特賞,1800,4381,4495,3444,4012,3679,3922,田路朋史,森晋太郎,香月大介,中村有裕,飯島昌弘,菅沼佳昭,18,48,61,62,34,23,43,49,48,28,51,68,6.68,6.74,6.68,6.73,6.81,6.72,1,2,3,4,5,6,0.18,0.19,0.21,0.2,0.26,0.38,108.1,109.9,,111.8,111.2,,1,2,5,4,3,6,1,1,2,1-2,1-2,1-2,1-5,2-5,1-2-5,1-2-5,1.4,1.0,2.4,4.6,3.3,2.2,2.0,2.3,9.4,3.3,2,2,4,2,5,2,2,逃げ,1,スポニチ金杯争奪戦準優進出バトル,3,2021-11-18,下関,ふく〜る特賞,1800,18:19,4381,4495,3444,4012,3679,3922,田路朋史,森晋太郎,香月大介,中村有裕,飯島昌弘,菅沼佳昭,兵庫,福岡,福岡,滋賀,埼玉,愛知,A2,B1,B1,A2,A1,B1,37,34,52,42,48,46,52,54,52,58,53,52,5.65,4.45,4.24,5.25,6.8,4.25,42.11,22.67,22.45,32.71,50.0,25.33,5.13,5.25,4.68,5.07,7.71,2.86,36.84,50.0,32.14,32.14,57.14,7.14,18,48,61,62,34,23,34.31,39.84,35.07,34.11,35.46,37.1,43,49,48,28,51,68,30.83,33.09,34.33,38.06,36.09,21.26,2021-11-18,6.68,6.74,6.68,6.73,6.81,6.72,0.0,-0.5,0.0,-0.5,-0.5,-0.5,-0.03,0.12,0.12,0.06,-0.01,-0.02,1,2,3,4,5,6,晴,15.0,1,1.0,17.0,1.0
19,スポニチ金杯争奪戦準優進出バトル,3,2021-11-18,19,下関,8,予選,1800,3459,4571,4396,4981,5124,4128,中野和裕,菅章哉,大田直弥,牧山敦也,上瀧絢也,川口貴久,32,42,14,39,72,60,52,63,22,64,57,39,6.68,6.6,6.69,6.74,6.71,6.79,1,2,3,4,5,6,0.09,0.08,0.14,0.11,0.11,0.09,,107.9,109.6,111.5,,111.5,5,1,2,3,6,4,2,2,3,2-3,2-3,2-3,2-4,3-4,2-3-4,2-3-4,1.2,1.1,1.4,2.5,2.2,1.1,1.3,3.3,7.2,3.6,1,1,1,2,6,1,2,まくり,1,スポニチ金杯争奪戦準優進出バトル,3,2021-11-18,下関,予選,1800,18:49,3459,4571,4396,4981,5124,4128,中野和裕,菅章哉,大田直弥,牧山敦也,上瀧絢也,川口貴久,佐賀,徳島,山口,佐賀,佐賀,東京,B1,A1,B1,B1,B2,A2,54,33,35,25,25,41,54,52,51,52,54,55,4.4,7.04,5.12,5.03,1.14,5.16,23.88,55.56,27.0,31.58,0.0,31.86,3.91,8.75,5.41,3.6,0.0,0.0,18.18,75.0,31.33,26.67,0.0,0.0,32,42,14,39,72,60,29.55,33.33,45.77,37.06,35.61,37.4,52,63,22,64,57,39,39.23,37.98,40.91,30.25,28.15,27.34,2021-11-18,6.68,6.6,6.69,6.74,6.71,6.79,-0.5,-0.5,-0.5,-0.5,-0.5,-0.5,0.1,0.22,0.12,0.12,0.07,0.31,1,2,3,4,5,6,晴,14.0,1,1.0,17.0,1.0
20,スポニチ金杯争奪戦準優進出バトル,3,2021-11-18,19,下関,9,予選,1800,3880,4583,4752,3647,3976,4080,浅見宗孝,古田祐貴,西尾亮輔,伊藤雄二,内田圭,山崎哲司,51,43,30,31,65,22,45,11,59,72,41,70,6.66,6.7,6.69,6.66,6.77,6.69,1,2,3,5,6,4,0.08,0.14,0.11,0.12,0.08,0.11,109.5,111.0,112.5,,,110.0,1,3,4,5,6,2,1,1,6,1-6,1-6,1-6,1-2,2-6,1-6-2,1-2-6,1.6,1.2,1.5,3.4,2.0,1.7,2.6,1.8,9.4,2.9,1,1,2,5,3,1,1,逃げ,0,スポニチ金杯争奪戦準優進出バトル,3,2021-11-18,下関,予選,1800,19:20,3880,4583,4752,3647,3976,4080,浅見宗孝,古田祐貴,西尾亮輔,伊藤雄二,内田圭,山崎哲司,埼玉,香川,愛知,埼玉,山口,愛知,B1,A2,B1,B1,B1,A1,48,32,33,49,44,42,54,53,51,50,55,52,5.77,4.12,4.29,4.68,4.29,6.24,37.89,13.33,22.78,25.88,28.05,42.24,3.86,4.86,0.0,0.0,4.29,7.2,19.05,14.29,0.0,0.0,28.89,53.33,51,43,30,31,65,22,45.6,28.13,36.44,34.04,38.81,41.04,45,11,59,72,41,70,27.78,36.84,40.74,30.88,26.27,26.61,2021-11-18,6.66,6.7,6.69,6.66,6.77,6.69,-0.5,0.0,-0.5,0.0,-0.5,-0.5,0.05,0.13,0.02,0.07,0.16,0.1,1,2,3,5,6,4,晴,14.0,1,1.0,17.0,1.0
21,スポニチ金杯争奪戦準優進出バトル,3,2021-11-18,19,下関,10,予選特賞,1800,4743,4043,3908,4624,4085,4572,木村仁紀,桐本康臣,重成一人,高田明,荻野裕介,渡部悟,38,58,73,64,45,68,27,60,31,71,32,37,6.77,6.74,6.72,6.67,6.75,6.76,1,2,3,4,5,6,0.24,0.21,0.19,0.31,0.29,0.27,108.2,109.4,110.5,,111.9,,1,2,3,6,4,5,1,1,2,1-2,1-2,1-2,1-3,2-3,1-2-3,1-2-3,1.4,1.4,2.5,4.2,2.9,1.0,1.1,2.9,8.1,3.3,2,1,1,2,6,1,1,逃げ,1,スポニチ金杯争奪戦準優進出バトル,3,2021-11-18,下関,予選特賞,1800,19:47,4743,4043,3908,4624,4085,4572,木村仁紀,桐本康臣,重成一人,高田明,荻野裕介,渡部悟,滋賀,三重,香川,佐賀,東京,大阪,A2,A1,B2,A2,A2,B1,29,42,43,36,42,33,54,53,55,49,52,54,6.62,6.42,6.32,6.82,4.87,5.72,46.73,47.27,46.43,52.99,28.57,41.38,5.56,0.0,6.9,5.74,0.0,5.38,38.89,0.0,40.0,38.24,0.0,33.33,38,58,73,64,45,68,40.6,31.91,33.09,27.07,38.57,29.85,27,60,31,71,32,37,31.58,29.29,29.37,28.79,41.41,27.78,2021-11-18,6.77,6.74,6.72,6.67,6.75,6.76,-0.5,-0.5,-0.5,-0.5,0.0,-0.5,0.13,0.12,0.15,0.18,0.25,0.1,1,2,3,4,5,6,晴,12.0,5,2.0,17.0,2.0
22,スポニチ金杯争奪戦準優進出バトル,3,2021-11-18,19,下関,11,予選特選,1800,3541,3471,4540,4230,4012,4818,三嶌誠司,赤峰和也,相原利章,濱崎直矢,中村有裕,伏見俊介,59,44,40,56,62,47,38,16,55,62,28,35,6.71,6.73,6.68,6.74,6.73,6.76,1,2,3,4,5,6,0.14,0.23,0.19,0.19,0.07,0.15,108.7,,112.1,,110.0,111.0,1,6,4,5,2,3,1,1,5,1-5,1-5,1-5,1-6,5-6,1-5-6,1-5-6,1.6,1.3,7.5,13.6,7.1,4.9,10.6,19.7,139.5,65.0,6,4,6,12,14,29,12,抜き,1,スポニチ金杯争奪戦準優進出バトル,3,2021-11-18,下関,予選特選,1800,20:14,3541,3471,4540,4230,4012,4818,三嶌誠司,赤峰和也,相原利章,濱崎直矢,中村有裕,伏見俊介,香川,佐賀,東京,埼玉,滋賀,東京,A1,B1,A2,A1,A2,B1,53,51,34,38,42,30,53,53,52,54,58,55,7.13,3.68,5.74,6.34,5.25,2.95,54.1,13.89,38.98,47.9,32.71,19.05,5.58,3.62,4.88,4.88,5.07,5.0,38.46,14.29,37.5,25.0,32.14,30.0,59,44,40,56,62,47,30.08,48.87,31.67,24.24,34.11,25.19,38,16,55,62,28,35,42.86,36.09,41.91,33.85,38.06,31.06,2021-11-18,6.71,6.73,6.68,6.74,6.73,6.76,0.0,-0.5,0.0,-0.5,-0.5,-0.5,-0.1,-0.11,-0.04,-0.06,-0.07,-0.01,1,2,3,4,5,6,晴,12.0,5,3.0,17.0,3.0
23,スポニチ金杯争奪戦準優進出バトル,3,2021-11-18,19,下関,12,シーボー特選,1800,4571,4381,3968,4475,4648,4794,菅章哉,田路朋史,茶谷信次,末永祐輝,木村亮太,和田拓也,42,18,66,29,52,19,63,43,50,40,20,34,6.65,6.7,6.75,6.73,6.72,6.7,1,2,3,4,5,6,0.16,0.18,0.14,0.07,0.09,0.09,110.2,,112.9,108.6,,111.8,2,6,4,1,5,3,4,4,1,4-1,1-4,1-4,4-6,1-6,4-1-6,1-4-6,10.9,1.6,1.0,23.2,3.5,2.1,10.5,2.7,127.5,10.1,7,2,2,13,4,25,5,まくり,1,スポニチ金杯争奪戦準優進出バトル,3,2021-11-18,下関,シーボー特選,1800,20:41,4571,4381,3968,4475,4648,4794,菅章哉,田路朋史,茶谷信次,末永祐輝,木村亮太,和田拓也,徳島,兵庫,滋賀,山口,兵庫,兵庫,A1,A2,A2,A1,A2,A2,33,37,45,34,37,31,52,52,53,54,52,52,7.04,5.65,4.91,5.89,4.75,5.23,55.56,42.11,27.96,40.59,24.79,31.07,8.75,5.13,5.35,6.04,4.2,4.94,75.0,36.84,29.73,39.57,16.0,31.25,42,18,66,29,52,19,33.33,34.31,38.52,34.78,32.85,37.59,63,43,50,40,20,34,37.98,30.83,28.68,33.09,32.82,33.82,2021-11-18,6.65,6.7,6.75,6.73,6.72,6.7,-0.5,0.0,-0.5,0.0,-0.5,-0.5,0.12,0.03,0.06,0.02,-0.04,0.08,1,2,3,4,5,6,晴,11.0,5,2.0,17.0,2.0
24,BTS呉開設29周年記念山口新聞社杯争奪戦,3,2021-11-18,18,徳山,5,グランプリ特,1800,4070,4452,3265,3427,3107,4771,中村亮太,松尾祭,今村暢孝,大賀広幸,平岡重典,下寺秀和,27,63,28,68,19,11,18,74,64,67,48,21,6.9,6.97,6.93,6.87,6.9,6.92,1,3,2,4,5,6,0.25,0.16,0.21,0.16,0.22,0.12,111.3,,,111.9,114.3,114.0,1,6,5,2,4,3,1,1,4,1-4,1-4,1-4,1-6,4-6,1-4-6,1-4-6,1.1,1.0,2.2,4.6,3.5,1.9,5.1,7.0,23.9,14.1,2,2,2,8,12,9,7,逃げ,0,BTS呉開設29周年記念山口新聞社杯争奪戦,3,2021-11-18,徳山,グランプリ特,1800,10:57,4070,4452,3265,3427,3107,4771,中村亮太,松尾祭,今村暢孝,大賀広幸,平岡重典,下寺秀和,長崎,香川,福岡,山口,大阪,広島,A1,A2,A1,A2,B1,B1,40,33,56,54,58,28,52,55,52,51,50,54,5.3,5.29,6.85,5.26,4.37,6.46,40.0,34.48,53.85,31.0,23.16,45.78,5.92,5.13,6.55,6.18,4.88,6.48,45.83,32.26,50.0,42.18,16.67,40.0,27,63,28,68,19,11,41.13,26.02,26.02,34.4,43.07,32.48,18,74,64,67,48,21,66.67,45.45,14.29,18.18,41.67,41.67,2021-11-18,6.9,6.97,6.93,6.87,6.9,6.92,-0.5,-0.5,-0.5,0.0,-0.5,-0.5,-0.02,-0.11,-0.11,-0.07,-0.08,-0.08,1,3,2,4,5,6,晴,17.0,9,1.0,18.0,1.0
25,BTS呉開設29周年記念山口新聞社杯争奪戦,3,2021-11-18,18,徳山,6,予選,1800,4567,3543,3517,3710,5148,3716,上村慎太郎,福田雅一,高橋勲,吉永泰弘,松本怜,石渡鉄兵,72,13,58,52,64,24,49,17,45,75,16,59,6.92,6.95,6.95,6.92,6.83,6.93,1,2,3,4,5,6,0.2,0.13,0.16,0.18,0.16,0.21,112.7,111.1,113.4,,,114.0,2,1,3,5,6,4,2,2,1,2-1,1-2,1-2,2-3,1-3,2-1-3,1-2-3,2.2,1.2,2.1,10.2,4.2,2.6,1.9,2.1,22.2,4.7,5,2,6,2,3,6,2,差し,1,BTS呉開設29周年記念山口新聞社杯争奪戦,3,2021-11-18,徳山,予選,1800,11:28,4567,3543,3517,3710,5148,3716,上村慎太,福田雅一,高橋勲,吉永泰弘,松本怜,石渡鉄兵,山口,香川,東京,香川,福岡,東京,B1,A2,A2,B1,B2,A1,33,53,53,47,27,46,50,55,57,52,47,55,4.1,6.02,6.46,4.81,1.83,6.43,15.94,48.04,48.76,30.25,3.08,36.7,4.22,5.57,0.0,4.79,1.25,4.78,21.57,35.71,0.0,28.57,0.0,22.22,72,13,58,52,64,24,39.42,30.0,27.82,24.43,39.71,16.35,49,17,45,75,16,59,33.33,27.78,66.67,27.27,33.33,36.36,2021-11-18,6.92,6.95,6.95,6.92,6.83,6.93,-0.5,0.0,0.0,-0.5,0.5,0.5,0.02,-0.11,-0.01,0.07,0.04,0.14,1,2,3,4,5,6,晴,17.0,9,1.0,18.0,1.0
26,BTS呉開設29周年記念山口新聞社杯争奪戦,3,2021-11-18,18,徳山,8,特賞,1800,3283,4288,4145,4263,4452,4302,窪田好弘,永田啓二,小澤学,武重雄介,松尾祭,西野翔太,53,21,29,51,63,61,54,42,63,40,74,65,6.94,6.91,6.97,7.01,6.95,6.91,1,2,3,4,5,6,0.19,0.14,0.29,0.17,0.25,0.19,115.1,112.0,112.6,,113.0,,4,1,2,6,3,5,2,2,3,2-3,2-3,2-3,2-5,3-5,2-3-5,2-3-5,1.2,1.2,4.5,28.4,20.7,5.2,4.9,14.6,191.0,66.2,10,9,9,7,15,57,17,まくり,1,BTS呉開設29周年記念山口新聞社杯争奪戦,3,2021-11-18,徳山,特賞,1800,12:30,3283,4288,4145,4263,4452,4302,窪田好弘,永田啓二,小澤学,武重雄介,松尾祭,西野翔太,福井,福岡,東京,山口,香川,広島,B1,A1,B1,B1,A2,A1,54,37,40,37,33,38,52,54,55,55,55,52,4.12,6.91,3.48,6.57,5.29,6.46,15.0,57.14,14.29,47.73,34.48,46.97,0.0,6.08,4.33,5.72,5.13,5.84,0.0,46.15,11.11,42.52,32.26,26.32,53,21,29,51,63,61,34.06,37.59,27.21,35.07,26.02,33.33,54,42,63,40,74,65,58.33,53.85,40.0,66.67,45.45,44.44,2021-11-18,6.94,6.91,6.97,7.01,6.95,6.91,-0.5,0.0,-0.5,-0.5,-0.5,-0.5,-0.05,0.21,0.12,0.15,0.07,0.06,1,2,3,4,5,6,晴,18.0,9,3.0,18.0,3.0
27,BTS呉開設29周年記念山口新聞社杯争奪戦,3,2021-11-18,18,徳山,9,予選,1800,4520,4821,4119,4846,3265,4403,高倉孝太,妻鳥晋也,泥谷一毅,佐藤駿介,今村暢孝,木下大將,17,16,22,15,28,70,32,51,46,61,64,37,6.96,6.95,7.04,6.94,7.01,6.95,1,3,4,5,2,6,0.13,0.11,0.11,0.15,0.17,0.13,,111.6,112.5,,115.0,113.8,5,1,2,6,4,3,2,2,3,2-3,2-3,2-3,2-6,3-6,2-3-6,2-3-6,2.3,1.0,2.3,13.1,6.8,2.5,2.5,4.9,30.7,11.6,6,4,4,4,10,10,5,まくり,0,BTS呉開設29周年記念山口新聞社杯争奪戦,3,2021-11-18,徳山,予選,1800,13:02,4520,4821,4119,4846,3265,4403,高倉孝太,妻鳥晋也,泥谷一毅,佐藤駿介,今村暢孝,木下大將,福井,香川,大阪,山口,福岡,福岡,B1,A2,B1,B1,A1,A2,34,29,40,28,56,36,49,57,57,52,52,53,5.58,5.85,4.67,4.04,6.85,5.3,37.82,41.28,27.78,22.0,53.85,32.26,5.81,6.93,4.83,4.36,6.55,5.39,40.43,57.14,31.03,27.66,50.0,32.14,17,16,22,15,28,70,36.57,33.6,35.61,24.24,26.02,32.23,32,51,46,61,64,37,25.0,46.15,10.53,11.11,14.29,30.77,2021-11-18,6.96,6.95,7.04,6.94,7.01,6.95,0.0,0.0,-0.5,-0.5,-0.5,-0.5,0.03,0.13,0.05,-0.03,0.06,0.07,1,3,4,5,2,6,晴,18.0,9,4.0,18.0,4.0
28,BTS呉開設29周年記念山口新聞社杯争奪戦,3,2021-11-18,18,徳山,10,予選,1800,4890,4239,4070,4005,3523,3517,石川諒,竹田辰也,中村亮太,瀬川公則,寳田亮治,高橋勲,50,14,27,26,59,58,13,15,18,53,52,45,6.93,6.88,6.92,6.97,6.97,6.91,1,2,3,5,6,4,0.21,0.21,0.19,0.28,0.22,0.26,112.3,110.2,114.4,,,114.6,2,1,3,6,5,4,2,2,1,2-1,1-2,1-2,2-3,1-3,2-1-3,1-2-3,1.9,1.1,1.0,4.3,3.0,1.1,1.5,1.5,8.6,2.8,1,2,1,2,3,2,1,差し,0,BTS呉開設29周年記念山口新聞社杯争奪戦,3,2021-11-18,徳山,予選,1800,13:35,4890,4239,4070,4005,3523,3517,石川諒,竹田辰也,中村亮太,瀬川公則,寳田亮治,高橋勲,山口,山口,長崎,山口,福岡,東京,B1,A1,A1,B1,B1,A2,32,37,40,43,53,53,51,54,52,56,53,57,5.1,6.79,5.3,3.93,5.26,6.46,30.19,50.0,40.0,17.54,29.63,48.76,5.18,6.89,5.92,4.44,6.33,0.0,31.63,52.8,45.83,27.27,44.44,0.0,50,14,27,26,59,58,36.76,40.0,41.13,33.33,29.84,27.82,13,15,18,53,52,45,50.0,58.33,66.67,46.15,23.08,66.67,2021-11-18,6.93,6.88,6.92,6.97,6.97,6.91,-0.5,-0.5,-0.5,-0.5,0.0,0.0,0.12,0.17,0.13,0.22,0.07,0.15,1,2,3,5,6,4,晴,18.0,9,4.0,18.0,4.0
29,BTS呉開設29周年記念山口新聞社杯争奪戦,3,2021-11-18,18,徳山,11,すなっち特賞,1800,3347,3921,3427,4373,3716,5146,矢後剛,川村正輝,大賀広幸,若狭奈美子,石渡鉄兵,野田彩加,62,60,68,54,24,57,55,70,67,14,59,57,6.91,6.93,6.89,6.91,6.96,6.92,1,2,3,4,5,6,0.27,0.26,0.24,0.18,0.18,0.21,110.6,111.9,112.3,,114.4,,1,2,3,5,4,6,1,1,2,1-2,1-2,1-2,1-3,2-3,1-2-3,1-2-3,1.5,1.2,4.2,5.0,7.9,2.2,1.1,3.4,13.9,5.7,2,3,4,1,6,4,2,逃げ,1,BTS呉開設29周年記念山口新聞社杯争奪戦,3,2021-11-18,徳山,すなっち特賞,1800,14:10,3347,3921,3427,4373,3716,5146,矢後剛,川村正輝,大賀広幸,若狭奈美,石渡鉄兵,野田彩加,東京,福井,山口,岡山,東京,山口,A2,B1,A2,B2,A1,B2,54,46,54,33,46,18,56,50,51,49,55,50,4.9,5.35,5.26,4.33,6.43,2.71,23.53,33.67,31.0,18.03,36.7,4.71,5.16,4.9,6.18,4.0,4.78,2.05,24.0,28.57,42.18,18.52,22.22,2.33,62,60,68,54,24,57,33.06,32.14,34.4,59.86,16.35,43.38,55,70,67,14,59,57,23.53,40.0,18.18,17.65,36.36,20.0,2021-11-18,6.91,6.93,6.89,6.91,6.96,6.92,0.0,-0.5,0.0,0.0,-0.5,0.0,0.14,-0.02,-0.03,0.07,0.05,-0.04,1,2,3,4,5,6,晴,19.0,9,5.0,18.0,5.0
30,BTS呉開設29周年記念山口新聞社杯争奪戦,3,2021-11-18,18,徳山,12,特選,1800,3534,3350,3882,3188,4288,3832,野澤大二,藤本佳史,新田智彰,日高逸子,永田啓二,下田哲也,67,32,12,18,21,20,22,58,68,62,42,72,6.93,6.96,6.95,6.89,6.93,7.0,1,2,3,4,5,6,0.14,0.15,0.16,0.19,0.08,0.14,112.4,111.4,,,109.7,114.1,3,2,6,5,1,4,5,5,2,5-2,2-5,2-5,1-5,1-2,5-2-1,1-2-5,7.0,5.2,6.2,43.0,12.1,3.7,1.8,1.9,72.0,3.7,10,5,7,2,3,22,1,まくり,1,BTS呉開設29周年記念山口新聞社杯争奪戦,3,2021-11-18,徳山,特選,1800,14:49,3534,3350,3882,3188,4288,3832,野澤大二,藤本佳史,新田智彰,日高逸子,永田啓二,下田哲也,東京,山口,大阪,福岡,福岡,香川,A1,A2,A2,B2,A1,B1,49,53,48,60,37,47,56,52,56,46,54,54,6.1,5.88,5.52,5.69,6.91,5.03,46.94,41.07,35.11,36.36,57.14,27.27,5.56,5.7,4.43,7.46,6.08,5.58,40.74,38.93,21.43,61.54,46.15,35.48,67,32,12,18,21,20,34.78,17.48,37.01,30.47,37.59,29.66,22,58,68,62,42,72,66.67,90.0,18.18,20.0,53.85,54.55,2021-11-18,6.93,6.96,6.95,6.89,6.93,7.0,-0.5,0.0,0.0,0.0,0.0,0.0,0.06,0.27,0.14,0.07,0.12,0.13,1,2,3,4,5,6,晴,18.0,11,5.0,18.0,5.0
31,日刊スポーツ杯,1,2021-11-18,16,児島,1,朝得ガァ〜コ,1800,3873,3982,3153,4054,3910,3361,別府昌樹,福田理,前川竜次,福嶋智之,松下知幸,岡部浩,67,71,34,33,43,22,36,12,18,38,50,13,6.71,6.66,6.71,6.68,6.81,6.79,1,2,3,4,5,6,0.19,0.2,0.18,0.21,0.24,0.22,109.2,109.8,113.0,,,112.2,1,2,4,5,6,3,1,1,2,1-2,1-2,1-2,1-6,2-6,1-2-6,1-2-6,1.0,1.0,2.6,1.8,1.6,1.4,2.1,7.1,14.4,7.5,1,1,1,4,10,5,3,逃げ,1,日刊スポーツ杯,1,2021-11-18,児島,朝得ガァ〜コ,1800,10:27,3873,3982,3153,4054,3910,3361,別府昌樹,福田理,前川竜次,福嶋智之,松下知幸,岡部浩,広島,岡山,佐賀,岡山,香川,徳島,A1,B1,B1,B1,B1,B1,45,44,57,43,48,52,53,56,53,53,52,51,6.14,4.59,3.94,3.5,4.23,4.89,42.34,25.74,17.07,16.07,21.62,27.55,5.88,5.23,4.43,4.83,5.31,5.81,39.39,34.52,23.91,26.23,38.46,33.33,67,71,34,33,43,22,41.51,36.06,36.71,41.4,32.37,33.49,36,12,18,38,50,13,44.05,29.84,38.1,35.79,26.23,34.75,2021-11-18,6.71,6.66,6.71,6.68,6.81,6.79,-0.5,-0.5,-0.5,-0.5,-0.5,-0.5,0.09,0.1,0.11,0.23,0.17,0.16,1,2,3,4,5,6,晴,17.0,15,2.0,18.0,3.0
32,日刊スポーツ杯,1,2021-11-18,16,児島,2,予選,1800,3866,5036,3884,3879,4374,3825,木山誠一,福田翔吾,豊田聡,中村格,永田義紘,宮嵜隆太郎,69,21,72,17,56,16,30,35,19,26,70,42,6.74,6.72,6.71,6.69,6.73,6.69,1,2,3,4,5,6,0.13,0.15,0.12,0.18,0.09,0.1,112.0,,,110.7,109.6,112.1,3,5,6,2,1,4,5,5,4,5-4,4-5,4-5,1-5,1-4,5-4-1,1-4-5,17.3,3.9,5.0,50.4,20.1,4.9,3.0,2.3,198.5,12.6,14,8,9,4,2,56,6,まくり差し,1,日刊スポーツ杯,1,2021-11-18,児島,予選,1800,10:56,3866,5036,3884,3879,4374,3825,木山誠一,福田翔吾,豊田聡,中村格,永田義紘,宮嵜隆太,岡山,大阪,徳島,岡山,広島,福岡,B1,B1,B1,B1,B1,B1,46,23,48,48,37,48,56,53,54,59,50,60,3.73,3.86,3.56,3.92,3.88,3.67,18.75,16.44,10.26,22.68,18.29,18.37,4.18,2.33,4.11,3.9,3.95,3.67,19.4,0.0,15.79,17.12,17.95,16.67,69,21,72,17,56,16,31.16,42.36,33.01,33.96,34.6,35.07,30,35,19,26,70,42,28.68,30.23,39.44,37.86,30.0,30.47,2021-11-18,6.74,6.72,6.71,6.69,6.73,6.69,-0.5,0.0,-0.5,-0.5,-0.5,-0.5,-0.01,0.09,0.08,0.17,0.16,0.14,1,2,3,4,5,6,晴,14.0,13,2.0,18.0,3.0
33,日刊スポーツ杯,1,2021-11-18,16,児島,3,予選,1800,4864,3680,3442,3746,4905,4072,小川日紀太,森林太,宮武英司,岡瀬正人,土井祥伍,森永淳,57,47,37,15,54,68,51,57,58,14,23,31,6.66,6.72,6.67,6.65,6.67,6.6,1,2,3,4,5,6,0.16,0.22,0.21,0.2,0.26,0.23,,109.3,110.9,111.4,,112.1,5,1,2,3,6,4,2,2,3,2-3,2-3,2-3,2-4,3-4,2-3-4,2-3-4,3.9,1.6,1.8,49.8,16.0,4.8,3.7,2.1,130.6,16.9,19,8,10,7,1,55,9,まくり,1,日刊スポーツ杯,1,2021-11-18,児島,予選,1800,11:30,4864,3680,3442,3746,4905,4072,小川日紀,森林太,宮武英司,岡瀬正人,土井祥伍,森永淳,福岡,長崎,香川,岡山,大阪,佐賀,B2,B1,A2,A2,B1,A1,32,48,52,46,27,40,53,55,55,52,54,52,4.81,4.73,5.46,5.93,4.32,6.38,27.78,26.61,33.65,41.09,23.64,50.0,4.58,4.38,5.62,6.29,4.0,5.58,25.81,32.5,33.33,41.61,22.22,42.31,57,47,37,15,54,68,44.19,40.98,38.46,31.6,31.13,35.65,51,57,58,14,23,31,36.32,31.98,40.63,34.76,37.1,35.29,2021-11-18,6.66,6.72,6.67,6.65,6.67,6.6,-0.5,-0.5,-0.5,-0.5,-0.5,0.0,0.16,0.27,-0.01,0.07,0.1,0.12,1,2,3,4,5,6,晴,14.0,11,2.0,18.0,3.0
34,日刊スポーツ杯,1,2021-11-18,16,児島,4,予選,1800,3773,4704,4531,3736,4544,3682,津留浩一郎,河野大,武富智亮,岡本猛,松田大志郎,切田潤二,38,65,26,61,18,62,46,48,55,41,24,67,6.62,6.66,6.65,6.64,6.64,6.71,1,2,3,4,5,6,0.33,0.29,0.15,0.13,0.14,0.23,112.7,111.8,,109.1,110.8,,4,3,5,1,2,6,特払い,4,5,4-5,4-5,4-5,2-4,2-5,4-5-2,2-4-5,0.7,7.8,2.5,97.3,27.2,9.3,5.3,1.7,244.7,13.1,18,9,8,7,2,58,5,まくり差し,1,日刊スポーツ杯,1,2021-11-18,児島,予選,1800,12:01,3773,4704,4531,3736,4544,3682,津留浩一,河野大,武富智亮,岡本猛,松田大志,切田潤二,長崎,徳島,佐賀,大阪,福岡,山口,B1,A2,A2,B2,A1,B1,47,33,33,48,33,48,54,50,53,52,52,50,4.34,6.18,6.11,3.93,7.19,4.11,23.91,41.89,46.85,20.0,58.99,18.75,4.5,5.5,5.48,6.27,7.16,4.49,30.0,34.38,47.62,40.91,60.0,15.38,38,65,26,61,18,62,44.23,43.48,29.05,32.85,35.75,31.82,46,48,55,41,24,67,33.97,33.75,33.1,33.94,30.4,40.96,2021-11-18,6.62,6.66,6.65,6.64,6.64,6.71,-0.5,-0.5,-0.5,-0.5,-0.5,-0.5,0.18,0.06,0.12,0.18,0.22,0.22,1,2,3,4,5,6,晴,14.0,11,3.0,18.0,3.0
35,日刊スポーツ杯,1,2021-11-18,16,児島,5,日替艇食戦,1800,4693,4498,3661,3411,3307,3874,松下誉士,宮本夏樹,柳瀬興志,池上隆行,上瀧和則,山本寛久,25,27,36,12,42,30,11,60,53,65,16,20,6.61,6.65,6.62,6.72,6.69,6.67,1,3,4,5,2,6,0.23,0.34,0.15,0.13,0.27,0.13,111.2,,109.7,113.1,,112.1,2,5,1,4,6,3,3,3,1,3-1,1-3,1-3,3-6,1-6,3-1-6,1-3-6,1.6,3.5,14.6,13.2,6.0,3.7,2.4,4.8,32.1,5.7,5,4,7,2,10,8,2,まくり,0,日刊スポーツ杯,1,2021-11-18,児島,日替艇食戦,1800,12:29,4693,4498,3661,3411,3307,3874,松下誉士,宮本夏樹,柳瀬興志,池上隆行,上瀧和則,山本寛久,福岡,長崎,山口,広島,佐賀,岡山,B1,B1,A2,B1,A2,A1,37,34,52,52,53,45,51,55,57,53,52,52,4.21,5.34,5.21,3.68,5.95,6.57,18.1,37.31,26.19,15.0,46.73,49.62,4.0,5.21,4.98,1.0,5.11,6.69,25.0,41.38,21.82,0.0,44.44,47.85,25,27,36,12,42,30,36.79,34.34,52.94,28.14,32.37,30.19,11,60,53,65,16,20,33.54,34.78,36.07,47.19,31.43,43.09,2021-11-18,6.61,6.65,6.62,6.72,6.69,6.67,0.0,-0.5,-0.5,-0.5,0.0,-0.5,0.08,0.1,0.09,0.06,0.05,0.1,1,3,4,5,2,6,晴,15.0,13,4.0,18.0,3.0
36,日刊スポーツ杯,1,2021-11-18,16,児島,6,昼得クラリス,1800,3662,3443,3054,4652,4866,3186,大庭元明,森秋光,北川幸典,酒見峻介,橋本英一,沖悟,55,11,24,41,51,13,22,25,59,71,32,33,6.64,6.69,6.64,6.6,6.69,6.62,1,2,4,5,6,3,0.11,0.14,0.22,0.2,0.21,0.1,108.8,110.1,,113.0,,111.8,1,2,6,4,5,3,1,1,2,1-2,1-2,1-2,1-6,2-6,1-2-6,1-2-6,1.4,1.1,1.7,3.1,2.9,1.2,7.2,10.5,41.8,27.0,1,1,1,11,13,15,9,逃げ,0,日刊スポーツ杯,1,2021-11-18,児島,昼得クラリス,1800,13:04,3662,3443,3054,4652,4866,3186,大庭元明,森秋光,北川幸典,酒見峻介,橋本英一,沖悟,福岡,岡山,広島,佐賀,福岡,大阪,A1,A2,A2,B1,B1,B1,51,52,58,36,31,61,57,53,57,51,54,51,6.36,5.58,6.11,5.75,5.16,3.3,52.55,37.41,43.12,35.42,32.99,11.63,5.68,5.28,5.76,5.88,4.75,4.61,43.08,31.98,36.59,41.46,12.5,28.57,55,11,24,41,51,13,28.71,37.2,34.43,36.45,41.55,35.32,22,25,59,71,32,33,36.79,37.95,38.22,31.07,27.56,38.59,2021-11-18,6.64,6.69,6.64,6.6,6.69,6.62,-0.5,-0.5,-0.5,1.0,-0.5,-0.5,0.21,0.01,0.26,-0.08,-0.04,0.28,1,2,3,5,6,4,晴,15.0,13,3.0,18.0,3.0
37,日刊スポーツ杯,1,2021-11-18,16,児島,7,予選,1800,3910,4515,4398,3884,3872,3627,松下知幸,藤田浩人,船岡洋一郎,豊田聡,岡田憲行,井上恵一,43,59,39,72,53,52,50,63,40,19,72,34,6.64,6.68,6.66,6.62,6.68,6.66,1,2,3,4,5,6,0.24,0.27,0.25,0.26,0.25,0.35,109.1,110.4,111.9,,113.4,,1,2,3,5,4,6,1,1,2,1-2,1-2,1-2,1-3,2-3,1-2-3,1-2-3,4.0,2.3,1.0,9.3,9.2,1.4,1.3,1.7,17.1,4.4,4,4,2,1,4,6,2,逃げ,1,日刊スポーツ杯,1,2021-11-18,児島,予選,1800,13:42,3910,4515,4398,3884,3872,3627,松下知幸,藤田浩人,船岡洋一,豊田聡,岡田憲行,井上恵一,香川,佐賀,広島,徳島,大阪,福岡,B1,A2,A1,B1,A1,B1,48,35,34,48,45,52,52,54,54,54,52,55,4.23,5.17,6.56,3.56,6.2,4.68,21.62,32.05,47.79,10.26,48.51,25.0,5.31,6.09,7.95,4.11,6.41,4.47,38.46,45.45,63.16,15.79,46.34,26.53,43,59,39,72,53,52,32.37,33.17,32.37,33.01,36.23,32.39,50,63,40,19,72,34,26.23,29.77,30.4,39.44,42.19,27.69,2021-11-18,6.64,6.68,6.66,6.62,6.68,6.66,-0.5,-0.5,-0.5,-0.5,-0.5,-0.5,0.06,0.14,0.02,0.08,0.08,0.19,1,2,3,4,5,6,晴,15.0,13,3.0,18.0,3.0
38,日刊スポーツ杯,1,2021-11-18,16,児島,8,予選,1800,3736,4271,4864,4020,3982,4500,岡本猛,川崎公靖,小川日紀太,川上清人,福田理,山田康二,61,70,57,44,71,58,41,21,51,27,12,74,6.68,6.68,6.77,6.78,6.77,6.69,1,2,3,5,6,4,0.02,0.06,0.04,0.13,0.09,0.11,108.4,111.2,112.9,,,109.5,1,3,4,6,5,2,1,1,6,1-6,1-6,1-6,1-2,2-6,1-6-2,1-2-6,1.3,2.4,3.3,6.3,4.5,2.3,1.3,2.2,14.7,3.6,2,2,5,1,4,3,1,逃げ,0,日刊スポーツ杯,1,2021-11-18,児島,予選,1800,14:18,3736,4271,4864,4020,3982,4500,岡本猛,川崎公靖,小川日紀,川上清人,福田理,山田康二,大阪,広島,福岡,香川,岡山,佐賀,B2,A2,B2,A2,B1,A1,48,39,32,41,44,33,52,53,53,63,56,53,3.93,4.87,4.81,3.39,4.59,6.51,20.0,26.72,27.78,11.7,25.74,45.57,6.27,5.3,4.58,4.41,5.23,6.29,40.91,32.81,25.81,27.59,34.52,29.41,61,70,57,44,71,58,32.85,35.19,44.19,35.82,36.06,31.25,41,21,51,27,12,74,33.94,36.36,36.32,35.76,29.84,36.31,2021-11-18,6.68,6.68,6.77,6.78,6.77,6.69,-0.5,0.0,-0.5,0.0,-0.5,-0.5,0.05,0.05,0.18,0.01,0.08,-0.07,1,2,3,4,5,6,晴,15.0,15,2.0,18.0,3.0
39,日刊スポーツ杯,1,2021-11-18,16,児島,9,予選特賞,1800,3746,3153,3866,4704,4498,5054,岡瀬正人,前川竜次,木山誠一,河野大,宮本夏樹,佐々木大河,15,34,69,65,27,49,14,18,30,48,60,61,6.68,6.71,6.78,6.69,6.7,6.69,1,2,3,4,5,6,0.08,0.12,0.11,0.16,0.1,0.07,108.2,,112.3,109.3,109.1,,1,5,4,3,2,6,1,1,5,1-5,1-5,1-5,1-4,4-5,1-5-4,1-4-5,1.0,1.1,5.0,15.4,8.3,1.9,1.1,2.3,25.0,4.4,5,3,3,1,4,9,3,逃げ,1,日刊スポーツ杯,1,2021-11-18,児島,予選特賞,1800,14:45,3746,3153,3866,4704,4498,5054,岡瀬正人,前川竜次,木山誠一,河野大,宮本夏樹,佐々木大,岡山,佐賀,岡山,徳島,長崎,大阪,A2,B1,B1,A2,B1,B2,46,57,46,33,34,25,52,53,56,50,55,52,5.93,3.94,3.73,6.18,5.34,3.15,41.09,17.07,18.75,41.89,37.31,11.32,6.29,4.43,4.18,5.5,5.21,2.18,41.61,23.91,19.4,34.38,41.38,5.88,15,34,69,65,27,49,31.6,36.71,31.16,43.48,34.34,41.9,14,18,30,48,60,61,34.76,38.1,28.68,33.75,34.78,36.65,2021-11-18,6.68,6.71,6.78,6.69,6.7,6.69,-0.5,-0.5,-0.5,-0.5,0.0,-0.5,0.15,0.06,0.03,-0.02,-0.05,-0.01,1,2,3,4,5,6,晴,16.0,15,2.0,18.0,3.0
40,日刊スポーツ杯,1,2021-11-18,16,児島,10,予選特賞,1800,4866,3873,5036,3307,3773,4703,橋本英一,別府昌樹,福田翔吾,上瀧和則,津留浩一郎,森永隆,51,67,21,42,38,28,32,36,35,39,46,73,6.69,6.8,6.7,6.73,6.68,6.76,1,3,4,2,5,6,0.2,0.07,0.06,0.16,0.09,0.18,111.9,108.6,,,110.1,111.0,4,1,6,5,2,3,2,2,5,2-5,2-5,2-5,2-6,5-6,2-5-6,2-5-6,1.7,2.5,7.5,16.5,15.2,3.3,2.8,8.1,56.4,15.4,5,6,6,3,15,20,7,まくり,0,日刊スポーツ杯,1,2021-11-18,児島,予選特賞,1800,15:14,4866,3873,5036,3307,3773,4703,橋本英一,別府昌樹,福田翔吾,上瀧和則,津留浩一,森永隆,福岡,広島,大阪,佐賀,長崎,山口,B1,A1,B1,A2,B1,A2,31,45,23,53,47,33,54,53,53,52,54,51,5.16,6.14,3.86,5.95,4.34,6.16,32.99,42.34,16.44,46.73,23.91,43.75,4.75,5.88,2.33,5.11,4.5,0.0,12.5,39.39,0.0,44.44,30.0,0.0,51,67,21,42,38,28,41.55,41.51,42.36,32.37,44.23,30.58,32,36,35,39,46,73,27.56,44.05,30.23,30.3,33.97,40.1,2021-11-18,6.69,6.8,6.7,6.73,6.68,6.76,-0.5,-0.5,0.0,0.0,-0.5,-0.5,-0.16,0.17,0.12,0.18,-0.03,0.11,1,3,4,2,5,6,晴,16.0,5,2.0,18.0,3.0
41,日刊スポーツ杯,1,2021-11-18,16,児島,11,予選特選,1800,3872,4531,4374,3661,3443,3680,岡田憲行,武富智亮,永田義紘,柳瀬興志,森秋光,森林太,53,26,56,36,11,47,72,55,70,53,25,57,6.9,6.8,6.81,6.64,6.76,6.78,1,2,3,4,5,6,0.12,0.08,0.13,0.15,0.16,0.22,108.3,109.8,,111.7,,111.5,1,2,5,4,6,3,1,1,2,1-2,1-2,1-2,1-6,2-6,1-2-6,1-2-6,1.4,1.0,2.3,3.8,3.9,1.9,5.5,12.0,58.0,28.9,1,2,1,9,14,23,10,抜き,1,日刊スポーツ杯,1,2021-11-18,児島,予選特選,1800,15:47,3872,4531,4374,3661,3443,3680,岡田憲行,武富智亮,永田義紘,柳瀬興志,森秋光,森林太,大阪,佐賀,広島,山口,岡山,長崎,A1,A2,B1,A2,A2,B1,45,33,37,52,52,48,52,53,50,57,53,55,6.2,6.11,3.88,5.21,5.58,4.73,48.51,46.85,18.29,26.19,37.41,26.61,6.41,5.48,3.95,4.98,5.28,4.38,46.34,47.62,17.95,21.82,31.98,32.5,53,26,56,36,11,47,36.23,29.05,34.6,52.94,37.2,40.98,72,55,70,53,25,57,42.19,33.1,30.0,36.07,37.95,31.98,2021-11-18,6.9,6.8,6.81,6.64,6.76,6.78,-0.5,-0.5,-0.5,-0.5,-0.5,-0.5,-0.03,0.05,-0.13,-0.02,-0.08,0.14,1,2,3,4,5,6,晴,17.0,15,3.0,18.0,3.0
42,日刊スポーツ杯,1,2021-11-18,16,児島,12,ニッカン選抜,1800,4544,4072,3874,4500,3662,4398,松田大志郎,森永淳,山本寛久,山田康二,大庭元明,船岡洋一郎,18,68,30,58,55,39,24,31,20,74,22,40,6.67,6.62,6.68,6.63,6.76,6.78,1,2,3,4,5,6,0.12,0.16,0.2,0.14,0.15,0.1,107.1,108.6,,109.9,111.2,,1,2,6,3,4,5,1,1,2,1-2,1-2,1-2,1-4,2-4,1-2-4,1-2-4,1.2,1.0,1.6,3.8,4.0,1.8,1.9,5.7,9.0,4.2,2,3,1,3,9,2,2,逃げ,1,日刊スポーツ杯,1,2021-11-18,児島,ニッカン選抜,1800,16:17,4544,4072,3874,4500,3662,4398,松田大志,森永淳,山本寛久,山田康二,大庭元明,船岡洋一,福岡,佐賀,岡山,佐賀,福岡,広島,A1,A1,A1,A1,A1,A1,33,40,45,33,51,34,52,52,52,53,57,54,7.19,6.38,6.57,6.51,6.36,6.56,58.99,50.0,49.62,45.57,52.55,47.79,7.16,5.58,6.69,6.29,5.68,7.95,60.0,42.31,47.85,29.41,43.08,63.16,18,68,30,58,55,39,35.75,35.65,30.19,31.25,28.71,32.37,24,31,20,74,22,40,30.4,35.29,43.09,36.31,36.79,30.4,2021-11-18,6.67,6.62,6.68,6.63,6.76,6.78,-0.5,0.0,-0.5,-0.5,-0.5,-0.5,0.1,0.38,0.23,0.12,0.11,0.09,1,2,3,4,5,6,晴,17.0,15,2.0,18.0,3.0
43,京極賞開設69周年記念競走,5,2021-11-18,15,丸亀,1,一般,1800,4446,4082,4287,4344,3978,4983,和田兼輔,濱崎誠,今井貴士,新田雄史,齊藤仁,前田篤哉,45,61,41,32,5,49,34,38,3,22,36,56,6.72,6.73,6.71,6.75,6.73,6.78,1,2,3,4,5,6,0.14,0.16,0.18,0.15,0.13,0.14,108.9,118.0,113.3,110.2,110.9,115.0,1,6,4,2,3,5,1,1,4,1-4,1-4,1-4,1-5,4-5,1-4-5,1-4-5,1.3,3.8,10.8,3.3,3.6,1.8,2.2,3.4,13.6,7.4,2,2,2,3,7,5,4,逃げ,1,京極賞開設69周年記念競走,5,2021-11-18,丸亀,一般,1800,14:50,4446,4082,4287,4344,3978,4983,和田兼輔,濱崎誠,今井貴士,新田雄史,齊藤仁,前田篤哉,兵庫,大阪,福岡,三重,東京,愛知,A1,A2,A1,A1,A1,A1,34,42,37,36,44,24,51,53,56,54,51,51,6.71,5.6,7.08,7.17,7.2,6.75,50.34,40.17,56.45,42.57,51.92,50.43,6.61,5.53,6.86,7.89,6.75,6.22,47.73,43.75,46.94,70.37,40.0,39.02,45,61,41,32,5,49,30.04,29.46,38.82,35.59,31.2,38.59,34,38,3,22,36,56,45.83,26.03,34.67,29.17,53.62,36.62,2021-11-18,6.72,6.73,6.71,6.75,6.73,6.78,-0.5,-0.5,0.0,-0.5,-0.5,-0.5,0.08,0.1,0.06,0.18,0.13,0.06,1,2,3,4,5,6,晴,13.0,5,1.0,20.0,1.0
44,京極賞開設69周年記念競走,5,2021-11-18,15,丸亀,2,一般,1800,3737,3956,4734,4371,4084,3942,上平真二,横澤剛治,安河内将,西山貴浩,杉山正樹,寺田祥,24,30,26,20,14,53,15,19,37,33,51,66,6.75,6.83,6.78,6.81,6.79,6.68,1,2,3,4,5,6,0.15,0.17,0.13,0.16,0.21,0.17,108.3,112.8,109.7,112.7,113.9,111.2,1,5,2,4,6,3,1,1,3,1-3,1-3,1-3,1-6,3-6,1-3-6,1-3-6,1.1,1.0,2.7,4.2,3.3,2.0,2.4,7.0,14.7,7.8,2,1,2,5,11,4,5,逃げ,1,京極賞開設69周年記念競走,5,2021-11-18,丸亀,一般,1800,15:21,3737,3956,4734,4371,4084,3942,上平真二,横澤剛治,安河内将,西山貴浩,杉山正樹,寺田祥,広島,静岡,佐賀,福岡,愛知,山口,A1,A1,A1,A1,A1,A1,47,44,32,34,42,43,53,56,51,52,55,54,7.25,6.27,6.58,7.08,7.43,7.26,52.88,42.86,48.08,48.36,57.5,55.0,6.53,6.12,6.73,8.33,0.0,0.0,47.37,42.31,54.17,70.83,0.0,0.0,24,30,26,20,14,53,41.78,31.56,38.3,41.59,34.39,40.87,15,19,37,33,51,66,47.95,40.91,33.33,31.08,42.86,37.14,2021-11-18,6.75,6.83,6.78,6.81,6.79,6.68,-0.5,-0.5,-0.5,-0.5,0.0,-0.5,-0.09,0.01,-0.03,0.08,0.21,0.02,1,2,3,4,5,6,晴,17.0,9,1.0,20.0,1.0
45,京極賞開設69周年記念競走,5,2021-11-18,15,丸亀,3,一般,1800,4459,4256,4311,3983,4237,4308,片岡雅裕,渡辺浩司,岡村仁,須藤博倫,大峯豊,河村了,56,63,31,50,54,25,57,4,41,8,9,64,6.68,6.78,6.78,6.73,6.74,6.71,1,2,3,4,5,6,0.11,0.19,0.17,0.12,0.12,0.14,107.8,113.5,113.3,109.9,111.9,111.4,1,6,5,2,4,3,1,1,4,1-4,1-4,1-4,1-6,4-6,1-4-6,1-4-6,1.1,1.0,3.1,4.3,4.2,2.0,3.3,8.9,12.0,7.2,3,3,2,4,11,4,5,逃げ,1,京極賞開設69周年記念競走,5,2021-11-18,丸亀,一般,1800,15:52,4459,4256,4311,3983,4237,4308,片岡雅裕,渡辺浩司,岡村仁,須藤博倫,大峯豊,河村了,香川,福岡,大阪,埼玉,山口,愛知,A1,A1,A1,A1,A1,A1,35,38,37,44,38,37,52,52,54,53,55,52,6.99,6.85,7.2,6.39,6.59,6.44,49.59,52.86,56.52,41.46,48.65,44.05,7.39,7.33,5.75,6.75,6.75,7.19,57.36,57.58,42.86,40.0,60.0,53.85,56,63,31,50,54,25,30.14,31.3,32.47,35.17,31.3,33.04,57,4,41,8,9,64,33.78,35.06,49.25,37.68,45.07,34.25,2021-11-18,6.68,6.78,6.78,6.73,6.74,6.71,0.0,-0.5,0.0,-0.5,-0.5,-0.5,0.04,0.06,-0.13,0.08,0.11,0.01,1,2,3,4,5,6,晴,17.0,9,1.0,20.0,1.0
46,京極賞開設69周年記念競走,5,2021-11-18,15,丸亀,4,一般,1800,3388,4063,3719,4101,4055,4384,今垣光太郎,市橋卓士,辻栄蔵,三井所尊春,吉田俊彦,鶴本崇文,21,17,22,46,55,11,12,43,60,49,23,16,6.84,6.69,6.71,6.8,6.87,6.85,1,2,3,4,5,6,0.17,0.18,0.19,0.23,0.19,0.22,109.2,110.2,111.4,111.8,114.6,112.4,1,2,3,4,6,5,1,1,2,1-2,1-2,1-2,1-3,2-3,1-2-3,1-2-3,1.1,1.2,1.6,4.2,3.7,1.7,1.2,2.6,7.7,3.2,2,2,2,1,5,1,1,逃げ,1,京極賞開設69周年記念競走,5,2021-11-18,丸亀,一般,1800,16:23,3388,4063,3719,4101,4055,4384,今垣光太,市橋卓士,辻栄蔵,三井所尊,吉田俊彦,鶴本崇文,福井,徳島,広島,佐賀,兵庫,大阪,A1,A1,A1,A1,A1,A1,52,42,46,42,43,36,52,53,53,53,53,51,7.16,6.64,7.95,6.42,6.77,6.47,46.55,43.07,66.67,50.46,49.57,49.07,7.0,6.74,8.14,6.22,5.8,6.65,41.18,34.29,80.0,43.64,42.5,45.95,21,17,22,46,55,11,36.2,32.03,32.47,34.05,32.49,32.47,12,43,60,49,23,16,29.58,34.33,37.68,44.62,30.0,37.84,2021-11-18,6.84,6.69,6.71,6.8,6.87,6.85,-0.5,-0.5,-0.5,0.0,-0.5,-0.5,0.04,0.12,-0.03,-0.07,0.03,0.15,1,2,3,4,5,6,晴,17.0,9,1.0,20.0,1.0
47,京極賞開設69周年記念競走,5,2021-11-18,15,丸亀,5,一般,1800,4074,4757,4446,4096,3995,4082,柳沢一,山田祐也,和田兼輔,石橋道友,重野哲之,濱崎誠,13,8,45,44,19,61,13,44,34,48,39,38,6.69,6.79,6.72,6.78,6.72,6.82,1,2,3,4,5,6,0.07,0.08,0.07,0.14,0.12,0.22,108.6,109.4,112.4,111.2,112.6,116.3,1,2,4,3,5,6,1,1,2,1-2,1-2,1-2,1-4,2-4,1-2-4,1-2-4,1.2,1.0,1.1,2.6,2.3,1.2,1.9,4.1,8.8,5.2,1,1,1,3,8,3,2,逃げ,1,京極賞開設69周年記念競走,5,2021-11-18,丸亀,一般,1800,16:55,4074,4757,4446,4096,3995,4082,柳沢一,山田祐也,和田兼輔,石橋道友,重野哲之,濱崎誠,愛知,徳島,兵庫,長崎,静岡,大阪,A1,A1,A1,A1,A1,A2,40,32,34,39,42,42,51,53,51,52,53,53,6.81,6.76,6.71,7.14,6.61,5.6,47.76,51.56,50.34,55.91,48.99,40.17,7.63,7.16,6.61,6.57,7.69,5.53,60.0,53.21,47.73,50.0,65.38,43.75,13,8,45,44,19,61,34.84,34.82,30.04,32.23,31.72,29.46,13,44,34,48,39,38,31.82,28.77,45.83,28.99,30.14,26.03,2021-11-18,6.69,6.79,6.72,6.78,6.72,6.82,-0.5,-0.5,-0.5,-0.5,-0.5,-0.5,0.07,0.02,0.06,0.25,-0.01,0.09,1,2,3,4,5,6,晴,17.0,9,1.0,20.0,1.0
48,京極賞開設69周年記念競走,5,2021-11-18,15,丸亀,7,一般,1800,4350,3978,4983,3737,4256,4311,篠崎元志,齊藤仁,前田篤哉,上平真二,渡辺浩司,岡村仁,51,5,49,24,63,31,5,36,56,15,4,41,6.76,6.85,6.73,6.85,6.92,6.9,1,2,3,4,5,6,0.12,0.17,0.13,0.13,0.14,0.12,108.6,110.5,113.1,109.4,113.1,114.4,1,3,5,2,4,6,1,1,4,1-4,1-4,1-4,1-2,2-4,1-4-2,1-2-4,1.2,1.2,3.2,4.0,3.4,1.6,1.3,2.1,8.6,2.8,2,2,2,1,4,3,1,逃げ,1,京極賞開設69周年記念競走,5,2021-11-18,丸亀,一般,1800,17:59,4350,3978,4983,3737,4256,4311,篠崎元志,齊藤仁,前田篤哉,上平真二,渡辺浩司,岡村仁,福岡,東京,愛知,広島,福岡,大阪,A1,A1,A1,A1,A1,A1,35,44,24,47,38,37,52,51,51,53,52,54,7.49,7.2,6.75,7.25,6.85,7.2,51.54,51.92,50.43,52.88,52.86,56.52,7.85,6.75,6.22,6.53,7.33,5.75,62.5,40.0,39.02,47.37,57.58,42.86,51,5,49,24,63,31,42.73,31.2,38.59,41.78,31.3,32.47,5,36,56,15,4,41,33.33,53.62,36.62,47.95,35.06,49.25,2021-11-18,6.76,6.85,6.73,6.85,6.92,6.9,-0.5,-0.5,-0.5,-0.5,-0.5,0.0,-0.11,0.04,-0.16,-0.09,-0.02,0.01,1,2,3,4,5,6,晴,16.0,7,2.0,20.0,2.0
49,京極賞開設69周年記念競走,5,2021-11-18,15,丸亀,8,一般,1800,3779,4237,3983,3388,4063,4371,原田幸哉,大峯豊,須藤博倫,今垣光太郎,市橋卓士,西山貴浩,43,54,50,21,17,20,59,9,8,12,43,33,6.7,6.76,6.83,6.83,6.78,6.92,1,2,3,4,5,6,0.07,0.28,0.22,0.15,0.12,0.19,,112.0,113.6,109.3,117.6,111.3,6,3,4,1,5,2,4,4,6,4-6,4-6,4-6,2-4,2-6,4-6-2,2-4-6,9.5,5.7,8.8,69.1,57.5,13.0,4.2,14.7,654.3,81.3,10,11,11,6,13,67,14,まくり,1,京極賞開設69周年記念競走,5,2021-11-18,丸亀,一般,1800,18:31,3779,4237,3983,3388,4063,4371,原田幸哉,大峯豊,須藤博倫,今垣光太,市橋卓士,西山貴浩,長崎,山口,埼玉,福井,徳島,福岡,A1,A1,A1,A1,A1,A1,46,38,44,52,42,34,53,55,53,52,53,52,7.16,6.59,6.39,7.16,6.64,7.08,44.44,48.65,41.46,46.55,43.07,48.36,7.77,6.75,6.75,7.0,6.74,8.33,53.85,60.0,40.0,41.18,34.29,70.83,43,54,50,21,17,20,40.25,31.3,35.17,36.2,32.03,41.59,59,9,8,12,43,33,34.78,45.07,37.68,29.58,34.33,31.08,2021-11-18,6.7,6.76,6.83,6.83,6.78,6.92,0.0,-0.5,-0.5,0.0,-0.5,-0.5,0.05,-0.1,0.02,-0.04,-0.07,-0.02,1,2,3,4,5,6,晴,16.0,5,2.0,20.0,2.0
50,京極賞開設69周年記念競走,5,2021-11-18,15,丸亀,9,準優勝戦,1800,4437,3822,3826,4030,4262,4013,中田元泰,平尾崇典,村田修次,森高一真,馬場貴也,中島孝平,57,48,29,9,6,64,30,21,63,24,45,40,6.79,6.76,6.73,6.88,6.81,6.78,1,2,3,4,5,6,0.08,0.1,0.08,0.11,0.12,0.08,108.3,109.6,110.9,114.8,113.5,110.8,1,2,4,6,5,3,1,1,2,1-2,1-2,1-2,1-6,2-6,1-2-6,1-2-6,1.3,1.2,2.4,3.0,2.8,1.7,2.4,4.5,13.5,7.4,1,1,1,4,7,3,3,逃げ,1,京極賞開設69周年記念競走,5,2021-11-18,丸亀,準優勝戦,1800,19:06,4437,3822,3826,4030,4262,4013,中田元泰,平尾崇典,村田修次,森高一真,馬場貴也,中島孝平,香川,岡山,東京,香川,滋賀,福井,A1,A1,A1,A1,A1,A1,35,49,48,43,37,42,55,50,52,49,54,51,6.35,6.91,6.68,6.5,7.57,7.18,44.53,53.85,50.46,41.22,55.0,48.57,6.69,8.15,6.08,7.65,7.0,5.58,50.0,72.13,38.46,60.42,47.06,19.23,57,48,29,9,6,64,39.47,31.3,40.18,40.64,29.79,57.64,30,21,63,24,45,40,21.92,44.93,38.24,38.89,34.25,21.67,2021-11-18,6.79,6.76,6.73,6.88,6.81,6.78,-0.5,-0.5,0.0,-0.5,-0.5,-0.5,-0.07,-0.08,-0.05,-0.08,0.03,-0.03,1,2,3,4,5,6,晴,15.0,5,2.0,20.0,2.0
51,京極賞開設69周年記念競走,5,2021-11-18,15,丸亀,10,準優勝戦,1800,3997,4450,4387,4166,4042,4168,北村征嗣,平高奈菜,平山智加,吉田拡郎,丸岡正典,石野貴之,12,40,16,36,15,18,55,11,28,58,62,18,6.68,6.74,6.83,6.8,6.82,6.76,1,2,3,4,5,6,0.11,0.09,0.06,0.11,0.11,0.19,108.9,108.3,112.3,111.0,111.8,115.7,2,1,5,3,4,6,2,2,1,2-1,1-2,1-2,2-4,1-4,2-1-4,1-2-4,5.7,1.2,1.0,15.2,2.6,1.5,2.9,2.0,49.0,4.2,5,1,1,5,3,17,2,差し,1,京極賞開設69周年記念競走,5,2021-11-18,丸亀,準優勝戦,1800,19:41,3997,4450,4387,4166,4042,4168,北村征嗣,平高奈菜,平山智加,吉田拡郎,丸岡正典,石野貴之,大阪,香川,香川,岡山,大阪,大阪,A1,A1,A1,A1,A1,A1,42,34,36,39,42,39,52,47,46,52,51,53,6.6,7.65,6.99,7.31,7.05,6.15,45.83,60.87,42.72,57.14,53.03,38.75,7.16,7.05,6.52,6.89,7.67,0.0,52.27,53.49,47.54,44.44,59.26,0.0,12,40,16,36,15,18,32.34,31.8,36.56,36.59,34.2,30.54,55,11,28,58,62,18,37.5,34.72,28.99,41.67,46.27,36.36,2021-11-18,6.68,6.74,6.83,6.8,6.82,6.76,-0.5,0.0,-0.5,-0.5,0.0,0.0,0.02,0.08,0.13,0.12,0.14,0.11,1,2,3,4,5,6,晴,14.0,5,3.0,20.0,3.0
52,京極賞開設69周年記念競走,5,2021-11-18,15,丸亀,11,準優勝戦,1800,4688,4444,4772,4760,4024,4482,永井彪也,桐生順平,石丸海渡,山崎郡,井口佳典,守屋美穂,35,33,52,27,39,7,1,65,31,17,52,54,6.85,6.74,6.76,6.84,6.78,6.74,1,2,3,4,5,6,0.08,0.12,0.07,0.08,0.09,0.08,108.5,111.1,113.1,109.8,110.1,114.3,1,4,5,2,3,6,1,1,4,1-4,1-4,1-4,1-5,4-5,1-4-5,1-4-5,1.2,1.0,3.4,7.0,7.2,2.5,4.4,6.9,39.2,18.8,3,3,3,7,10,14,7,逃げ,1,京極賞開設69周年記念競走,5,2021-11-18,丸亀,準優勝戦,1800,20:16,4688,4444,4772,4760,4024,4482,永井彪也,桐生順平,石丸海渡,山崎郡,井口佳典,守屋美穂,東京,埼玉,香川,大阪,三重,岡山,A1,A1,A1,A1,A1,A1,28,35,28,31,44,32,52,52,56,51,52,44,6.66,7.87,6.64,7.68,6.85,7.46,41.28,52.94,48.31,64.62,51.35,54.39,0.0,7.44,6.36,6.68,7.69,8.0,0.0,55.56,44.38,52.5,58.62,70.0,35,33,52,27,39,7,36.8,32.74,44.05,33.33,32.1,34.39,1,65,31,17,52,54,38.24,44.12,47.14,28.36,28.77,31.43,2021-11-18,6.85,6.74,6.76,6.84,6.78,6.74,-0.5,-0.5,-0.5,-0.5,-0.5,-0.5,0.01,0.02,-0.01,-0.05,0.02,0.07,1,2,3,4,5,6,晴,14.0,5,1.0,20.0,1.0
53,日本モーターボート選手会長杯男女W優勝戦,5,2021-11-18,13,尼崎,1,一般,1800,4057,3730,4432,4296,3477,5161,松井賢治,塩崎優司,黄金井力良,岡崎恭裕,近藤稔也,登玉隼百,33,30,26,36,23,41,58,38,26,68,18,69,6.83,6.94,6.9,6.87,6.86,6.89,1,2,3,4,5,6,0.18,0.15,0.13,0.16,0.18,0.16,108.8,114.7,109.9,111.9,112.1,114.8,1,5,2,3,4,6,1,1,3,1-3,1-3,1-3,1-4,3-4,1-3-4,1-3-4,1.2,1.2,1.6,4.9,4.7,1.4,1.1,1.9,9.8,1.9,3,2,2,1,4,3,1,逃げ,1,日本モーターボート選手会長杯男女W優勝戦,5,2021-11-18,尼崎,一般,1800,10:40,4057,3730,4432,4296,3477,5161,松井賢治,塩崎優司,黄金井力,岡崎恭裕,近藤稔也,登玉隼百,兵庫,愛知,埼玉,福岡,徳島,兵庫,A2,B1,B1,A1,B1,B1,42,49,35,34,51,22,53,53,57,51,55,51,5.89,5.01,4.66,7.0,4.49,3.16,40.0,30.83,24.53,50.94,23.71,10.31,6.03,5.67,4.82,7.47,3.98,1.85,40.77,44.44,29.41,64.71,12.77,0.0,33,30,26,36,23,41,17.86,46.67,32.5,36.07,32.23,37.82,58,38,26,68,18,69,37.72,29.06,29.57,30.84,43.75,23.01,2021-11-18,6.83,6.94,6.9,6.87,6.86,6.89,0.0,-0.5,-0.5,-0.5,-0.5,0.0,0.11,0.14,0.07,0.03,-0.07,0.01,1,2,3,4,5,6,晴,17.1,12,4.0,13.9,0.0
54,日本モーターボート選手会長杯男女W優勝戦,5,2021-11-18,13,尼崎,2,一般,1800,4433,5118,4874,4783,5164,3435,川野芽唯,野田なづき,池田奈津美,木村詳子,森田梨湖,寺田千恵,13,29,6,14,8,7,32,73,46,25,30,16,6.89,6.84,6.86,6.88,6.87,6.87,1,2,3,4,5,6,0.17,0.19,0.17,0.18,0.16,0.13,108.1,114.3,111.6,113.2,117.1,109.3,1,5,3,4,6,2,1,1,6,1-6,1-6,1-6,1-3,3-6,1-6-3,1-3-6,1.0,2.0,2.6,4.3,2.5,1.2,1.2,1.5,6.4,2.1,2,1,2,1,3,2,1,逃げ,1,日本モーターボート選手会長杯男女W優勝戦,5,2021-11-18,尼崎,一般,1800,11:07,4433,5118,4874,4783,5164,3435,川野芽唯,野田なづ,池田奈津,木村詳子,森田梨湖,寺田千恵,福岡,佐賀,福岡,山口,福岡,岡山,A2,B1,B1,B2,B2,A1,35,21,27,34,21,52,46,44,51,49,48,45,6.35,2.23,4.19,2.92,1.17,6.67,50.52,3.51,18.92,10.81,0.0,46.83,6.87,1.38,5.45,3.14,0.83,6.53,60.0,0.0,36.36,14.29,0.0,46.67,13,29,6,14,8,7,18.8,21.37,38.52,36.44,42.5,21.85,32,73,46,25,30,16,29.2,31.25,44.25,37.39,25.2,37.72,2021-11-18,6.89,6.84,6.86,6.88,6.87,6.87,-0.5,-0.5,-0.5,-0.5,-0.5,0.0,0.07,0.19,0.03,0.03,0.06,0.02,1,2,3,4,5,6,曇り,15.9,6,1.0,13.5,0.0
55,日本モーターボート選手会長杯男女W優勝戦,5,2021-11-18,13,尼崎,3,一般,1800,4109,4220,4081,3712,3934,4725,谷津幸宏,深川和仁,樋口範政,淺香文武,鋤柄貴俊,佐竹太一,28,5,18,38,16,22,54,49,29,51,43,61,6.86,6.83,6.84,6.86,6.94,6.79,1,2,3,4,5,6,0.11,0.09,0.11,0.13,0.19,0.17,109.4,108.5,111.9,111.4,117.5,113.7,2,1,4,3,6,5,2,2,1,2-1,1-2,1-2,2-4,1-4,2-1-4,1-2-4,4.0,1.0,1.1,8.2,1.5,1.3,1.7,1.3,22.5,1.8,4,1,2,3,1,7,1,差し,1,日本モーターボート選手会長杯男女W優勝戦,5,2021-11-18,尼崎,一般,1800,11:34,4109,4220,4081,3712,3934,4725,谷津幸宏,深川和仁,樋口範政,淺香文武,鋤柄貴俊,佐竹太一,埼玉,香川,愛知,三重,愛知,兵庫,A2,A2,B1,A2,B1,B1,41,40,42,47,44,35,53,55,56,55,52,52,5.63,5.61,4.53,5.28,5.35,5.54,40.5,41.35,19.35,32.26,27.5,40.54,7.05,5.77,3.22,5.73,5.44,4.95,57.14,32.26,0.0,42.31,27.78,28.92,28,5,18,38,16,22,40.0,26.5,32.77,52.1,20.51,29.2,54,49,29,51,43,61,19.63,44.74,43.64,33.63,34.78,36.36,2021-11-18,6.86,6.83,6.84,6.86,6.94,6.79,-0.5,-0.5,-0.5,-0.5,0.0,0.0,-0.05,-0.04,0.17,0.05,0.17,0.19,1,2,3,4,5,6,曇り,16.6,17,0.0,13.5,0.0
56,日本モーターボート選手会長杯男女W優勝戦,5,2021-11-18,13,尼崎,4,一般,1800,3302,5113,4924,4825,4224,5171,谷川里江,黒明花夢,中北涼,倉持莉々,大橋栄里佳,清水未唯,49,55,37,43,47,51,59,13,28,72,11,35,6.79,6.84,6.87,6.88,6.84,6.88,1,2,3,4,5,6,0.09,0.16,0.09,0.08,0.1,0.01,110.2,115.7,113.3,114.5,108.9,116.1,2,5,3,4,1,6,5,5,1,5-1,1-5,1-5,3-5,1-3,5-1-3,1-3-5,12.5,15.0,1.2,31.9,7.1,1.7,2.9,1.2,127.0,6.3,10,3,3,6,1,30,3,まくり差し,1,日本モーターボート選手会長杯男女W優勝戦,5,2021-11-18,尼崎,一般,1800,12:02,3302,5113,4924,4825,4224,5171,谷川里江,黒明花夢,中北涼,倉持莉々,大橋栄里,清水未唯,愛知,岡山,長崎,東京,福岡,滋賀,A2,B2,B2,B1,B1,B2,54,21,29,28,39,20,46,50,48,49,47,48,5.72,1.8,3.97,6.31,5.64,2.38,37.93,1.05,17.78,45.1,38.67,5.0,4.64,1.46,4.18,5.96,5.4,1.62,36.36,3.85,11.76,43.48,30.0,0.0,49,55,37,43,47,51,47.9,36.97,29.91,36.75,27.5,25.0,59,13,28,72,11,35,29.09,38.79,30.91,33.64,28.44,34.69,2021-11-18,6.79,6.84,6.87,6.88,6.84,6.88,-0.5,-0.5,-0.5,-0.5,-0.5,0.0,-0.01,0.12,0.04,0.05,0.08,0.21,1,2,3,4,5,6,晴,17.7,17,0.0,13.6,0.0
57,日本モーターボート選手会長杯男女W優勝戦,5,2021-11-18,13,尼崎,5,一般,1800,3333,3753,3748,4504,4375,5172,丸尾義孝,河上哲也,小黒竜吾,前田将太,照屋厚仁,田村慶,32,50,10,11,2,53,17,20,64,62,36,44,6.81,6.85,6.9,6.79,6.81,6.9,1,2,3,4,5,6,0.11,0.14,0.12,0.15,0.15,0.18,110.2,109.0,114.4,111.7,113.4,113.0,2,1,6,3,5,4,2,2,1,2-1,1-2,1-2,2-4,1-4,2-1-4,1-2-4,98.2,2.3,1.2,96.4,9.1,5.4,3.1,1.2,170.2,5.7,14,5,7,4,1,34,3,差し,1,日本モーターボート選手会長杯男女W優勝戦,5,2021-11-18,尼崎,一般,1800,12:32,3333,3753,3748,4504,4375,5172,丸尾義孝,河上哲也,小黒竜吾,前田将太,照屋厚仁,田村慶,徳島,香川,埼玉,福岡,兵庫,徳島,A1,B1,B1,A1,A2,B1,53,50,46,33,37,20,54,54,56,52,51,53,5.78,4.25,3.51,7.47,5.05,2.55,37.59,21.9,10.96,59.33,32.08,6.45,5.77,3.76,5.8,7.73,5.95,1.33,33.33,23.68,30.0,63.64,43.44,0.0,32,50,10,11,2,53,38.68,30.0,30.25,39.32,40.5,26.89,17,20,64,62,36,44,43.22,40.57,39.42,34.51,23.64,33.63,2021-11-18,6.81,6.85,6.9,6.79,6.81,6.9,0.0,-0.5,-0.5,-0.5,-0.5,-0.5,-0.01,0.16,0.12,0.04,0.02,-0.02,1,2,3,4,5,6,晴,18.8,17,0.0,13.7,0.0
58,日本モーターボート選手会長杯男女W優勝戦,5,2021-11-18,13,尼崎,6,一般,1800,4313,3604,4909,4590,4275,5129,西村美智子,武藤綾子,薮内瑞希,渡邉優美,菅野はやか,山口真喜子,58,19,15,17,21,12,75,40,33,74,41,65,6.78,6.84,6.77,6.82,6.83,6.83,1,2,3,4,5,6,0.11,0.1,0.07,0.04,0.09,0.18,108.5,112.2,111.3,113.5,115.5,115.9,1,3,2,4,5,6,1,1,3,1-3,1-3,1-3,1-2,2-3,1-3-2,1-2-3,1.5,1.3,2.8,3.7,5.0,2.0,2.2,4.2,22.9,10.5,2,2,2,3,7,10,5,逃げ,1,日本モーターボート選手会長杯男女W優勝戦,5,2021-11-18,尼崎,一般,1800,13:05,4313,3604,4909,4590,4275,5129,西村美智,武藤綾子,薮内瑞希,渡邉優美,菅野はや,山口真喜,香川,福岡,岡山,福岡,広島,長崎,A1,B1,B1,A1,B1,B1,37,51,26,29,39,24,50,47,43,49,51,48,6.08,4.39,4.41,7.03,4.1,3.29,40.56,18.27,19.75,58.49,12.7,8.86,5.89,4.48,4.56,0.0,0.0,0.0,36.84,25.81,12.5,0.0,0.0,0.0,58,19,15,17,21,12,21.55,17.8,32.46,45.45,37.61,35.59,75,40,33,74,41,65,22.43,45.87,41.23,35.78,30.61,27.59,2021-11-18,6.78,6.84,6.77,6.82,6.83,6.83,-0.5,-0.5,-0.5,0.0,-0.5,-0.5,0.05,0.23,0.23,0.02,0.08,0.37,1,2,3,4,5,6,晴,17.9,12,1.0,13.8,0.0
59,日本モーターボート選手会長杯男女W優勝戦,5,2021-11-18,13,尼崎,7,一般,1800,4066,3553,3823,4105,3434,4290,東本勝利,平池仁志,本部真吾,松下直也,松尾宣邦,稲田浩二,9,24,45,34,20,25,34,66,31,15,45,19,6.83,6.85,6.85,6.88,6.87,6.87,1,2,3,4,5,6,0.19,0.14,0.15,0.09,0.11,0.11,109.3,111.6,115.6,112.7,110.5,111.7,1,3,6,5,2,4,1,1,5,1-5,1-5,1-5,1-2,2-5,1-5-2,1-2-5,1.5,1.4,4.5,25.7,20.2,2.7,2.2,12.2,74.8,23.8,7,8,4,3,13,24,8,逃げ,1,日本モーターボート選手会長杯男女W優勝戦,5,2021-11-18,尼崎,一般,1800,13:38,4066,3553,3823,4105,3434,4290,東本勝利,平池仁志,本部真吾,松下直也,松尾宣邦,稲田浩二,三重,香川,三重,兵庫,福岡,兵庫,A2,B1,A2,B1,B1,A1,41,49,49,42,52,36,52,53,56,52,54,51,5.74,5.09,5.22,4.83,5.48,6.97,38.84,32.99,32.26,26.17,39.78,47.2,5.61,4.41,4.83,5.67,4.1,7.57,40.82,19.51,26.67,39.02,23.33,61.65,9,24,45,34,20,25,36.28,38.46,26.05,28.1,45.3,28.93,34,66,31,15,45,19,32.41,32.74,35.4,37.61,31.9,38.94,2021-11-18,6.83,6.85,6.85,6.88,6.87,6.87,-0.5,-0.5,0.0,-0.5,-0.5,0.0,0.21,0.05,0.05,-0.04,-0.02,0.04,1,2,3,4,5,6,晴,18.0,12,4.0,13.9,0.0
60,日本モーターボート選手会長杯男女W優勝戦,5,2021-11-18,13,尼崎,8,一般,1800,4286,3509,4775,4878,5116,4050,平田さやか,道上千夏,千葉真弥,西岡育未,金子七海,田口節子,3,44,40,4,57,59,55,24,71,23,63,56,6.75,6.82,6.85,6.81,6.8,6.77,1,2,3,4,5,6,0.2,0.2,0.25,0.28,0.35,0.29,110.4,111.0,113.3,111.6,116.1,112.9,1,2,5,3,6,4,1,1,2,1-2,1-2,1-2,1-4,2-4,1-2-4,1-2-4,1.2,1.0,1.0,4.1,4.7,3.2,2.1,8.3,30.1,15.6,2,3,5,3,10,12,6,逃げ,1,日本モーターボート選手会長杯男女W優勝戦,5,2021-11-18,尼崎,一般,1800,14:06,4286,3509,4775,4878,5116,4050,平田さや,道上千夏,千葉真弥,西岡育未,金子七海,田口節子,東京,香川,静岡,徳島,福井,岡山,A2,B1,A2,B1,B1,A1,37,50,28,26,21,40,48,50,49,46,46,45,5.74,3.68,4.65,4.0,2.1,7.95,39.44,15.79,20.43,17.11,2.56,68.66,6.0,3.78,5.2,4.33,2.12,0.0,36.67,11.11,10.0,22.22,8.0,0.0,3,44,40,4,57,59,31.3,36.07,28.1,40.0,46.22,39.17,55,24,71,23,63,56,42.2,30.91,31.58,25.66,42.34,31.58,2021-11-18,6.75,6.82,6.85,6.81,6.8,6.77,-0.5,-0.5,-0.5,-0.5,-0.5,-0.5,0.03,0.01,-0.02,0.15,0.17,0.09,1,2,3,4,5,6,晴,17.5,12,2.0,13.9,0.0
61,日本モーターボート選手会長杯男女W優勝戦,5,2021-11-18,13,尼崎,9,準優勝戦,1800,4296,4504,3712,4109,3333,4432,岡崎恭裕,前田将太,淺香文武,谷津幸宏,丸尾義孝,黄金井力良,36,11,38,28,32,26,68,62,51,54,17,26,6.77,6.73,6.8,6.83,6.82,6.9,1,2,3,4,5,6,0.36,0.2,0.08,0.18,0.19,0.2,114.2,110.6,109.3,113.3,113.2,112.1,6,2,1,5,4,3,3,3,2,3-2,2-3,2-3,3-6,2-6,3-2-6,2-3-6,34.2,3.8,1.2,116.3,25.6,4.0,35.1,20.1,1381.3,145.4,16,5,4,13,12,78,16,まくり,1,日本モーターボート選手会長杯男女W優勝戦,5,2021-11-18,尼崎,準優勝戦,1800,14:39,4296,4504,3712,4109,3333,4432,岡崎恭裕,前田将太,淺香文武,谷津幸宏,丸尾義孝,黄金井力,福岡,福岡,三重,埼玉,徳島,埼玉,A1,A1,A2,A2,A1,B1,34,33,47,41,53,35,51,52,55,53,54,57,7.0,7.47,5.28,5.63,5.78,4.66,50.94,59.33,32.26,40.5,37.59,24.53,7.47,7.73,5.73,7.05,5.77,4.82,64.71,63.64,42.31,57.14,33.33,29.41,36,11,38,28,32,26,36.07,39.32,52.1,40.0,38.68,32.5,68,62,51,54,17,26,30.84,34.51,33.63,19.63,43.22,29.57,2021-11-18,6.77,6.73,6.8,6.83,6.82,6.9,-0.5,-0.5,-0.5,-0.5,-0.5,-0.5,0.11,0.07,0.05,-0.01,0.12,0.04,1,2,3,4,5,6,晴,17.8,12,5.0,13.9,3.0
62,日本モーターボート選手会長杯男女W優勝戦,5,2021-11-18,13,尼崎,10,準優勝戦,1800,3435,3302,4313,4224,4909,4433,寺田千恵,谷川里江,西村美智子,大橋栄里佳,薮内瑞希,川野芽唯,7,49,58,47,15,13,16,59,75,11,33,32,6.77,6.77,6.8,6.78,6.78,6.89,1,2,3,4,5,6,0.12,0.1,0.11,0.12,0.14,0.21,108.2,111.0,112.1,112.2,113.9,114.3,1,2,3,4,5,6,1,1,2,1-2,1-2,1-2,1-3,2-3,1-2-3,1-2-3,1.3,1.2,1.9,3.3,2.5,1.2,1.4,1.6,5.1,2.4,2,2,1,2,3,1,1,逃げ,1,日本モーターボート選手会長杯男女W優勝戦,5,2021-11-18,尼崎,準優勝戦,1800,15:08,3435,3302,4313,4224,4909,4433,寺田千恵,谷川里江,西村美智,大橋栄里,薮内瑞希,川野芽唯,岡山,愛知,香川,福岡,岡山,福岡,A1,A2,A1,B1,B1,A2,52,54,37,39,26,35,45,46,50,47,43,46,6.67,5.72,6.08,5.64,4.41,6.35,46.83,37.93,40.56,38.67,19.75,50.52,6.53,4.64,5.89,5.4,4.56,6.87,46.67,36.36,36.84,30.0,12.5,60.0,7,49,58,47,15,13,21.85,47.9,21.55,27.5,32.46,18.8,16,59,75,11,33,32,37.72,29.09,22.43,28.44,41.23,29.2,2021-11-18,6.77,6.77,6.8,6.78,6.78,6.89,0.0,-0.5,-0.5,-0.5,-0.5,-0.5,0.09,0.01,0.02,0.11,-0.02,0.01,1,2,3,6,4,5,晴,17.5,10,4.0,14.0,0.0
63,日本モーターボート選手会長杯男女W優勝戦,5,2021-11-18,13,尼崎,11,準優勝戦,1800,4290,4375,4057,4220,4066,3748,稲田浩二,照屋厚仁,松井賢治,深川和仁,東本勝利,小黒竜吾,25,2,33,5,9,10,19,36,58,49,34,64,6.81,6.77,6.85,6.79,6.82,6.94,1,2,3,4,5,6,0.07,0.11,0.18,0.08,0.11,0.15,108.5,111.5,117.6,110.2,112.7,112.5,1,3,6,2,5,4,1,1,4,1-4,1-4,1-4,1-2,2-4,1-4-2,1-2-4,1.0,1.0,1.6,4.5,3.8,1.7,1.5,4.1,11.0,3.9,3,3,3,1,6,5,2,逃げ,1,日本モーターボート選手会長杯男女W優勝戦,5,2021-11-18,尼崎,準優勝戦,1800,15:36,4290,4375,4057,4220,4066,3748,稲田浩二,照屋厚仁,松井賢治,深川和仁,東本勝利,小黒竜吾,兵庫,兵庫,兵庫,香川,三重,埼玉,A1,A2,A2,A2,A2,B1,36,37,42,40,41,46,51,51,53,55,52,56,6.97,5.05,5.89,5.61,5.74,3.51,47.2,32.08,40.0,41.35,38.84,10.96,7.57,5.95,6.03,5.77,5.61,5.8,61.65,43.44,40.77,32.26,40.82,30.0,25,2,33,5,9,10,28.93,40.5,17.86,26.5,36.28,30.25,19,36,58,49,34,64,38.94,23.64,37.72,44.74,32.41,39.42,2021-11-18,6.81,6.77,6.85,6.79,6.82,6.94,-0.5,-0.5,0.0,-0.5,-0.5,-0.5,0.1,0.2,0.22,0.01,0.04,0.09,1,2,3,4,5,6,晴,17.7,14,3.0,14.0,0.0
64,日本モーターボート選手会長杯男女W優勝戦,5,2021-11-18,13,尼崎,12,準優勝戦,1800,4050,4590,4825,4286,4874,4783,田口節子,渡邉優美,倉持莉々,平田さやか,池田奈津美,木村詳子,59,17,43,3,6,14,56,74,72,55,46,25,6.78,6.8,6.82,6.78,6.83,6.81,1,2,3,4,5,6,0.09,0.25,0.22,0.08,0.12,0.13,109.8,114.4,113.3,110.8,112.2,114.0,1,6,4,2,3,5,1,1,4,1-4,1-4,1-4,1-5,4-5,1-4-5,1-4-5,1.5,1.0,2.5,2.9,4.0,1.6,4.5,10.0,25.2,14.4,3,2,2,5,10,8,5,逃げ,1,日本モーターボート選手会長杯男女W優勝戦,5,2021-11-18,尼崎,準優勝戦,1800,16:04,4050,4590,4825,4286,4874,4783,田口節子,渡邉優美,倉持莉々,平田さや,池田奈津,木村詳子,岡山,福岡,東京,東京,福岡,山口,A1,A1,B1,A2,B1,B2,40,29,28,37,27,34,45,49,49,48,51,49,7.95,7.03,6.31,5.74,4.19,2.92,68.66,58.49,45.1,39.44,18.92,10.81,0.0,0.0,5.96,6.0,5.45,3.14,0.0,0.0,43.48,36.67,36.36,14.29,59,17,43,3,6,14,39.17,45.45,36.75,31.3,38.52,36.44,56,74,72,55,46,25,31.58,35.78,33.64,42.2,44.25,37.39,2021-11-18,6.78,6.8,6.82,6.78,6.83,6.81,-0.5,0.0,-0.5,-0.5,-0.5,-0.5,0.09,0.16,0.26,0.03,0.07,0.06,1,2,3,4,5,6,晴,17.6,12,3.0,14.0,0.0
65,ヴィーナスシリーズ第16戦BOATBoyCUP,2,2021-11-18,9,津,1,予選,1800,4385,4720,4536,4548,4849,4510,鈴木祐美子,西澤日花里,喜井つかさ,篠木亜衣花,森田太陽,坂本奈央,46,21,57,65,55,44,15,43,24,31,52,73,6.71,6.84,6.91,6.85,6.89,6.76,1,2,3,4,5,6,0.08,0.14,0.07,0.19,0.18,0.12,112.1,111.7,108.8,112.3,,,3,2,1,4,6,5,3,3,2,3-2,2-3,2-3,1-3,1-2,3-2-1,1-2-3,4.4,2.0,2.7,18.5,9.6,2.0,1.3,1.6,39.2,2.8,7,4,4,1,2,14,1,まくり差し,1,ヴィーナスシリーズ第16戦BOATBoyCUP,2,2021-11-18,津,予選,1800,10:31,4385,4720,4536,4548,4849,4510,鈴木祐美,西澤日花,喜井つか,篠木亜衣,森田太陽,坂本奈央,三重,長崎,岡山,三重,滋賀,福岡,B1,B2,B2,B2,B2,B2,36,27,31,33,27,32,49,45,46,49,46,47,4.04,4.33,5.39,3.71,3.92,3.18,13.46,22.41,34.0,11.76,13.16,7.5,4.33,0.0,4.44,5.47,4.63,4.22,11.11,0.0,33.33,36.84,36.84,22.22,46,21,57,65,55,44,52.17,40.0,25.0,27.78,30.23,38.78,15,43,24,31,52,73,37.04,34.62,25.58,27.45,24.14,23.08,2021-11-18,6.71,6.84,6.91,6.85,6.89,6.76,0.0,-0.5,-0.5,0.0,-0.5,-0.5,-0.09,0.09,0.11,0.26,0.17,0.08,1,2,3,4,5,6,晴,16.0,17,0.0,15.0,0.0
66,ヴィーナスシリーズ第16戦BOATBoyCUP,2,2021-11-18,9,津,2,予選,1800,4947,3289,4499,4690,5052,4819,間庭菜摘,高橋淳美,滝川真由子,高石梨菜,赤井星璃菜,蜂須瑞生,36,32,67,13,49,70,46,55,75,60,40,35,6.71,6.77,6.84,6.81,6.78,6.75,1,2,3,4,5,6,0.23,0.24,0.21,0.26,0.29,0.36,110.5,109.8,112.6,,,114.2,2,1,3,6,5,4,2,2,1,2-1,1-2,1-2,2-3,1-3,2-1-3,1-2-3,4.6,1.5,1.2,5.8,3.0,2.1,2.4,2.6,17.4,3.3,2,1,2,3,4,3,1,差し,1,ヴィーナスシリーズ第16戦BOATBoyCUP,2,2021-11-18,津,予選,1800,10:57,4947,3289,4499,4690,5052,4819,間庭菜摘,高橋淳美,滝川真由,高石梨菜,赤井星璃,蜂須瑞生,福岡,大阪,長崎,東京,大阪,群馬,B2,B1,B2,B1,B1,B1,29,58,34,27,26,30,49,46,47,52,49,45,3.7,5.58,4.83,4.6,2.64,5.32,9.84,40.0,31.67,26.15,10.71,34.09,0.0,5.58,0.0,3.69,1.36,4.63,0.0,42.11,0.0,18.75,0.0,22.86,36,32,67,13,49,70,42.22,32.43,29.51,21.43,26.23,32.76,46,55,75,60,40,35,13.79,30.61,32.56,46.94,38.78,20.0,2021-11-18,6.71,6.77,6.84,6.81,6.78,6.75,-0.5,0.0,-0.5,-0.5,-0.5,-0.5,0.01,0.1,0.11,0.04,0.0,-0.04,1,2,3,4,5,6,曇り,14.0,17,0.0,13.0,0.0
67,ヴィーナスシリーズ第16戦BOATBoyCUP,2,2021-11-18,9,津,3,予選,1800,4784,5013,4464,4694,4843,5123,向井田真紀,山下夏鈴,山下友貴,高田綾,深尾巴恵,福山恵里奈,16,71,63,22,68,28,29,58,18,32,70,41,6.7,6.7,6.78,6.84,6.76,6.8,1,2,3,4,5,6,0.24,0.19,0.22,0.18,0.18,0.32,,110.5,113.0,,112.0,114.6,6,1,3,5,2,4,2,2,5,2-5,2-5,2-5,2-3,3-5,2-5-3,2-3-5,4.6,1.7,3.6,41.0,26.6,5.5,2.5,4.9,171.5,16.4,12,9,9,3,8,41,7,まくり,1,ヴィーナスシリーズ第16戦BOATBoyCUP,2,2021-11-18,津,予選,1800,11:24,4784,5013,4464,4694,4843,5123,向井田真,山下夏鈴,山下友貴,高田綾,深尾巴恵,福山恵里,広島,三重,静岡,福岡,群馬,山口,B2,B1,B1,B1,B1,B2,34,24,35,36,29,25,48,46,43,45,48,46,4.59,4.66,5.46,4.5,3.54,1.71,31.82,30.3,37.97,25.0,12.16,0.0,0.0,3.49,0.0,4.9,5.67,2.86,0.0,19.32,0.0,40.0,44.44,0.0,16,71,63,22,68,28,30.61,15.69,40.43,30.77,34.55,27.27,29,58,18,32,70,41,36.84,17.65,13.33,41.86,45.45,36.73,2021-11-18,6.7,6.7,6.78,6.84,6.76,6.8,0.0,-0.5,0.5,-0.5,0.0,0.0,0.04,0.01,0.12,0.05,0.0,0.05,1,2,3,4,5,6,晴,14.0,4,1.0,13.0,1.0
68,ヴィーナスシリーズ第16戦BOATBoyCUP,2,2021-11-18,9,津,4,予選,1800,4738,4844,4408,3645,3355,4845,清埜翔子,村上奈穂,仁科さやか,淺田千亜希,橋谷田佳織,前田紗希,37,25,15,12,43,53,71,65,47,48,74,28,6.77,6.72,6.87,6.97,6.9,6.93,1,2,3,4,5,6,0.06,0.1,0.09,0.17,0.24,0.14,111.1,113.0,109.9,,,113.7,2,3,1,6,5,4,3,3,1,3-1,1-3,1-3,2-3,1-2,3-1-2,1-2-3,9.6,5.7,1.2,95.0,13.7,3.0,6.1,1.8,276.5,8.7,17,3,4,12,2,53,4,まくり差し,1,ヴィーナスシリーズ第16戦BOATBoyCUP,2,2021-11-18,津,予選,1800,11:52,4738,4844,4408,3645,3355,4845,清埜翔子,村上奈穂,仁科さや,淺田千亜,橋谷田佳,前田紗希,埼玉,広島,長崎,徳島,東京,埼玉,B1,B1,B2,B1,B1,B1,30,28,35,49,53,28,49,49,48,47,43,49,5.34,5.31,3.96,5.9,4.3,5.26,36.73,31.25,12.77,38.78,16.39,27.27,5.4,2.89,2.17,4.25,3.78,5.94,30.0,11.11,0.0,25.0,11.11,33.33,37,25,15,12,43,53,38.24,40.82,16.67,19.57,26.56,31.37,71,65,47,48,74,28,21.95,25.53,44.64,42.31,32.14,30.0,2021-11-18,6.77,6.72,6.87,6.97,6.9,6.93,0.0,-0.5,-0.5,0.0,-0.5,0.0,-0.07,-0.06,0.19,0.07,0.12,-0.03,1,2,3,4,5,6,晴,15.0,4,1.0,13.0,1.0
69,ヴィーナスシリーズ第16戦BOATBoyCUP,2,2021-11-18,9,津,5,予選,1800,4884,4744,3207,4525,4479,4071,勝浦真帆,伊藤玲奈,田村美和,真子奈津実,矢野真梨菜,古賀千晶,23,20,72,45,19,18,63,30,76,17,33,68,6.81,6.82,6.84,6.71,6.79,6.77,1,2,3,4,5,6,0.13,0.16,0.12,0.09,0.18,0.08,109.5,,114.0,113.5,,111.6,1,6,4,3,5,2,1,1,6,1-6,1-6,1-6,1-4,4-6,1-6-4,1-4-6,1.4,1.2,1.3,6.6,4.5,1.5,1.3,2.2,15.7,3.7,2,2,2,1,5,4,1,逃げ,1,ヴィーナスシリーズ第16戦BOATBoyCUP,2,2021-11-18,津,予選,1800,12:23,4884,4744,3207,4525,4479,4071,勝浦真帆,伊藤玲奈,田村美和,真子奈津,矢野真梨,古賀千晶,岡山,福岡,東京,福岡,山口,兵庫,B1,B2,B1,B1,B1,A2,25,29,56,33,33,40,48,45,53,46,46,47,4.73,4.27,4.02,4.56,4.58,5.19,24.07,12.2,22.0,28.13,20.0,28.57,5.63,0.0,0.0,3.5,3.78,4.24,37.5,0.0,0.0,0.0,11.11,23.53,23,20,72,45,19,18,26.83,25.0,32.5,56.1,30.23,28.57,63,30,76,17,33,68,39.13,21.74,30.19,38.78,44.0,27.27,2021-11-18,6.81,6.82,6.84,6.71,6.79,6.77,0.0,-0.5,-0.5,-0.5,-0.5,-0.5,0.25,-0.04,-0.11,0.1,-0.07,-0.04,1,2,3,4,5,6,晴,15.0,4,1.0,13.0,1.0
70,ヴィーナスシリーズ第16戦BOATBoyCUP,2,2021-11-18,9,津,6,予選,1800,4897,4510,4941,4300,3357,4726,深見亜由美,坂本奈央,孫崎百世,加藤綾,福島陽子,島田なぎさ,35,44,11,41,59,34,38,73,67,11,19,62,6.82,6.85,6.72,6.81,6.76,6.77,1,2,3,4,5,6,0.32,0.41,0.3,0.34,0.33,0.25,110.6,,114.5,114.1,,112.8,1,5,4,3,6,2,1,1,6,1-6,1-6,1-6,1-4,4-6,1-6-4,1-4-6,2.4,1.6,2.1,11.1,6.3,2.3,2.6,3.1,28.2,6.4,3,3,3,5,7,9,4,逃げ,1,ヴィーナスシリーズ第16戦BOATBoyCUP,2,2021-11-18,津,予選,1800,12:52,4897,4510,4941,4300,3357,4726,深見亜由,坂本奈央,孫崎百世,加藤綾,福島陽子,島田なぎ,愛知,福岡,滋賀,三重,岡山,埼玉,B2,B2,B1,B1,B1,A2,30,32,33,38,53,34,45,47,44,48,49,45,4.63,3.18,4.53,5.01,4.19,5.14,17.46,7.5,21.57,31.51,16.1,25.62,3.0,4.22,2.29,5.07,4.65,4.45,11.11,22.22,0.0,35.56,26.92,18.18,35,44,11,41,59,34,30.0,38.78,26.09,45.83,17.07,37.93,38,73,67,11,19,62,20.0,23.08,13.33,34.09,17.39,19.51,2021-11-18,6.82,6.85,6.72,6.81,6.76,6.77,0.0,-0.5,-0.5,-0.5,-0.5,0.0,-0.01,0.01,0.15,0.0,0.03,0.06,1,2,3,4,5,6,晴,15.0,4,1.0,14.0,1.0
71,ヴィーナスシリーズ第16戦BOATBoyCUP,2,2021-11-18,9,津,7,予選,1800,4400,4843,4947,4372,4853,4720,加藤奈月,深尾巴恵,間庭菜摘,原田佑実,前原哉,西澤日花里,51,68,36,73,40,21,12,70,46,23,69,43,6.95,6.74,6.75,6.82,6.71,6.86,1,2,3,4,5,6,0.23,0.19,0.2,0.21,0.22,0.22,110.2,111.4,,113.3,113.4,,1,2,5,3,4,6,1,1,2,1-2,1-2,1-2,1-4,2-4,1-2-4,1-2-4,3.0,1.6,2.5,16.2,9.5,2.5,2.7,2.0,43.2,7.0,10,6,3,5,1,17,1,逃げ,1,ヴィーナスシリーズ第16戦BOATBoyCUP,2,2021-11-18,津,予選,1800,13:21,4400,4843,4947,4372,4853,4720,加藤奈月,深尾巴恵,間庭菜摘,原田佑実,前原哉,西澤日花,福井,群馬,福岡,大阪,岡山,長崎,B2,B1,B2,A2,B1,B2,33,29,29,34,26,27,57,48,49,46,47,45,3.5,3.54,3.7,5.78,4.18,4.33,10.0,12.16,9.84,37.8,22.47,22.41,0.0,5.67,0.0,4.63,5.0,0.0,0.0,44.44,0.0,12.5,33.33,0.0,51,68,36,73,40,21,37.78,34.55,42.22,23.64,37.93,40.0,12,70,46,23,69,43,35.56,45.45,13.79,43.86,41.46,34.62,2021-11-18,6.95,6.74,6.75,6.82,6.71,6.86,-0.5,0.0,-0.5,-0.5,-0.5,0.0,0.16,-0.06,-0.09,0.08,0.02,-0.04,1,2,3,4,5,6,晴,15.0,4,2.0,14.0,1.0
72,ヴィーナスシリーズ第16戦BOATBoyCUP,2,2021-11-18,9,津,8,予選,1800,4806,5052,3355,4730,5123,4849,佐藤享子,赤井星璃菜,橋谷田佳織,土屋実沙希,福山恵里奈,森田太陽,27,49,43,58,28,55,21,40,74,26,41,52,6.76,6.81,6.92,6.82,6.86,6.99,1,2,3,4,5,6,0.13,0.11,0.22,0.12,0.19,0.24,,115.5,113.1,110.9,114.9,,5,4,2,1,3,6,4,4,3,4-3,3-4,3-4,4-5,3-5,4-3-5,3-4-5,1.6,1.5,2.7,6.3,5.9,1.7,3.3,16.0,56.1,20.7,4,3,2,5,15,26,11,まくり,1,ヴィーナスシリーズ第16戦BOATBoyCUP,2,2021-11-18,津,予選,1800,13:51,4806,5052,3355,4730,5123,4849,佐藤享子,赤井星璃,橋谷田佳,土屋実沙,福山恵里,森田太陽,大阪,大阪,東京,静岡,山口,滋賀,B2,B1,B1,A2,B2,B2,34,26,53,32,25,27,51,49,43,46,46,46,2.13,2.64,4.3,5.94,1.71,3.92,12.5,10.71,16.39,41.28,0.0,13.16,0.0,1.36,3.78,6.37,2.86,4.63,0.0,0.0,11.11,51.85,0.0,36.84,27,49,43,58,28,55,26.53,26.23,26.56,11.9,27.27,30.23,21,40,74,26,41,52,28.21,38.78,32.14,30.43,36.73,24.14,2021-11-18,6.76,6.81,6.92,6.82,6.86,6.99,-0.5,-0.5,-0.5,-0.5,-0.5,-0.5,0.12,0.21,0.41,0.09,0.23,0.2,1,2,3,4,5,6,晴,15.0,4,2.0,14.0,1.0
73,ヴィーナスシリーズ第16戦BOATBoyCUP,2,2021-11-18,9,津,9,予選特賞,1800,3289,4536,3871,4738,4744,4964,高橋淳美,喜井つかさ,池田紫乃,清埜翔子,伊藤玲奈,土屋南,32,57,47,37,20,30,55,24,54,71,30,56,6.69,6.81,6.83,6.68,6.8,6.85,1,2,3,4,5,6,0.17,0.13,0.18,0.15,0.14,0.13,110.0,111.3,113.2,114.3,,,1,2,3,4,6,5,1,1,2,1-2,1-2,1-2,1-3,2-3,1-2-3,1-2-3,1.4,1.5,1.5,5.1,2.9,2.1,2.2,3.0,13.7,4.8,1,1,2,3,7,2,2,逃げ,1,ヴィーナスシリーズ第16戦BOATBoyCUP,2,2021-11-18,津,予選特賞,1800,14:24,3289,4536,3871,4738,4744,4964,高橋淳美,喜井つか,池田紫乃,清埜翔子,伊藤玲奈,土屋南,大阪,岡山,長崎,埼玉,福岡,岡山,B1,B2,B1,B1,B2,B2,58,31,46,30,29,24,46,46,45,49,45,48,5.58,5.39,5.06,5.34,4.27,0.0,40.0,34.0,33.33,36.73,12.2,0.0,5.58,4.44,5.37,5.4,0.0,5.5,42.11,33.33,31.58,30.0,0.0,30.0,32,57,47,37,20,30,32.43,25.0,36.51,38.24,25.0,36.59,55,24,54,71,30,56,30.61,25.58,35.48,21.95,21.74,26.32,2021-11-18,6.69,6.81,6.83,6.68,6.8,6.85,0.0,-0.5,-0.5,0.0,0.0,0.0,0.22,0.08,0.03,0.07,-0.05,-0.07,1,2,3,4,5,6,晴,16.0,6,1.0,14.0,1.0
74,ヴィーナスシリーズ第16戦BOATBoyCUP,2,2021-11-18,9,津,10,予選特賞,1800,4464,3357,4484,4385,4525,3645,山下友貴,福島陽子,稲生夏季,鈴木祐美子,真子奈津実,淺田千亜希,63,59,66,46,45,12,18,19,53,15,17,48,6.79,6.77,6.85,6.68,6.76,6.97,1,2,3,4,5,6,0.14,0.13,0.15,0.18,0.21,0.22,108.7,114.6,113.2,112.5,,,1,4,3,2,6,5,1,1,4,1-4,1-4,1-4,1-3,3-4,1-4-3,1-3-4,1.9,1.1,3.4,6.0,4.4,1.8,1.2,3.2,15.5,4.0,2,2,2,1,7,4,1,逃げ,1,ヴィーナスシリーズ第16戦BOATBoyCUP,2,2021-11-18,津,予選特賞,1800,14:58,4464,3357,4484,4385,4525,3645,山下友貴,福島陽子,稲生夏季,鈴木祐美,真子奈津,淺田千亜,静岡,岡山,東京,三重,福岡,徳島,B1,B1,B2,B1,B1,B1,35,53,31,36,33,49,43,49,49,49,46,47,5.46,4.19,4.37,4.04,4.56,5.9,37.97,16.1,21.54,13.46,28.13,38.78,0.0,4.65,4.78,4.33,3.5,4.25,0.0,26.92,27.78,11.11,0.0,25.0,63,59,66,46,45,12,40.43,17.07,29.73,52.17,56.1,19.57,18,19,53,15,17,48,13.33,17.39,40.98,37.04,38.78,42.31,2021-11-18,6.79,6.77,6.85,6.68,6.76,6.97,0.5,-0.5,-0.5,0.0,-0.5,-0.5,0.23,0.24,0.05,0.23,0.19,0.22,1,2,3,4,5,6,晴,16.0,6,2.0,15.0,1.0
75,ヴィーナスシリーズ第16戦BOATBoyCUP,2,2021-11-18,9,津,11,予選特選,1800,4300,4349,4819,4071,4784,4853,加藤綾,犬童千秋,蜂須瑞生,古賀千晶,向井田真紀,前原哉,41,61,70,18,16,40,50,66,35,68,29,69,6.8,6.75,6.75,6.79,6.7,6.73,1,2,3,4,5,6,0.07,0.17,0.14,0.15,0.22,0.25,109.7,112.8,113.2,111.5,,,1,3,4,2,5,6,1,1,4,1-4,1-4,1-4,1-2,2-4,1-4-2,1-2-4,1.3,1.0,1.2,4.1,3.1,1.3,1.5,2.7,11.6,4.4,1,1,1,2,5,3,2,逃げ,1,ヴィーナスシリーズ第16戦BOATBoyCUP,2,2021-11-18,津,予選特選,1800,15:33,4300,4349,4819,4071,4784,4853,加藤綾,犬童千秋,蜂須瑞生,古賀千晶,向井田真,前原哉,三重,福岡,群馬,兵庫,広島,岡山,B1,B1,B1,A2,B2,B1,38,36,30,40,34,26,48,49,45,47,48,47,5.01,5.0,5.32,5.19,4.59,4.18,31.51,31.07,34.09,28.57,31.82,22.47,5.07,0.0,4.63,4.24,0.0,5.0,35.56,0.0,22.86,23.53,0.0,33.33,41,61,70,18,16,40,45.83,22.92,32.76,28.57,30.61,37.93,50,66,35,68,29,69,29.17,23.26,20.0,27.27,36.84,41.46,2021-11-18,6.8,6.75,6.75,6.79,6.7,6.73,-0.5,-0.5,-0.5,-0.5,0.0,-0.5,-0.07,0.09,0.02,0.05,-0.02,0.04,1,2,3,4,5,6,晴,17.0,6,2.0,15.0,1.0
76,ヴィーナスシリーズ第16戦BOATBoyCUP,2,2021-11-18,9,津,12,ツーコDR戦,1800,4730,4372,4726,4499,4845,5013,土屋実沙希,原田佑実,島田なぎさ,滝川真由子,前田紗希,山下夏鈴,58,73,34,67,53,71,26,23,62,75,28,58,6.81,6.93,6.82,6.88,6.89,6.61,1,2,3,4,5,6,0.23,0.2,0.16,0.15,0.09,0.12,109.9,112.6,110.5,,114.0,,1,3,2,5,4,6,1,1,3,1-3,1-3,1-3,1-2,2-3,1-3-2,1-2-3,1.0,1.0,1.3,2.5,2.4,1.3,1.2,2.5,5.8,2.6,1,1,2,1,5,1,1,逃げ,1,ヴィーナスシリーズ第16戦BOATBoyCUP,2,2021-11-18,津,ツーコDR戦,1800,16:10,4730,4372,4726,4499,4845,5013,土屋実沙,原田佑実,島田なぎ,滝川真由,前田紗希,山下夏鈴,静岡,大阪,埼玉,長崎,埼玉,三重,A2,A2,A2,B2,B1,B1,32,34,34,34,28,24,46,46,45,47,49,46,5.94,5.78,5.14,4.83,5.26,4.66,41.28,37.8,25.62,31.67,27.27,30.3,6.37,4.63,4.45,0.0,5.94,3.49,51.85,12.5,18.18,0.0,33.33,19.32,58,73,34,67,53,71,11.9,23.64,37.93,29.51,31.37,15.69,26,23,62,75,28,58,30.43,43.86,19.51,32.56,30.0,17.65,2021-11-18,6.81,6.93,6.82,6.88,6.89,6.61,-0.5,-0.5,0.0,-0.5,0.0,1.5,-0.03,0.05,0.04,0.07,0.06,0.01,1,2,3,4,5,6,晴,17.0,6,1.0,15.0,1.0
77,ルーキーシリーズ第21戦スカパー!・JLC杯,1,2021-11-18,7,蒲郡,1,予選,1800,4979,5008,4917,5033,5016,5105,中野夢斗,羽野諒,岩橋裕馬,藤原孝斗,宮田龍馬,富田恕生,15,73,49,31,53,34,13,74,24,32,37,62,6.7,6.7,6.63,6.62,6.64,6.53,1,2,3,4,5,6,0.14,0.14,0.14,0.29,0.27,0.23,109.5,110.2,112.8,,,114.0,1,2,3,6,5,4,1,1,2,1-2,1-2,1-2,1-3,2-3,1-2-3,1-2-3,1.8,1.4,2.9,5.1,3.7,1.6,2.4,4.0,10.1,3.9,2,2,1,4,7,1,1,逃げ,1,ルーキーシリーズ第21戦スカパー!・JLC杯,1,2021-11-18,蒲郡,予選,1800,15:17,4979,5008,4917,5033,5016,5105,中野夢斗,羽野諒,岩橋裕馬,藤原孝斗,宮田龍馬,富田恕生,愛知,福岡,兵庫,愛知,兵庫,福岡,B1,B1,B1,B2,B1,B1,25,24,33,23,23,23,52,51,52,55,51,53,4.47,4.55,4.52,2.83,5.08,3.13,26.04,20.22,23.68,7.5,27.27,12.87,4.43,0.0,4.88,1.97,2.7,0.0,21.59,0.0,25.0,0.0,6.52,0.0,15,73,49,31,53,34,31.62,23.28,35.38,34.78,37.8,33.09,13,74,24,32,37,62,37.19,35.19,31.9,28.0,31.78,24.14,2021-11-18,6.7,6.7,6.63,6.62,6.64,6.53,-0.5,-0.5,-0.5,-0.5,-0.5,0.5,0.18,0.11,0.17,0.19,0.07,0.03,1,2,3,4,5,6,晴,13.0,17,0.0,18.0,0.0
78,ルーキーシリーズ第21戦スカパー!・JLC杯,1,2021-11-18,7,蒲郡,2,予選,1800,4863,4986,4951,4960,5050,5159,三浦裕貴,西山祐希,新田洋一,黒野元基,木下雄介,笠間憲哉,24,70,56,66,30,32,18,30,39,67,29,36,6.64,6.67,6.62,6.62,6.68,6.68,1,2,3,4,5,6,0.18,0.11,0.07,0.07,0.06,-0.01,111.1,,113.5,109.7,112.0,,2,5,4,1,3,6,4,4,1,4-1,1-4,1-4,4-5,1-5,4-1-5,1-4-5,2.6,1.0,1.0,6.0,2.2,1.0,1.7,2.9,15.8,5.1,2,1,1,3,6,5,2,まくり差し,1,ルーキーシリーズ第21戦スカパー!・JLC杯,1,2021-11-18,蒲郡,予選,1800,15:40,4863,4986,4951,4960,5050,5159,三浦裕貴,西山祐希,新田洋一,黒野元基,木下雄介,笠間憲哉,東京,兵庫,広島,愛知,滋賀,愛知,B1,B2,B1,A2,B1,B2,32,24,28,25,26,23,53,51,54,52,51,52,3.03,3.69,4.89,6.44,4.23,1.39,10.0,20.0,25.61,47.65,23.17,0.0,4.36,3.14,4.59,5.8,3.52,1.32,21.43,14.29,17.65,39.02,9.68,0.0,24,70,56,66,30,32,36.61,26.05,27.27,31.11,24.47,19.4,18,30,39,67,29,36,21.9,36.36,39.29,27.52,41.09,39.83,2021-11-18,6.64,6.67,6.62,6.62,6.68,6.68,-0.5,-0.5,-0.5,-0.5,-0.5,-0.5,0.11,0.08,0.01,0.07,0.19,0.16,1,2,3,4,5,6,曇り,18.0,11,2.0,18.0,1.0
79,ルーキーシリーズ第21戦スカパー!・JLC杯,1,2021-11-18,7,蒲郡,3,予選,1800,4944,4988,4914,4926,4953,5053,田代達也,牟田奨太,吉田裕平,吉川貴仁,尾上雅也,山口広樹,33,61,17,58,67,27,41,73,23,17,63,75,6.66,6.65,6.63,6.64,6.68,6.68,1,2,3,4,5,6,0.23,0.28,0.29,0.21,0.19,0.33,,113.7,111.9,107.9,110.3,,6,4,3,1,2,5,4,4,5,4-5,4-5,4-5,3-4,3-5,4-5-3,3-4-5,3.3,1.6,3.2,23.4,26.6,2.2,1.2,2.4,46.9,4.0,10,7,4,1,6,20,2,まくり,1,ルーキーシリーズ第21戦スカパー!・JLC杯,1,2021-11-18,蒲郡,予選,1800,16:05,4944,4988,4914,4926,4953,5053,田代達也,牟田奨太,吉田裕平,吉川貴仁,尾上雅也,山口広樹,東京,静岡,愛知,三重,埼玉,福岡,B1,B1,A2,A2,B1,B1,30,24,24,28,27,26,54,55,51,52,54,54,3.84,3.4,7.31,5.71,5.44,3.28,16.39,17.05,57.26,37.86,34.74,10.26,3.0,4.36,6.68,5.9,4.94,0.0,14.29,27.27,45.61,37.5,33.33,0.0,33,61,17,58,67,27,28.57,30.53,31.69,27.88,23.0,23.46,41,73,23,17,63,75,31.48,33.33,23.85,20.99,38.76,36.64,2021-11-18,6.66,6.65,6.63,6.64,6.68,6.68,-0.5,0.0,-0.5,-0.5,-0.5,-0.5,0.12,0.02,-0.11,0.07,0.01,0.01,1,2,3,4,5,6,晴,18.0,9,1.0,18.0,0.0
80,ルーキーシリーズ第21戦スカパー!・JLC杯,1,2021-11-18,7,蒲郡,4,予選,1800,4920,4895,5095,5068,5005,4715,桐村翔太,門間雄大,小原聡将,前田滉,石田貴洋,村上遼,20,51,19,18,21,64,11,34,14,21,38,25,6.68,6.67,6.62,6.65,6.68,6.65,1,2,6,3,4,5,0.08,0.02,0.01,-0.01,0.05,-0.03,111.5,108.9,112.5,,109.6,,3,1,4,5,2,6,2,2,5,2-5,2-5,2-5,1-2,1-5,2-5-1,1-2-5,2.2,3.4,3.6,29.7,15.8,3.1,1.8,3.0,80.7,5.7,9,5,6,3,5,21,4,恵まれ,0,ルーキーシリーズ第21戦スカパー!・JLC杯,1,2021-11-18,蒲郡,予選,1800,16:35,4920,4895,5095,5068,5005,4715,桐村翔太,門間雄大,小原聡将,前田滉,石田貴洋,村上遼,大阪,東京,東京,愛知,埼玉,長崎,B1,B1,B1,A2,B1,A1,30,30,27,21,25,29,51,54,51,50,52,53,3.18,4.79,5.35,5.18,5.04,7.15,17.5,21.05,32.43,32.97,32.43,60.0,5.38,0.0,6.0,4.29,4.85,7.18,37.5,0.0,27.27,14.29,26.92,54.55,20,51,19,18,21,64,25.45,34.93,30.5,23.44,30.0,32.56,11,34,14,21,38,25,28.28,40.91,32.43,24.77,37.74,29.03,2021-11-18,6.68,6.67,6.62,6.65,6.68,6.65,-0.5,-0.5,0.0,-0.5,-0.5,0.0,0.07,0.15,0.01,-0.01,0.15,0.27,1,2,3,4,6,5,晴,17.0,9,1.0,18.0,0.0
81,ルーキーシリーズ第21戦スカパー!・JLC杯,1,2021-11-18,7,蒲郡,5,予選,1800,4917,5023,4919,4857,4910,5120,岩橋裕馬,久永祥平,吉田翔悟,加藤翔馬,中村泰平,山本稔太朗,49,68,38,72,25,47,24,77,26,71,20,35,6.71,6.73,6.7,6.82,6.73,6.79,1,2,3,4,5,6,0.18,0.18,0.1,0.06,0.12,0.08,,109.4,112.2,108.5,111.2,,5,2,4,1,3,6,4,4,2,4-2,2-4,2-4,4-5,2-5,4-2-5,2-4-5,2.9,4.0,2.2,55.2,28.8,4.5,2.5,4.5,104.0,15.6,19,9,8,4,7,39,7,まくり,1,ルーキーシリーズ第21戦スカパー!・JLC杯,1,2021-11-18,蒲郡,予選,1800,17:05,4917,5023,4919,4857,4910,5120,岩橋裕馬,久永祥平,吉田翔悟,加藤翔馬,中村泰平,山本稔太,兵庫,東京,長崎,兵庫,愛知,愛知,B1,B1,B1,A2,A1,B1,33,26,30,24,25,20,52,50,52,55,51,54,4.52,4.17,4.77,6.2,6.72,4.43,23.68,18.67,24.75,42.48,48.57,23.38,4.88,2.88,0.0,5.13,6.32,4.08,25.0,11.76,0.0,25.0,50.36,15.38,49,68,38,72,25,47,35.38,34.19,31.5,36.27,33.1,30.43,24,77,26,71,20,35,31.9,33.65,33.9,38.26,27.03,19.0,2021-11-18,6.71,6.73,6.7,6.82,6.73,6.79,-0.5,-0.5,-0.5,-0.5,-0.5,-0.5,-0.01,0.03,-0.04,-0.03,0.05,0.11,1,2,3,4,5,6,晴,17.0,9,2.0,18.0,1.0
82,ルーキーシリーズ第21戦スカパー!・JLC杯,1,2021-11-18,7,蒲郡,6,予選,1800,5027,4848,4769,5147,4962,5122,重冨勇哉,仲谷颯仁,馬場剛,田中勇輔,畑竜生,相馬翔,48,60,35,75,46,40,72,15,40,31,69,65,6.79,6.82,6.86,6.85,6.8,6.86,1,2,3,4,5,6,0.14,0.14,0.13,0.15,0.23,0.24,110.1,108.7,112.2,,110.1,,2,1,4,6,3,5,2,2,1,2-1,1-2,1-2,2-5,1-5,2-1-5,1-2-5,1.1,1.0,1.8,6.6,3.7,2.2,2.2,4.6,17.3,5.8,3,2,3,3,7,6,3,差し,1,ルーキーシリーズ第21戦スカパー!・JLC杯,1,2021-11-18,蒲郡,予選,1800,17:35,5027,4848,4769,5147,4962,5122,重冨勇哉,仲谷颯仁,馬場剛,田中勇輔,畑竜生,相馬翔,山口,福岡,東京,埼玉,三重,埼玉,B1,A1,A2,B2,B1,B1,25,27,29,27,25,20,55,52,51,52,51,55,2.8,6.71,6.3,2.08,4.57,3.18,6.82,47.11,49.4,3.85,27.63,16.46,0.0,6.2,5.68,1.53,4.55,1.88,0.0,40.0,43.18,0.0,22.58,3.85,48,60,35,75,46,40,26.53,29.5,31.25,14.29,35.59,20.65,72,15,40,31,69,65,24.35,29.66,31.2,40.0,36.07,36.8,2021-11-18,6.79,6.82,6.86,6.85,6.8,6.86,-0.5,-0.5,0.0,-0.5,-0.5,-0.5,0.01,0.02,-0.07,-0.06,0.02,0.18,1,2,3,4,5,6,晴,15.0,17,0.0,18.0,0.0
83,ルーキーシリーズ第21戦スカパー!・JLC杯,1,2021-11-18,7,蒲郡,7,予選,1800,4948,4953,4989,4932,5041,5169,木場悠介,尾上雅也,石原翼,新開航,荒牧凪沙,堀本翔太,29,67,63,39,23,22,70,63,16,66,33,28,6.77,6.77,6.76,6.79,6.77,6.8,1,2,3,4,5,6,0.15,0.13,0.15,0.24,0.24,0.23,110.5,113.0,109.0,111.7,,,2,4,1,3,5,6,3,3,1,3-1,1-3,1-3,3-4,1-4,3-1-4,1-3-4,5.1,3.1,1.2,24.9,6.4,1.8,1.9,1.6,43.7,3.1,11,3,3,4,1,15,2,まくり差し,1,ルーキーシリーズ第21戦スカパー!・JLC杯,1,2021-11-18,蒲郡,予選,1800,18:06,4948,4953,4989,4932,5041,5169,木場悠介,尾上雅也,石原翼,新開航,荒牧凪沙,堀本翔太,長崎,埼玉,静岡,福岡,福岡,愛知,B1,B1,B1,A1,B1,B1,29,27,24,25,23,20,52,54,52,51,51,50,6.16,5.44,5.63,6.57,4.0,2.91,46.94,34.74,38.89,52.63,12.12,5.26,0.0,4.94,4.11,6.68,4.29,3.09,0.0,33.33,27.78,42.11,28.57,13.04,29,67,63,39,23,22,29.63,23.0,35.97,24.14,37.12,22.32,70,63,16,66,33,28,39.37,38.76,41.07,32.52,33.64,34.85,2021-11-18,6.77,6.77,6.76,6.79,6.77,6.8,0.0,-0.5,-0.5,-0.5,-0.5,-0.5,-0.02,-0.05,-0.05,-0.07,-0.03,0.05,1,2,3,4,5,6,晴,14.0,9,1.0,18.0,0.0
84,ルーキーシリーズ第21戦スカパー!・JLC杯,1,2021-11-18,7,蒲郡,8,予選,1800,5050,4719,4979,5095,4944,4985,木下雄介,上條暢嵩,中野夢斗,小原聡将,田代達也,井本昌也,30,14,15,19,33,28,29,12,13,14,41,27,6.74,6.72,6.79,6.74,6.76,6.75,1,2,3,4,5,6,0.18,0.13,0.13,0.12,0.12,0.18,119.9,117.0,,122.7,,125.6,2,1,5,3,6,4,2,2,1,2-1,1-2,1-2,2-4,1-4,2-1-4,1-2-4,1.2,1.0,1.4,3.7,2.3,1.4,1.9,2.2,7.9,3.6,1,1,1,2,4,1,1,差し,1,ルーキーシリーズ第21戦スカパー!・JLC杯,1,2021-11-18,蒲郡,予選,1800,18:33,5050,4719,4979,5095,4944,4985,木下雄介,上條暢嵩,中野夢斗,小原聡将,田代達也,井本昌也,滋賀,大阪,愛知,東京,東京,山口,B1,A1,B1,B1,B1,B1,26,27,25,27,30,24,51,50,52,51,54,49,4.23,7.3,4.47,5.35,3.84,4.94,23.17,54.55,26.04,32.43,16.39,31.33,3.52,5.86,4.43,6.0,3.0,0.0,9.68,32.14,21.59,27.27,14.29,0.0,30,14,15,19,33,28,24.47,37.59,31.62,30.5,28.57,18.6,29,12,13,14,41,27,41.09,45.19,37.19,32.43,31.48,39.23,2021-11-18,6.74,6.72,6.79,6.74,6.76,6.75,-0.5,-0.5,-0.5,-0.5,-0.5,-0.5,0.18,0.11,0.1,0.08,0.01,0.03,1,2,3,4,5,6,晴,13.0,17,0.0,18.0,0.0
85,ルーキーシリーズ第21戦スカパー!・JLC杯,1,2021-11-18,7,蒲郡,9,予選特賞,1800,5068,5016,4988,4919,5015,4951,前田滉,宮田龍馬,牟田奨太,吉田翔悟,高橋竜矢,新田洋一,18,53,61,38,13,56,21,37,73,26,22,39,6.72,6.72,6.77,6.75,6.74,6.77,1,2,3,4,5,6,0.32,0.17,0.23,0.19,0.25,0.22,113.0,108.7,,109.4,110.6,,4,1,5,2,3,6,2,2,4,2-4,2-4,2-4,2-5,4-5,2-4-5,2-4-5,4.8,7.9,3.2,22.6,13.5,1.6,2.2,1.3,45.6,6.9,12,7,2,4,1,17,4,まくり,1,ルーキーシリーズ第21戦スカパー!・JLC杯,1,2021-11-18,蒲郡,予選特賞,1800,18:59,5068,5016,4988,4919,5015,4951,前田滉,宮田龍馬,牟田奨太,吉田翔悟,高橋竜矢,新田洋一,愛知,兵庫,静岡,長崎,広島,広島,A2,B1,B1,B1,A2,B1,21,23,24,30,23,28,50,51,55,52,52,54,5.18,5.08,3.4,4.77,5.87,4.89,32.97,27.27,17.05,24.75,41.23,25.61,4.29,2.7,4.36,0.0,4.78,4.59,14.29,6.52,27.27,0.0,33.33,17.65,18,53,61,38,13,56,23.44,37.8,30.53,31.5,26.62,27.27,21,37,73,26,22,39,24.77,31.78,33.33,33.9,30.91,39.29,2021-11-18,6.72,6.72,6.77,6.75,6.74,6.77,-0.5,-0.5,-0.5,-0.5,-0.5,-0.5,0.39,0.29,0.41,0.05,0.08,0.1,1,2,3,4,5,6,晴,13.0,9,1.0,18.0,0.0
86,ルーキーシリーズ第21戦スカパー!・JLC杯,1,2021-11-18,7,蒲郡,10,予選特賞,1800,4828,5002,4926,5005,4863,5008,松山将吾,上田健太,吉川貴仁,石田貴洋,三浦裕貴,羽野諒,41,50,58,21,24,73,19,68,17,38,18,74,6.76,6.79,6.71,6.77,6.79,6.79,1,2,3,4,5,6,0.22,0.2,0.17,0.18,0.21,0.19,,,118.2,123.9,120.6,127.3,6,5,1,3,2,4,3,3,5,3-5,3-5,3-5,3-4,4-5,3-5-4,3-4-5,4.2,3.3,22.3,25.0,20.8,4.2,3.4,8.9,96.6,21.8,7,7,7,5,11,29,6,まくり,1,ルーキーシリーズ第21戦スカパー!・JLC杯,1,2021-11-18,蒲郡,予選特賞,1800,19:32,4828,5002,4926,5005,4863,5008,松山将吾,上田健太,吉川貴仁,石田貴洋,三浦裕貴,羽野諒,滋賀,愛知,三重,埼玉,東京,福岡,A2,B1,A2,B1,B1,B1,27,25,28,25,32,24,51,50,52,52,53,51,6.15,5.19,5.71,5.04,3.03,4.55,43.1,34.92,37.86,32.43,10.0,20.22,5.4,4.73,5.9,4.85,4.36,0.0,40.0,23.33,37.5,26.92,21.43,0.0,41,50,58,21,24,73,28.13,17.24,27.88,30.0,36.61,23.28,19,68,17,38,18,74,35.96,37.1,20.99,37.74,21.9,35.19,2021-11-18,6.76,6.79,6.71,6.77,6.79,6.79,-0.5,-0.5,0.0,-0.5,-0.5,-0.5,0.16,0.12,0.11,0.13,0.12,0.12,1,2,3,4,5,6,晴,13.0,17,0.0,18.0,0.0
87,ルーキーシリーズ第21戦スカパー!・JLC杯,1,2021-11-18,7,蒲郡,11,予選特選,1800,4960,4948,5053,4769,4857,4895,黒野元基,木場悠介,山口広樹,馬場剛,加藤翔馬,門間雄大,66,29,27,35,72,51,67,70,75,40,71,34,6.69,6.77,6.8,6.8,6.82,6.76,1,2,3,4,5,6,0.18,0.2,0.28,0.17,0.21,0.22,108.1,111.1,,,110.5,109.1,1,4,6,5,3,2,1,1,6,1-6,1-6,1-6,1-5,5-6,1-6-5,1-5-6,1.0,1.0,5.3,33.9,25.8,3.6,1.9,6.3,82.4,12.9,10,6,5,3,9,28,4,逃げ,1,ルーキーシリーズ第21戦スカパー!・JLC杯,1,2021-11-18,蒲郡,予選特選,1800,20:02,4960,4948,5053,4769,4857,4895,黒野元基,木場悠介,山口広樹,馬場剛,加藤翔馬,門間雄大,愛知,長崎,福岡,東京,兵庫,東京,A2,B1,B1,A2,A2,B1,25,29,26,29,24,30,52,52,54,51,55,54,6.44,6.16,3.28,6.3,6.2,4.79,47.65,46.94,10.26,49.4,42.48,21.05,5.8,0.0,0.0,5.68,5.13,0.0,39.02,0.0,0.0,43.18,25.0,0.0,66,29,27,35,72,51,31.11,29.63,23.46,31.25,36.27,34.93,67,70,75,40,71,34,27.52,39.37,36.64,31.2,38.26,40.91,2021-11-18,6.69,6.77,6.8,6.8,6.82,6.76,-0.5,0.0,-0.5,0.0,-0.5,0.0,0.06,0.08,-0.01,0.01,0.14,0.09,1,2,3,4,5,6,晴,13.0,17,0.0,18.0,0.0
88,ルーキーシリーズ第21戦スカパー!・JLC杯,1,2021-11-18,7,蒲郡,12,ドリーム戦,1800,4719,4715,4910,4848,4932,4914,上條暢嵩,村上遼,中村泰平,仲谷颯仁,新開航,吉田裕平,14,64,25,60,39,17,12,25,20,15,66,23,6.71,6.78,6.77,6.8,6.74,6.72,1,2,3,4,5,6,0.19,0.15,0.15,0.11,0.12,0.12,107.7,111.7,,109.4,110.5,,1,4,5,2,3,6,1,1,4,1-4,1-4,1-4,1-5,4-5,1-4-5,1-4-5,1.1,1.0,3.5,4.5,3.8,1.7,3.0,7.5,18.2,10.8,3,3,2,4,12,7,5,逃げ,1,ルーキーシリーズ第21戦スカパー!・JLC杯,1,2021-11-18,蒲郡,ドリーム戦,1800,20:37,4719,4715,4910,4848,4932,4914,上條暢嵩,村上遼,中村泰平,仲谷颯仁,新開航,吉田裕平,大阪,長崎,愛知,福岡,福岡,愛知,A1,A1,A1,A1,A1,A2,27,29,25,27,25,24,50,53,51,52,51,51,7.3,7.15,6.72,6.71,6.57,7.31,54.55,60.0,48.57,47.11,52.63,57.26,5.86,7.18,6.32,6.2,6.68,6.68,32.14,54.55,50.36,40.0,42.11,45.61,14,64,25,60,39,17,37.59,32.56,33.1,29.5,24.14,31.69,12,25,20,15,66,23,45.19,29.03,27.03,29.66,32.52,23.85,2021-11-18,6.71,6.78,6.77,6.8,6.74,6.72,-0.5,0.0,-0.5,-0.5,-0.5,-0.5,0.07,-0.03,-0.05,0.06,-0.01,0.17,1,2,3,4,5,6,晴,13.0,17,0.0,18.0,0.0
89,BACHプラザ杯,2,2021-11-18,2,戸田,1,予選,1800,3455,5029,4809,4902,4110,4367,谷本幸司,中亮太,外崎悟,山川雄大,小澤和也,山口修路,10,44,32,54,42,49,37,57,45,71,72,43,6.75,6.76,6.77,6.8,6.81,6.79,1,2,3,4,5,6,0.1,0.13,0.16,0.13,0.1,0.14,111.4,111.4,,,109.8,112.7,2,3,5,6,1,4,5,5,1,5-1,1-5,1-5,2-5,1-2,5-1-2,1-2-5,16.2,2.9,1.5,51.8,20.3,2.9,4.2,2.2,221.9,13.9,18,7,4,8,3,66,7,まくり差し,1,BACHプラザ杯,2,2021-11-18,戸田,予選,1800,10:51,3455,5029,4809,4902,4110,4367,谷本幸司,中亮太,外崎悟,山川雄大,小澤和也,山口修路,愛知,福岡,埼玉,兵庫,埼玉,福岡,B1,A2,B1,B1,B1,A2,50,24,32,28,41,36,51,54,51,51,57,51,5.21,6.52,5.57,4.58,4.83,4.25,30.86,52.17,34.94,22.55,27.38,16.87,4.82,5.59,5.21,5.23,4.95,5.67,25.0,40.91,37.5,38.46,29.91,33.33,10,44,32,54,42,49,30.26,29.69,26.23,31.48,20.83,32.31,37,57,45,71,72,43,41.79,34.85,23.94,39.06,27.03,47.83,2021-11-18,6.75,6.76,6.77,6.8,6.81,6.79,-0.5,-0.5,0.0,0.0,0.0,-0.5,-0.08,0.01,-0.03,0.08,-0.06,0.26,1,2,3,4,5,6,晴,16.0,17,0.0,15.0,0.0
90,BACHプラザ杯,2,2021-11-18,2,戸田,2,予選,1800,4637,4121,4630,4295,4644,4394,中田友也,富永修一,岩永雅人,小坂尚哉,山田亮太,永嶋裕一,58,50,35,2,60,56,21,63,61,23,26,47,6.72,6.8,6.73,6.69,6.81,6.85,1,2,3,4,5,6,0.19,0.21,0.29,0.2,0.21,0.21,110.9,112.8,,109.3,,113.6,2,3,5,1,6,4,4,4,1,4-1,1-4,1-4,2-4,1-2,4-1-2,1-2-4,1.9,1.2,2.2,4.6,2.5,1.3,3.2,2.9,23.4,6.2,1,1,1,6,5,8,3,まくり,1,BACHプラザ杯,2,2021-11-18,戸田,予選,1800,11:15,4637,4121,4630,4295,4644,4394,中田友也,富永修一,岩永雅人,小坂尚哉,山田亮太,永嶋裕一,埼玉,福岡,愛知,兵庫,東京,福岡,B1,B1,A2,A1,B1,B1,31,39,34,35,42,35,57,52,51,54,51,57,4.85,5.73,5.46,6.21,5.69,4.68,26.74,35.37,35.79,41.38,36.49,23.68,4.97,0.0,5.71,7.14,5.32,4.45,29.47,0.0,42.86,57.14,39.02,18.18,58,50,35,2,60,56,30.43,22.81,27.27,35.37,27.42,31.58,21,63,61,23,26,47,31.34,22.67,31.34,29.85,41.94,27.54,2021-11-18,6.72,6.8,6.73,6.69,6.81,6.85,-0.5,0.0,-0.5,-0.5,-0.5,-0.5,0.04,-0.01,0.15,-0.16,-0.09,-0.18,1,2,3,4,5,6,曇り,16.0,8,1.0,15.0,1.0
91,BACHプラザ杯,2,2021-11-18,2,戸田,3,予選,1800,4077,4485,4598,4102,5051,4509,品田直樹,楠原正剛,加藤政彦,益田啓司,松本純平,平見真彦,6,7,55,37,3,14,31,44,70,32,76,35,6.74,6.84,6.69,6.71,6.76,6.7,1,2,3,4,5,6,0.07,0.09,0.09,0.12,0.23,0.19,111.4,109.7,114.2,,,111.2,3,1,4,6,5,2,2,2,6,2-6,2-6,2-6,1-2,1-6,2-6-1,1-2-6,4.7,1.9,3.8,25.7,15.4,3.6,2.0,5.5,115.8,20.0,14,8,7,2,10,56,10,差し,1,BACHプラザ杯,2,2021-11-18,戸田,予選,1800,11:40,4077,4485,4598,4102,5051,4509,品田直樹,楠原正剛,加藤政彦,益田啓司,松本純平,平見真彦,東京,福岡,東京,福岡,埼玉,愛知,B1,A2,A2,A1,B1,A1,43,35,37,42,26,32,50,54,52,52,57,53,4.25,5.33,5.64,6.58,4.57,5.49,21.65,32.99,39.22,49.57,25.23,31.25,4.53,0.0,5.28,4.73,3.8,6.35,20.34,0.0,31.15,26.67,19.71,48.39,6,7,55,37,3,14,31.51,40.0,24.19,31.25,23.61,35.14,31,44,70,32,76,35,35.38,29.85,33.93,35.82,32.26,26.56,2021-11-18,6.74,6.84,6.69,6.71,6.76,6.7,-0.5,-0.5,0.0,-0.5,-0.5,-0.5,0.14,-0.07,0.01,-0.05,0.12,0.01,1,2,3,4,5,6,曇り,16.0,17,0.0,15.0,0.0
92,BACHプラザ杯,2,2021-11-18,2,戸田,4,予選,1800,3546,4033,3596,4118,4640,4706,中里昌志,伊藤将吉,河上年昭,宇佐見淳,山ノ内雅人,三浦洋次朗,59,1,53,5,62,47,33,28,77,25,67,53,6.77,6.66,6.81,6.79,6.76,6.89,1,2,3,4,5,6,0.11,0.05,0.06,0.07,0.08,0.22,113.5,108.9,,111.0,114.6,,3,1,5,2,4,6,2,2,4,2-4,2-4,2-4,1-2,1-4,2-4-1,1-2-4,1.5,1.4,3.2,4.5,3.5,1.7,2.1,2.1,17.0,4.2,1,2,1,3,4,5,2,まくり,1,BACHプラザ杯,2,2021-11-18,戸田,予選,1800,12:06,3546,4033,3596,4118,4640,4706,中里昌志,伊藤将吉,河上年昭,宇佐見淳,山ノ内雅,三浦洋次,埼玉,静岡,埼玉,愛知,福岡,愛知,B1,A1,B1,A1,A1,A2,52,43,52,40,30,33,50,52,53,52,53,48,5.45,6.74,4.05,5.94,5.6,5.08,37.21,50.4,14.13,38.38,36.54,33.33,5.45,6.19,4.42,6.5,0.0,5.76,35.77,41.94,14.58,50.0,0.0,35.71,59,1,53,5,62,47,42.47,58.06,39.62,41.98,19.64,20.0,33,28,77,25,67,53,25.0,33.33,25.71,22.86,51.52,30.43,2021-11-18,6.77,6.66,6.81,6.79,6.76,6.89,-0.5,-0.5,0.0,0.0,0.0,-0.5,0.09,-0.06,0.21,-0.04,0.02,-0.1,1,2,3,4,5,6,曇り,16.0,17,0.0,15.0,0.0
93,BACHプラザ杯,2,2021-11-18,2,戸田,5,ウインウイン,1800,3902,4273,4110,4002,4607,4306,蜷川哲平,佐藤旭,小澤和也,古結宏,鶴田勇雄,畔柳俊吾,36,51,42,45,64,41,20,64,72,51,29,74,6.79,6.83,6.79,6.8,6.68,6.79,1,2,3,4,5,6,0.23,0.2,0.18,0.19,0.18,0.17,110.3,110.7,113.4,,112.3,,1,2,4,5,3,6,1,1,2,1-2,1-2,1-2,1-5,2-5,1-2-5,1-2-5,2.5,3.0,8.6,6.7,6.1,2.5,2.5,4.8,31.0,9.7,3,2,3,4,9,10,4,逃げ,1,BACHプラザ杯,2,2021-11-18,戸田,ウインウイン,1800,12:33,3902,4273,4110,4002,4607,4306,蜷川哲平,佐藤旭,小澤和也,古結宏,鶴田勇雄,畔柳俊吾,東京,静岡,埼玉,兵庫,福岡,愛知,A2,B1,B1,A1,B1,B1,44,39,41,44,32,38,54,51,57,53,53,51,5.46,4.91,4.83,6.87,5.68,5.43,32.22,25.71,27.38,51.2,39.78,29.9,6.04,4.83,4.95,6.77,5.0,4.42,39.22,27.78,29.91,48.39,33.33,22.58,36,51,42,45,64,41,31.37,35.38,20.83,27.87,42.62,33.33,20,64,72,51,29,74,27.78,36.36,27.03,30.77,41.79,31.88,2021-11-18,6.79,6.83,6.79,6.8,6.68,6.79,0.0,-0.5,0.0,-0.5,-0.5,-0.5,-0.09,-0.05,-0.12,0.01,-0.07,-0.18,1,2,3,4,5,6,曇り,16.0,6,2.0,15.0,1.0
94,BACHプラザ杯,2,2021-11-18,2,戸田,6,予選,1800,4902,4401,4394,4269,3895,4417,山川雄大,小林泰,永嶋裕一,杉山裕也,堀本裕也,服部剛,54,43,56,4,61,34,71,39,47,19,38,68,6.73,6.77,6.79,6.67,6.82,6.7,1,2,3,4,5,6,0.05,0.06,0.08,0.09,0.1,0.11,113.2,108.7,112.1,109.4,,,4,1,3,2,6,5,2,2,4,2-4,2-4,2-4,2-3,3-4,2-4-3,2-3-4,3.0,1.0,1.1,5.5,2.5,1.5,4.5,3.0,40.6,11.5,1,1,1,9,6,16,5,差し,1,BACHプラザ杯,2,2021-11-18,戸田,予選,1800,13:00,4902,4401,4394,4269,3895,4417,山川雄大,小林泰,永嶋裕一,杉山裕也,堀本裕也,服部剛,兵庫,東京,福岡,愛知,愛知,静岡,B1,A2,B1,A1,B1,B1,28,37,35,36,45,34,51,54,57,54,48,53,4.58,6.54,4.68,6.98,4.7,5.18,22.55,49.38,23.68,57.02,25.0,27.71,5.23,5.85,4.45,6.6,6.42,5.4,38.46,46.15,18.18,51.16,37.5,29.79,54,43,56,4,61,34,31.48,26.23,31.58,28.77,36.92,36.92,71,39,47,19,38,68,39.06,42.86,27.54,25.35,33.33,28.36,2021-11-18,6.73,6.77,6.79,6.67,6.82,6.7,0.0,-0.5,-0.5,-0.5,-0.5,-0.5,0.16,0.21,0.13,0.14,0.13,0.07,1,2,3,4,5,6,曇り,16.0,8,2.0,15.0,1.0
95,BACHプラザ杯,2,2021-11-18,2,戸田,7,ウインウイン,1800,4102,4925,3863,3315,4121,4809,益田啓司,森悠稀,海老澤泰行,広瀬聖仁,富永修一,外崎悟,37,52,8,15,50,32,32,36,24,16,63,45,6.74,6.81,6.7,6.81,6.81,6.74,1,2,3,4,5,6,0.21,0.2,0.19,0.17,0.16,0.27,113.6,,109.0,110.7,,111.8,4,5,1,2,6,3,3,3,4,3-4,3-4,3-4,3-6,4-6,3-4-6,3-4-6,4.0,3.0,4.1,26.5,14.0,3.7,7.5,8.9,115.4,32.2,8,5,4,11,12,33,13,まくり,1,BACHプラザ杯,2,2021-11-18,戸田,ウインウイン,1800,13:28,4102,4925,3863,3315,4121,4809,益田啓司,森悠稀,海老澤泰,広瀬聖仁,富永修一,外崎悟,福岡,兵庫,東京,愛知,福岡,埼玉,A1,B1,B1,B1,B1,B1,42,28,47,56,39,32,52,53,56,54,52,51,6.58,4.77,4.36,5.54,5.73,5.57,49.57,25.24,23.96,32.1,35.37,34.94,4.73,3.5,5.86,4.43,0.0,5.21,26.67,16.67,39.29,23.33,0.0,37.5,37,52,8,15,50,32,31.25,33.33,47.83,30.99,22.81,26.23,32,36,24,16,63,45,35.82,38.57,29.69,36.36,22.67,23.94,2021-11-18,6.74,6.81,6.7,6.81,6.81,6.74,-0.5,0.0,0.0,0.0,0.0,-0.5,0.06,0.09,0.17,0.02,0.01,0.07,1,2,3,4,5,6,曇り,16.0,8,1.0,15.0,1.0
96,BACHプラザ杯,2,2021-11-18,2,戸田,8,予選,1800,4234,4095,4367,5051,4630,4488,野相弘司,福来剛,山口修路,松本純平,岩永雅人,小山勉,48,40,49,3,35,9,22,65,43,76,61,40,6.74,6.74,6.8,6.76,6.84,6.69,1,2,3,4,5,6,0.24,0.14,0.21,0.19,0.21,0.13,,109.9,113.6,,112.0,108.2,5,2,4,6,3,1,6,6,2,6-2,2-6,2-6,5-6,2-5,6-2-5,2-5-6,6.7,1.8,1.1,16.3,5.3,1.8,6.3,2.7,89.1,9.4,7,3,1,13,3,32,6,まくり,1,BACHプラザ杯,2,2021-11-18,戸田,予選,1800,13:56,4234,4095,4367,5051,4630,4488,野相弘司,福来剛,山口修路,松本純平,岩永雅人,小山勉,福岡,東京,福岡,埼玉,愛知,埼玉,B1,A2,A2,B1,A2,A1,38,40,36,26,34,35,58,52,51,57,51,52,4.8,7.25,4.25,4.57,5.46,6.17,29.51,58.24,16.87,25.23,35.79,42.39,1.89,6.02,5.67,3.8,5.71,5.98,0.0,38.64,33.33,19.71,42.86,41.23,48,40,49,3,35,9,42.65,47.06,32.31,23.61,27.27,22.22,22,65,43,76,61,40,41.38,31.82,47.83,32.26,31.34,32.84,2021-11-18,6.74,6.74,6.8,6.76,6.84,6.69,-0.5,-0.5,-0.5,-0.5,-0.5,0.0,0.12,0.06,-0.04,0.04,0.01,-0.07,1,2,3,4,5,6,曇り,16.0,8,2.0,15.0,1.0
97,BACHプラザ杯,2,2021-11-18,2,戸田,9,予選,1800,4532,4598,4706,3455,4245,4036,秋元哲,加藤政彦,三浦洋次朗,谷本幸司,高橋直哉,金田諭,46,55,47,10,65,63,66,70,53,37,54,75,6.79,6.72,6.86,6.82,6.78,6.65,1,2,3,4,5,6,0.11,0.13,0.14,0.15,0.15,0.22,110.1,110.8,112.7,,111.9,,1,2,4,6,3,5,1,1,2,1-2,1-2,1-2,1-5,2-5,1-2-5,1-2-5,1.7,2.3,3.9,3.8,3.6,2.3,5.7,6.7,43.3,24.6,1,2,3,11,12,17,12,逃げ,1,BACHプラザ杯,2,2021-11-18,戸田,予選,1800,14:25,4532,4598,4706,3455,4245,4036,秋元哲,加藤政彦,三浦洋次,谷本幸司,高橋直哉,金田諭,埼玉,東京,愛知,愛知,東京,埼玉,A2,A2,A2,B1,B1,A1,33,37,33,50,39,43,49,52,48,51,52,52,5.13,5.64,5.08,5.21,4.65,6.58,34.83,39.22,33.33,30.86,23.38,53.54,6.47,5.28,5.76,4.82,5.38,6.54,49.61,31.15,35.71,25.0,37.84,51.79,46,55,47,10,65,63,46.03,24.19,20.0,30.26,34.78,38.89,66,70,53,37,54,75,34.33,33.93,30.43,41.79,21.62,42.42,2021-11-18,6.79,6.72,6.86,6.82,6.78,6.65,-0.5,-0.5,-0.5,-0.5,-0.5,-0.5,0.13,0.01,0.01,0.19,0.01,-0.06,1,2,3,4,5,6,曇り,16.0,8,2.0,15.0,1.0
98,BACHプラザ杯,2,2021-11-18,2,戸田,10,戸田特賞,1800,4295,4568,4485,4883,4033,3895,小坂尚哉,廣瀬真也,楠原正剛,岡部大輝,伊藤将吉,堀本裕也,2,57,7,38,1,61,23,18,44,46,28,38,6.74,6.75,6.76,6.81,6.74,6.82,1,2,3,4,5,6,0.14,0.15,0.15,0.19,0.15,0.29,108.0,111.7,110.0,113.1,,,1,3,2,4,5,6,1,1,3,1-3,1-3,1-3,1-2,2-3,1-3-2,1-2-3,1.6,1.7,6.3,5.4,5.6,2.0,1.4,4.6,16.4,5.7,3,3,3,1,9,7,3,逃げ,1,BACHプラザ杯,2,2021-11-18,戸田,戸田特賞,1800,14:54,4295,4568,4485,4883,4033,3895,小坂尚哉,廣瀬真也,楠原正剛,岡部大輝,伊藤将吉,堀本裕也,兵庫,東京,福岡,東京,静岡,愛知,A1,A2,A2,B1,A1,B1,35,33,35,25,43,45,54,50,54,53,52,48,6.21,6.12,5.33,5.48,6.74,4.7,41.38,46.09,32.99,34.78,50.4,25.0,7.14,5.69,0.0,5.59,6.19,6.42,57.14,33.33,0.0,37.04,41.94,37.5,2,57,7,38,1,61,35.37,43.28,40.0,33.33,58.06,36.92,23,18,44,46,28,38,29.85,30.3,29.85,23.61,33.33,33.33,2021-11-18,6.74,6.75,6.76,6.81,6.74,6.82,-0.5,-0.5,-0.5,-0.5,-0.5,-0.5,-0.02,-0.03,-0.01,-0.06,-0.02,0.06,1,2,3,4,5,6,曇り,16.0,6,2.0,15.0,1.0
99,BACHプラザ杯,2,2021-11-18,2,戸田,11,戸田特選,1800,3988,3863,3902,4428,4269,3596,古川誠之,海老澤泰行,蜷川哲平,有賀達也,杉山裕也,河上年昭,39,8,36,33,4,53,15,24,20,73,19,77,6.72,6.77,6.81,6.75,6.7,6.8,1,2,3,4,5,6,0.04,0.12,0.13,0.07,0.04,0.11,110.1,111.3,112.8,,111.8,,1,2,4,6,3,5,1,1,2,1-2,1-2,1-2,1-5,2-5,1-2-5,1-2-5,1.6,1.1,2.2,7.2,7.0,1.8,1.8,2.0,14.4,4.4,3,4,1,1,4,1,1,逃げ,1,BACHプラザ杯,2,2021-11-18,戸田,戸田特選,1800,15:24,3988,3863,3902,4428,4269,3596,古川誠之,海老澤泰,蜷川哲平,有賀達也,杉山裕也,河上年昭,愛知,東京,東京,埼玉,愛知,埼玉,A1,B1,A2,A1,A1,B1,43,47,44,36,36,52,56,56,54,52,54,53,6.05,4.36,5.46,5.67,6.98,4.05,42.71,23.96,32.22,37.37,57.02,14.13,5.31,5.86,6.04,6.04,6.6,4.42,28.57,39.29,39.22,42.57,51.16,14.58,39,8,36,33,4,53,29.73,47.83,31.37,29.41,28.77,39.62,15,24,20,73,19,77,35.38,29.69,27.78,16.95,25.35,25.71,2021-11-18,6.72,6.77,6.81,6.75,6.7,6.8,-0.5,0.0,-0.5,-0.5,-0.5,0.0,0.34,0.11,0.11,0.07,0.09,0.11,1,2,3,4,5,6,曇り,16.0,8,1.0,15.0,1.0
100,BACHプラザ杯,2,2021-11-18,2,戸田,12,記者選抜戦,1800,4002,4644,4640,4509,4401,3315,古結宏,山田亮太,山ノ内雅人,平見真彦,小林泰,広瀬聖仁,45,60,62,14,43,15,51,26,67,35,39,16,6.71,6.86,6.72,6.7,6.8,6.74,1,2,3,4,5,6,0.1,0.13,0.07,0.11,0.08,0.1,,,110.7,109.3,111.9,111.9,5,6,2,1,4,3,4,4,3,4-3,3-4,3-4,4-6,3-6,4-3-6,3-4-6,5.0,1.6,2.6,21.8,9.1,2.7,8.2,9.2,121.8,25.8,11,6,5,12,14,46,12,まくり差し,1,BACHプラザ杯,2,2021-11-18,戸田,記者選抜戦,1800,15:55,4002,4644,4640,4509,4401,3315,古結宏,山田亮太,山ノ内雅,平見真彦,小林泰,広瀬聖仁,兵庫,東京,福岡,愛知,東京,愛知,A1,B1,A1,A1,A2,B1,44,42,30,32,37,56,53,51,53,53,54,54,6.87,5.69,5.6,5.49,6.54,5.54,51.2,36.49,36.54,31.25,49.38,32.1,6.77,5.32,0.0,6.35,5.85,4.43,48.39,39.02,0.0,48.39,46.15,23.33,45,60,62,14,43,15,27.87,27.42,19.64,35.14,26.23,30.99,51,26,67,35,39,16,30.77,41.94,51.52,26.56,42.86,36.36,2021-11-18,6.71,6.86,6.72,6.7,6.8,6.74,-0.5,-0.5,0.0,-0.5,-0.5,0.0,0.01,0.24,0.17,0.11,0.02,0.03,1,2,3,4,5,6,晴,16.0,8,1.0,15.0,1.0
