,title,day,date,place_cd,place,race_no,race_type,distance,toban_1,toban_2,toban_3,toban_4,toban_5,toban_6,name_1,name_2,name_3,name_4,name_5,name_6,moter_no_1,moter_no_2,moter_no_3,moter_no_4,moter_no_5,moter_no_6,boat_no_1,boat_no_2,boat_no_3,boat_no_4,boat_no_5,boat_no_6,ET_1,ET_2,ET_3,ET_4,ET_5,ET_6,SC_1,SC_2,SC_3,SC_4,SC_5,SC_6,ST_1,ST_2,ST_3,ST_4,ST_5,ST_6,RT_1,RT_2,RT_3,RT_4,RT_5,RT_6,position_1,position_2,position_3,position_4,position_5,position_6,tkt_1t,tkt_1f1,tkt_1f2,tkt_2t,tkt_2f,tkt_w1,tkt_w2,tkt_w3,tkt_3t,tkt_3f,odds_1t,odds_1f1,odds_1f2,odds_2t,odds_2f,odds_w1,odds_w2,odds_w3,odds_3t,odds_3f,poprank_2t,poprank_2f,poprank_w1,poprank_w2,poprank_w3,poprank_3t,poprank_3f,win_method,wakunari
0,第11回領巾振山つつじカップ,2,2021-04-23,23,唐津,1,朝1戦予選,1800,4356,4041,4226,4403,4896,5152,長岡良也,小林基樹,村田浩司,木下大將,花本剛,丸山祐也,67,30,49,53,68,18,70,56,32,68,83,65,6.64,6.64,6.61,6.60,6.63,6.61,1,2,3,4,5,6,0.09,0.17,0.14,0.08,0.08,0.08,108.6,115.3,111.6,109.3,111.9,116.1,1,5,3,2,4,6,1,1,4,1-4,1-4,1-4,1-3,3-4,1-4-3,1-3-4,1.0,1.0,1.3,2.7,1.8,1.2,2.4,3.5,10.3,4.7,1,1,1,5,7,4,3,逃げ,1
1,第11回領巾振山つつじカップ,2,2021-04-23,23,唐津,2,モー2ング予,1800,4475,3960,3989,2903,3982,5105,末永祐輝,菊地孝平,熊本英一,山崎毅,福田理,富田恕生,40,15,52,63,42,20,82,58,54,71,60,74,6.62,6.66,6.69,6.74,6.68,6.60,1,2,3,4,5,6,0.13,0.11,0.15,0.09,0.07,0.06,108.4,109.3,113.5,112.2,115.8,112.8,1,2,5,3,6,4,1,1,2,1-2,1-2,1-2,1-4,2-4,1-2-4,1-2-4,1.6,1.0,1.0,1.8,1.2,1.1,1.8,2.2,5.2,2.6,1,1,1,3,5,2,2,逃げ,1
2,第11回領巾振山つつじカップ,2,2021-04-23,23,唐津,3,3ライズ戦予,1800,3233,3539,4025,4571,3036,3974,小畑実成,金子順一,山本隆幸,菅章哉,吉本正昭,深山祐二,48,56,23,12,32,36,88,64,75,62,79,66,6.67,6.67,6.61,6.55,6.66,6.63,1,2,3,4,5,6,0.07,0.13,0.11,0.22,0.19,0.21,109.3,112.8,110.6,114.2,114.7,117.0,1,3,2,4,5,6,1,1,3,1-3,1-3,1-3,1-2,2-3,1-3-2,1-2-3,2.2,1.5,1.8,4.6,3.7,1.2,3.9,5.9,31.0,8.4,2,2,1,5,8,11,2,逃げ,1
3,第11回領巾振山つつじカップ,2,2021-04-23,23,唐津,4,おは4戦予選,1800,4776,3581,3834,3401,4020,4124,竹田和哉,加木郁,細川明人,上田隆章,川上清人,池田雄一,13,62,25,16,34,24,61,69,73,63,49,81,6.69,6.71,6.66,6.69,6.73,6.65,1,2,3,4,5,6,0.16,0.20,0.28,0.25,0.23,0.23,109.7,116.4,112.5,114.7,112.4,110.5,1,6,4,5,3,2,1,1,6,1-6,1-6,1-6,1-5,5-6,1-6-5,1-5-6,1.0,1.3,3.8,8.7,9.1,3.8,2.9,8.2,33.5,11.4,5,5,6,4,12,18,10,逃げ,1
4,第11回領巾振山つつじカップ,2,2021-04-23,23,唐津,5,予選特賞B,1800,3432,4852,4821,3963,5152,4376,宮迫暢彦,川原祐明,妻鳥晋也,原田秀弥,丸山祐也,藤田靖弘,47,14,69,29,18,38,76,84,78,90,65,57,6.67,6.66,6.71,6.73,6.69,6.71,1,2,3,4,6,5,0.10,0.12,0.11,0.07,0.10,0.09,109.0,111.7,110.6,113.2,116.0,112.4,1,3,2,5,6,4,1,1,3,1-3,1-3,1-3,1-2,2-3,1-3-2,1-2-3,1.5,2.3,10.5,18.8,7.4,1.4,2.1,1.6,31.8,6.3,8,3,2,4,3,12,4,逃げ,0
5,第11回領巾振山つつじカップ,2,2021-04-23,23,唐津,6,予選,1800,4403,3903,4515,3976,5106,4216,木下大將,白石健,藤田浩人,内田圭,山崎祥,星栄爾,53,51,26,22,59,21,68,53,80,86,52,67,6.64,6.65,6.70,6.65,6.71,6.74,1,2,3,4,6,5,0.11,0.19,0.19,0.15,0.15,0.13,108.6,112.3,112.9,110.7,,112.9,1,3,5,2,6,4,1,1,4,1-4,1-4,1-4,1-2,2-4,1-4-2,1-2-4,1.1,1.0,3.1,24.2,18.4,6.0,1.9,4.7,44.1,9.1,7,7,9,3,7,15,3,逃げ,0
6,第11回領巾振山つつじカップ,2,2021-04-23,23,唐津,7,予選,1800,3975,3910,3233,3982,4418,4106,小野寺智洋,松下知幸,小畑実成,福田理,茅原悠紀,坂井康嗣,27,45,48,42,35,70,87,85,88,60,72,51,6.63,6.68,6.69,6.67,6.70,6.59,1,2,3,4,5,6,0.11,0.19,0.21,0.26,0.12,0.11,107.4,113.2,111.8,114.7,108.6,116.7,1,4,3,5,2,6,1,1,5,1-5,1-5,1-5,1-3,3-5,1-5-3,1-3-5,1.7,1.0,1.0,3.8,2.0,1.0,1.7,1.9,6.3,3.4,2,1,1,2,4,1,1,逃げ,1
7,第11回領巾振山つつじカップ,2,2021-04-23,23,唐津,8,予選,1800,4571,4896,4010,4776,2903,3961,菅章哉,花本剛,越智照浩,竹田和哉,山崎毅,谷村一哉,12,68,58,13,63,11,62,83,89,61,71,55,6.62,6.68,6.72,6.72,6.75,6.70,1,4,5,3,2,6,0.01,0.13,0.20,0.15,0.14,0.11,109.0,110.6,119.2,112.2,113.9,114.1,1,2,6,3,4,5,1,1,2,1-2,1-2,1-2,1-4,2-4,1-2-4,1-2-4,2.4,2.8,5.7,7.6,5.9,1.9,1.4,2.4,18.8,5.1,2,2,4,1,5,5,2,逃げ,0
8,第11回領巾振山つつじカップ,2,2021-04-23,23,唐津,9,予選,1800,3834,3963,5105,3036,4116,4821,細川明人,原田秀弥,富田恕生,吉本正昭,川田正人,妻鳥晋也,25,29,20,32,54,69,73,90,74,79,31,78,6.68,6.73,6.65,6.71,6.71,6.65,1,2,3,4,5,6,0.16,0.17,0.21,0.13,0.15,0.15,111.6,116.1,117.1,110.9,113.9,109.8,3,5,6,2,4,1,6,6,4,6-4,4-6,4-6,1-6,1-4,6-4-1,1-4-6,15.9,7.1,5.5,268.3,151.2,13.7,1.7,5.4,822.2,50.4,30,15,14,2,6,106,13,まくり差し,1
9,第11回領巾振山つつじカップ,2,2021-04-23,23,唐津,10,予選特賞A,1800,4025,3456,4124,4475,3976,4515,山本隆幸,松下潤,池田雄一,末永祐輝,内田圭,藤田浩人,23,61,24,40,22,26,75,77,81,82,86,80,6.58,6.64,6.65,6.64,6.68,6.69,1,2,3,4,5,6,0.13,0.17,0.14,0.21,0.25,0.26,109.3,113.0,110.3,114.9,114.0,112.2,1,4,2,6,5,3,1,1,3,1-3,1-3,1-3,1-6,3-6,1-3-6,1-3-6,1.0,1.0,2.5,2.8,1.9,1.9,4.9,6.9,16.5,10.5,2,1,2,4,7,5,4,逃げ,1
10,第11回領巾振山つつじカップ,2,2021-04-23,23,唐津,11,予選特選,1800,3903,4020,3975,4376,4041,3989,白石健,川上清人,小野寺智洋,藤田靖弘,小林基樹,熊本英一,51,34,27,38,30,52,53,49,87,57,56,54,6.61,6.69,6.65,6.64,6.74,6.79,1,2,3,4,5,6,0.19,0.23,0.16,0.15,0.26,0.26,107.7,112.1,115.6,109.8,111.6,113.2,1,4,6,2,3,5,1,1,4,1-4,1-4,1-4,1-5,4-5,1-4-5,1-4-5,1.4,1.0,2.1,4.0,3.1,1.6,6.5,14.1,29.9,18.3,3,2,2,8,11,8,5,逃げ,1
11,第11回領巾振山つつじカップ,2,2021-04-23,23,唐津,12,選抜戦(A),1800,4418,3961,4216,4356,3960,4852,茅原悠紀,谷村一哉,星栄爾,長岡良也,菊地孝平,川原祐明,35,11,21,67,15,14,72,55,67,70,58,84,6.60,6.66,6.67,6.70,6.69,6.70,1,2,3,4,5,6,0.07,0.11,0.07,0.06,0.07,0.09,108.3,113.8,111.7,113.2,109.4,112.3,1,6,3,5,2,4,1,1,5,1-5,1-5,1-5,1-3,3-5,1-5-3,1-3-5,1.1,1.0,2.3,4.4,5.8,2.2,2.4,6.1,18.9,6.5,3,4,2,3,9,9,4,逃げ,1
12,第22回マスターズチャンピオン,4,2021-04-23,19,下関,1,予選,1800,3582,3333,3719,3475,3788,3737,吉川昭男,丸尾義孝,辻栄蔵,橋本久和,一宮稔弘,上平真二,39,57,35,20,25,12,22,11,52,34,43,63,6.79,6.81,6.77,6.82,6.84,6.85,1,2,3,4,5,6,0.12,0.15,0.14,0.11,0.08,0.11,109.2,111.6,110.0,112.9,114.4,112.4,1,3,2,5,6,4,1,1,3,1-3,1-3,1-3,1-2,2-3,1-3-2,1-2-3,1.2,1.0,1.5,2.7,2.6,1.3,1.6,2.4,7.5,2.7,1,1,1,2,4,2,1,逃げ,1
13,第22回マスターズチャンピオン,4,2021-04-23,19,下関,2,予選,1800,3679,3388,3822,3265,3813,3473,飯島昌弘,今垣光太郎,平尾崇典,今村暢孝,佐藤大介,石川真二,51,37,16,26,11,59,64,33,19,35,70,41,6.82,6.84,6.79,6.82,6.89,6.85,1,5,2,3,6,4,0.15,0.23,0.21,0.13,0.35,0.15,114.4,121.4,,116.1,118.9,138.5,1,4,6,2,3,5,1,1,4,1-4,1-4,1-4,1-5,4-5,1-4-5,1-4-5,1.6,1.0,2.1,4.2,2.5,1.7,4.7,8.2,28.6,18.8,1,1,2,8,12,7,9,抜き,0
14,第22回マスターズチャンピオン,4,2021-04-23,19,下関,3,予選,1800,3641,3635,3833,3613,3562,3721,一瀬明,石田政吾,中辻博訓,角谷健吾,山下和彦,守田俊介,15,60,33,65,17,38,44,21,29,47,69,55,6.87,6.87,6.83,6.81,6.78,6.93,1,3,4,5,6,2,0.13,0.16,0.10,0.10,0.25,0.08,111.7,112.8,111.9,110.2,113.0,108.7,3,5,4,2,6,1,6,6,4,6-4,4-6,4-6,1-6,1-4,6-4-1,1-4-6,3.4,2.6,3.9,41.2,23.0,4.1,1.3,2.7,130.9,7.4,17,8,8,1,4,41,2,差し,0
15,第22回マスターズチャンピオン,4,2021-04-23,19,下関,4,予選,1800,3554,3685,3743,3888,3415,3532,仲口博崇,荒井輝年,林美憲,山本英志,松井繁,柴田光,28,54,41,13,44,21,65,45,28,30,59,39,6.74,6.78,6.79,6.83,6.76,6.89,1,2,3,5,4,6,0.12,0.12,0.10,0.16,0.16,0.25,108.8,110.0,110.9,115.9,111.0,113.5,1,2,3,6,4,5,1,1,2,1-2,1-2,1-2,1-3,2-3,1-2-3,1-2-3,1.7,1.5,2.0,4.7,4.3,1.6,1.0,3.5,13.6,4.7,2,3,3,1,6,5,3,逃げ,0
16,第22回マスターズチャンピオン,4,2021-04-23,19,下関,5,予選,1800,3618,3795,3156,3257,3854,3946,海野ゆかり,金子龍介,金子良昭,田頭実,吉川元浩,赤岩善生,31,68,34,67,45,42,46,18,16,37,67,72,6.74,6.78,6.78,6.73,6.75,6.76,1,2,3,4,5,6,0.15,0.12,0.17,0.11,0.12,0.14,109.2,115.0,115.0,114.3,109.8,112.7,1,5,6,4,2,3,1,1,5,1-5,1-5,1-5,1-6,5-6,1-5-6,1-5-6,1.8,2.2,1.8,10.4,8.3,1.1,5.3,4.2,31.6,15.8,4,3,1,10,8,10,7,逃げ,1
17,第22回マスターズチャンピオン,4,2021-04-23,19,下関,6,予選,1800,3621,3744,3557,3484,3256,3783,天野晶夫,徳増秀樹,太田和美,芝田浩治,三角哲男,瓜生正義,55,71,22,23,73,19,24,66,17,51,23,12,6.80,6.78,6.77,6.77,6.81,6.75,1,2,3,4,5,6,0.05,0.09,0.05,0.11,0.09,0.08,109.9,111.5,108.0,116.1,113.5,111.5,2,3,1,6,5,4,3,3,1,3-1,1-3,1-3,2-3,1-2,3-1-2,1-2-3,3.0,2.4,1.6,7.1,1.6,1.3,3.2,1.6,30.3,4.0,3,1,1,6,3,9,2,まくり,1
18,第22回マスターズチャンピオン,4,2021-04-23,19,下関,7,予選,1800,3613,3737,3024,3711,3489,3590,角谷健吾,上平真二,西島義則,江本真治,大場敏,濱野谷憲吾,65,12,63,50,24,66,47,63,48,15,61,36,6.81,6.83,6.86,6.78,6.80,6.76,1,3,2,5,4,6,0.01,0.14,0.02,0.16,0.17,0.19,109.9,110.8,108.2,112.2,112.2,114.3,2,3,1,5,4,6,3,3,1,3-1,1-3,1-3,2-3,1-2,3-1-2,1-2-3,4.7,2.1,1.7,13.3,4.4,1.7,2.8,1.5,35.8,3.7,5,2,2,6,1,12,1,差し,0
19,第22回マスターズチャンピオン,4,2021-04-23,19,下関,8,予選,1800,3719,3499,3265,3721,3685,3159,辻栄蔵,市川哲也,今村暢孝,守田俊介,荒井輝年,江口晃生,35,18,26,38,54,36,52,38,35,55,45,32,6.71,6.76,6.81,6.87,6.77,6.81,1,2,3,5,6,4,0.12,0.10,0.13,0.08,0.14,0.13,110.0,114.2,113.2,108.8,111.6,116.2,2,5,4,1,3,6,4,4,1,4-1,1-4,1-4,4-5,1-5,4-1-5,1-4-5,5.7,2.7,1.4,14.0,3.4,1.8,5.7,5.0,51.6,14.2,5,2,1,10,8,17,7,まくり,0
20,第22回マスターズチャンピオン,4,2021-04-23,19,下関,9,予選,1800,3779,3788,3746,3415,3795,3780,原田幸哉,一宮稔弘,岡瀬正人,松井繁,金子龍介,魚谷智之,14,25,29,44,68,48,53,43,20,59,18,26,6.73,6.83,6.83,6.77,6.75,6.78,1,2,3,4,5,6,0.11,0.15,0.20,0.21,0.24,0.21,108.3,114.2,113.2,109.2,111.3,110.5,1,6,5,2,4,3,1,1,4,1-4,1-4,1-4,1-6,4-6,1-4-6,1-4-6,1.1,1.0,1.7,3.4,3.4,1.6,3.4,7.7,11.8,7.0,1,2,2,4,9,3,4,逃げ,1
21,第22回マスターズチャンピオン,4,2021-04-23,19,下関,10,予選,1800,3716,3435,3294,3783,3717,3743,石渡鉄兵,寺田千恵,野中義生,瓜生正義,立間充宏,林美憲,40,64,52,19,56,41,54,49,71,12,56,28,6.79,6.78,6.76,6.74,6.80,6.77,1,2,5,3,6,4,0.19,0.13,0.12,0.15,0.13,0.15,108.5,113.1,112.9,109.4,115.8,111.6,1,5,4,2,6,3,1,1,4,1-4,1-4,1-4,1-6,4-6,1-4-6,1-4-6,1.1,1.1,1.1,2.9,2.1,1.3,2.4,2.3,7.9,4.1,1,1,1,5,4,2,2,逃げ,0
22,第22回マスターズチャンピオン,4,2021-04-23,19,下関,11,予選,1800,3854,3572,3826,3557,3388,3833,吉川元浩,安田政彦,村田修次,太田和美,今垣光太郎,中辻博訓,45,46,69,22,37,33,67,27,25,17,33,29,6.71,6.78,6.78,6.84,6.79,6.82,1,2,3,4,5,6,0.13,0.18,0.17,0.20,0.19,0.28,111.8,109.9,113.6,107.6,111.3,112.5,4,2,6,1,3,5,4,4,2,4-2,2-4,2-4,4-5,2-5,4-2-5,2-4-5,5.7,2.5,4.5,81.4,52.0,5.1,4.8,11.3,364.1,54.0,14,9,7,6,11,56,13,差し,1
23,第22回マスターズチャンピオン,4,2021-04-23,19,下関,12,予選,1800,3822,3489,3257,3554,3744,3541,平尾崇典,大場敏,田頭実,仲口博崇,徳増秀樹,三嶌誠司,16,24,67,28,71,61,62,61,37,65,66,42,6.71,6.73,6.76,6.80,6.73,6.77,1,2,3,4,5,6,0.09,0.18,0.11,0.12,0.08,0.15,107.5,110.0,111.4,113.6,112.7,113.7,1,2,3,5,4,6,1,1,2,1-2,1-2,1-2,1-3,2-3,1-2-3,1-2-3,1.3,1.2,1.5,3.1,2.6,1.9,1.9,3.6,10.2,5.5,1,1,2,3,8,2,2,逃げ,1
24,創刊55周年記念九州スポーツ杯争奪戦,1,2021-04-23,18,徳山,1,モーニング予,1800,3901,3710,4329,4691,4200,4978,松田憲幸,吉永泰弘,小松卓司,水原慎,早川尚人,山田和佐,47,60,53,31,56,48,45,23,42,55,14,75,7.17,7.16,7.05,7.08,7.14,7.18,1,2,3,4,5,6,0.14,0.09,0.09,0.08,0.17,0.11,112.3,113.6,115.0,116.3,,,1,2,3,4,5,6,1,1,2,1-2,1-2,1-2,1-3,2-3,1-2-3,1-2-3,1.3,1.2,3.4,2.4,2.4,1.3,1.3,2.9,6.3,3.0,1,1,1,2,6,1,1,逃げ,1
25,創刊55周年記念九州スポーツ杯争奪戦,1,2021-04-23,18,徳山,2,モーニング予,1800,4506,4950,3627,4384,3701,4727,稗田聖也,高岡竜也,井上恵一,鶴本崇文,大西隆洋,安部慎一,40,30,39,69,36,44,30,46,53,37,47,60,7.02,7.07,7.10,7.08,7.12,7.03,1,2,3,4,5,6,0.09,0.11,0.18,0.08,0.11,0.13,,,115.9,114.3,113.1,116.2,6,5,3,2,1,4,5,5,4,5-4,4-5,4-5,3-5,3-4,5-4-3,3-4-5,21.1,12.7,2.3,200.4,42.3,6.6,13.0,3.2,1134.7,65.5,19,7,9,14,5,85,15,まくり差し,1
26,創刊55周年記念九州スポーツ杯争奪戦,1,2021-04-23,18,徳山,3,モーニング予,1800,4826,3491,4643,3187,3986,4232,井上一輝,富永茂,近江翔吾,篠原俊夫,沖島広和,笠雅雄,50,34,54,64,43,61,49,71,43,58,69,41,6.99,7.01,7.01,7.12,7.03,7.04,1,2,3,4,5,6,0.09,0.20,0.11,0.31,0.24,0.20,111.8,,112.5,114.6,115.4,,1,6,2,3,4,5,1,1,3,1-3,1-3,1-3,1-4,3-4,1-3-4,1-3-4,1.2,1.0,1.0,1.8,1.3,1.0,3.2,2.6,9.8,4.6,1,1,1,6,5,4,3,逃げ,1
27,創刊55周年記念九州スポーツ杯争奪戦,1,2021-04-23,18,徳山,4,モーニング予,1800,4522,4857,4220,4508,3715,5064,古澤光紀,加藤翔馬,深川和仁,野間大樹,倉尾大介,品川二千翔,67,58,49,38,66,46,25,13,48,15,44,51,7.04,7.10,7.00,7.05,7.10,7.09,1,2,3,4,5,6,0.09,0.12,0.11,0.11,0.17,0.16,110.9,111.6,113.7,114.8,,,1,2,3,4,5,6,1,1,2,1-2,1-2,1-2,1-3,2-3,1-2-3,1-2-3,1.2,1.0,1.1,1.6,1.6,1.0,1.5,1.4,2.7,1.6,1,1,1,3,2,1,1,逃げ,1
28,創刊55周年記念九州スポーツ杯争奪戦,1,2021-04-23,18,徳山,5,グランプリ特,1800,4772,4057,4704,4719,4329,4656,石丸海渡,松井賢治,河野大,上條暢嵩,小松卓司,大崎翔,62,59,70,55,53,28,74,22,67,20,42,63,7.05,7.01,7.04,7.03,6.95,7.01,1,2,3,4,5,6,0.10,0.16,0.19,0.21,0.23,0.23,111.4,112.5,,114.2,113.7,,1,2,6,4,3,5,1,1,2,1-2,1-2,1-2,1-5,2-5,1-2-5,1-2-5,1.0,1.0,1.2,3.0,2.5,2.2,5.2,14.6,29.6,19.5,2,2,3,6,11,8,7,逃げ,1
29,創刊55周年記念九州スポーツ杯争奪戦,1,2021-04-23,18,徳山,6,予選,1800,3246,4368,4363,4268,4292,3710,星野政彦,山口隆史,大野芳顕,和合俊介,麻生慎介,吉永泰弘,52,65,71,41,63,60,68,65,31,32,34,23,7.09,7.07,6.99,7.10,7.04,7.11,1,2,3,4,5,6,0.11,0.08,0.07,0.11,0.13,0.05,113.3,,110.9,116.0,114.3,,2,5,1,4,3,6,3,3,1,3-1,1-3,1-3,3-5,1-5,3-1-5,1-3-5,1.6,1.3,1.1,7.2,1.3,1.1,1.1,1.9,10.9,2.1,3,1,1,2,4,3,1,まくり,1
30,創刊55周年記念九州スポーツ杯争奪戦,1,2021-04-23,18,徳山,7,予選,1800,3187,4691,3612,4355,4551,4357,篠原俊夫,水原慎,馬袋義則,小川広大,三川昂暁,田中和也,64,31,37,57,45,27,58,55,72,52,11,26,7.08,7.03,7.09,7.04,7.10,7.05,1,2,3,4,5,6,0.16,0.22,0.13,0.17,0.14,0.13,112.0,113.7,,114.7,115.4,,1,2,5,3,4,6,1,1,2,1-2,1-2,1-2,1-4,2-4,1-2-4,1-2-4,1.8,3.3,1.6,4.5,5.7,6.6,8.3,8.3,37.2,18.9,2,3,8,11,11,11,9,逃げ,1
31,創刊55周年記念九州スポーツ杯争奪戦,1,2021-04-23,18,徳山,8,特賞,1800,4679,4290,3901,3660,4826,5160,植田太一,稲田浩二,松田憲幸,長谷川親王,井上一輝,藤森陸斗,51,35,47,68,50,29,57,64,45,16,49,70,7.06,7.10,7.08,7.08,7.03,7.01,1,2,3,4,5,6,0.15,0.19,0.22,0.21,0.17,0.21,112.8,,113.2,116.2,114.8,,1,5,2,4,3,6,1,1,3,1-3,1-3,1-3,1-5,3-5,1-3-5,1-3-5,2.2,1.0,4.3,12.0,15.0,3.2,2.3,5.6,26.2,11.9,5,5,5,4,7,12,5,逃げ,1
32,創刊55周年記念九州スポーツ杯争奪戦,1,2021-04-23,18,徳山,9,予選,1800,3627,4508,4794,3837,4704,3491,井上恵一,野間大樹,和田拓也,秋山広一,河野大,富永茂,39,38,72,42,70,34,53,15,56,24,67,71,7.00,6.99,6.97,7.04,7.04,7.01,1,2,3,4,5,6,0.18,0.21,0.17,0.29,0.24,0.18,111.7,112.8,114.4,114.5,,,1,2,3,4,5,6,1,1,2,1-2,1-2,1-2,1-3,2-3,1-2-3,1-2-3,1.2,1.5,4.5,4.9,4.9,1.9,1.7,4.8,16.7,7.5,2,3,3,2,7,5,4,逃げ,1
33,創刊55周年記念九州スポーツ杯争奪戦,1,2021-04-23,18,徳山,10,予選,1800,4332,4363,4727,4978,4220,4057,村上彰一,大野芳顕,安部慎一,山田和佐,深川和仁,松井賢治,33,71,44,48,49,59,73,31,60,75,48,22,6.98,6.93,7.01,7.04,7.03,6.96,1,2,3,4,5,6,0.14,0.12,0.11,0.25,0.15,0.14,112.7,114.4,111.6,,,116.0,2,3,1,6,5,4,3,3,1,3-1,1-3,1-3,2-3,1-2,3-1-2,1-2-3,7.8,2.0,1.1,87.8,12.4,5.2,5.6,2.0,253.0,6.4,17,5,6,8,2,51,3,まくり差し,1
34,創刊55周年記念九州スポーツ杯争奪戦,1,2021-04-23,18,徳山,11,すなっち特賞,1800,4551,4200,4772,4950,4857,5134,三川昂暁,早川尚人,石丸海渡,高岡竜也,加藤翔馬,大原祥昌,45,56,62,30,58,32,11,14,74,46,13,17,7.00,6.99,7.00,6.96,7.06,6.95,1,2,3,4,5,6,0.17,0.17,0.13,0.11,0.12,0.17,113.3,113.9,111.0,,113.9,,2,4,1,5,3,6,3,3,1,3-1,1-3,1-3,3-5,1-5,3-1-5,1-3-5,3.0,1.0,1.0,4.8,1.6,1.1,1.0,1.9,9.9,2.7,2,1,2,1,4,3,1,まくり差し,1
35,創刊55周年記念九州スポーツ杯争奪戦,1,2021-04-23,18,徳山,12,ドリーム戦,1800,4290,4357,4292,4522,4384,4643,稲田浩二,田中和也,麻生慎介,古澤光紀,鶴本崇文,近江翔吾,35,27,63,67,69,54,64,26,34,25,37,43,7.03,6.96,7.01,7.02,7.01,6.92,1,2,3,4,5,6,0.18,0.19,0.19,0.18,0.17,0.15,111.2,113.1,,114.4,,112.6,1,3,6,4,5,2,1,1,6,1-6,1-6,1-6,1-2,2-6,1-6-2,1-2-6,1.3,1.2,2.3,16.8,19.4,3.8,2.1,4.5,54.1,12.0,6,6,6,3,9,16,6,逃げ,1
36,第50回サンケイスポーツ若葉賞,2,2021-04-23,17,宮島,1,ファーストB,1800,4798,3058,5031,4097,4323,4111,浜先真範,原義昭,渡辺空依,貫地谷直人,山田佑樹,奥田誠,42,70,52,44,39,21,28,11,22,48,55,19,6.70,6.83,6.73,6.79,6.72,6.77,1,2,3,4,5,6,0.13,0.17,0.13,0.11,0.07,0.13,108.3,118.3,115.2,114.1,110.4,113.1,1,6,5,4,2,3,1,1,5,1-5,1-5,1-5,1-6,5-6,1-5-6,1-5-6,1.1,1.0,2.2,2.6,3.0,1.6,1.9,3.1,8.2,5.0,1,1,1,2,6,1,2,逃げ,1
37,第50回サンケイスポーツ若葉賞,2,2021-04-23,17,宮島,2,予選,1800,2935,4683,3411,4126,5154,2844,幸本誠,向井田直弥,池上隆行,吉本玲緒,村松栄太,田中伸二,48,54,49,58,34,29,69,29,62,57,52,14,6.70,6.71,6.69,6.68,6.72,6.76,1,2,3,4,6,5,0.18,0.15,0.18,0.22,0.16,0.23,113.2,110.4,111.4,116.2,117.2,114.6,3,1,2,5,6,4,2,2,3,2-3,2-3,2-3,1-2,1-3,2-3-1,1-2-3,2.3,1.9,1.9,10.3,6.4,1.3,1.0,1.4,25.5,3.8,4,4,2,1,3,7,1,差し,0
38,第50回サンケイスポーツ若葉賞,2,2021-04-23,17,宮島,3,予選,1800,3600,4771,3741,3614,4302,4471,玄馬徹,下寺秀和,松尾基成,谷勝幸,西野翔太,新田泰章,14,11,40,61,60,19,38,66,35,68,18,70,6.75,6.67,6.68,6.67,6.63,6.73,1,2,3,4,5,6,0.18,0.15,0.22,0.35,0.27,0.30,110.4,111.3,113.3,116.6,113.6,112.6,1,2,4,6,5,3,1,1,2,1-2,1-2,1-2,1-6,2-6,1-2-6,1-2-6,3.3,1.3,1.2,6.4,2.9,3.0,6.6,3.9,32.6,12.3,1,1,4,9,5,9,5,逃げ,1
39,第50回サンケイスポーツ若葉賞,2,2021-04-23,17,宮島,4,予選,1800,4219,3054,4682,4555,3920,4257,本岡勝利,北川幸典,大上卓人,富永大一,正木聖賢,古川健,57,50,46,69,64,37,54,20,34,43,51,30,6.65,6.63,6.60,6.64,6.66,6.70,1,3,4,5,2,6,0.23,0.13,0.07,0.19,0.12,0.19,113.5,117.4,108.2,110.5,112.3,113.5,5,6,1,2,3,4,3,3,4,3-4,3-4,3-4,3-5,4-5,3-4-5,3-4-5,2.8,1.9,3.4,4.6,4.2,3.2,1.4,9.0,17.3,8.5,2,1,3,2,10,3,4,まくり,0
40,第50回サンケイスポーツ若葉賞,2,2021-04-23,17,宮島,5,ランチタイム,1800,4816,3430,4323,4574,4564,4600,村松修二,角浜修,山田佑樹,東潤樹,山本景士郎,井内将太郎,43,16,39,47,38,66,60,63,55,13,67,59,6.65,6.65,6.69,6.68,6.65,6.68,1,2,3,4,5,6,0.12,0.10,0.06,0.14,0.13,0.17,109.1,110.5,112.0,113.9,116.0,113.1,1,2,3,5,6,4,1,1,2,1-2,1-2,1-2,1-3,2-3,1-2-3,1-2-3,1.9,1.3,2.0,3.5,3.3,2.0,1.1,3.3,8.5,3.5,2,2,3,1,7,2,1,逃げ,1
41,第50回サンケイスポーツ若葉賞,2,2021-04-23,17,宮島,6,予選,1800,3212,3663,3158,5031,4205,5154,亀本勇樹,木山和幸,島川光男,渡辺空依,山口剛,村松栄太,31,23,45,52,25,34,56,37,17,22,25,52,6.81,6.76,6.70,6.70,6.74,6.82,1,2,3,4,5,6,0.10,0.12,0.09,0.10,0.10,0.16,109.1,113.0,110.5,114.8,112.0,116.9,1,4,2,5,3,6,1,1,3,1-3,1-3,1-3,1-5,3-5,1-3-5,1-3-5,3.4,1.7,3.3,6.7,3.0,1.2,1.5,1.4,11.8,2.8,2,1,1,3,2,1,1,逃げ,1
42,第50回サンケイスポーツ若葉賞,2,2021-04-23,17,宮島,7,予選,1800,4697,4000,3615,4163,3411,4097,國弘翔平,松本博昭,横田茂,山崎裕司,池上隆行,貫地谷直人,13,32,26,41,49,44,61,36,21,31,62,48,6.77,6.70,6.71,6.76,6.74,6.78,1,2,3,4,5,6,0.13,0.14,0.21,0.22,0.22,0.27,110.3,110.9,112.8,114.8,113.6,115.4,1,2,3,5,4,6,1,1,2,1-2,1-2,1-2,1-3,2-3,1-2-3,1-2-3,2.1,1.5,2.1,5.6,5.1,2.5,1.5,3.3,14.4,4.5,2,5,5,2,6,1,3,逃げ,1
43,第50回サンケイスポーツ若葉賞,2,2021-04-23,17,宮島,8,予選,1800,3058,3573,4811,4434,3741,4126,原義昭,前本泰和,向井田佑紀,田中辰彦,松尾基成,吉本玲緒,70,36,35,63,40,58,11,64,26,46,35,57,6.78,6.64,6.70,6.70,6.72,6.75,1,2,3,4,5,6,0.26,0.19,0.17,0.20,0.24,0.24,117.7,107.5,110.0,113.1,112.3,115.8,6,1,2,4,3,5,2,2,3,2-3,2-3,2-3,2-5,3-5,2-3-5,2-3-5,1.1,1.3,3.6,2.8,1.6,1.4,3.7,7.9,14.9,8.7,1,1,1,6,9,4,5,まくり,1
44,第50回サンケイスポーツ若葉賞,2,2021-04-23,17,宮島,9,ティータイム,1800,3920,2844,3600,4798,4574,5073,正木聖賢,田中伸二,玄馬徹,浜先真範,東潤樹,上原健次郎,64,29,14,42,47,15,51,14,38,28,13,41,6.63,6.73,6.77,6.69,6.71,6.69,1,2,3,4,5,6,0.20,0.21,0.21,0.16,0.24,0.20,110.1,114.6,112.3,113.3,115.7,112.6,1,5,2,4,6,3,1,1,3,1-3,1-3,1-3,1-6,3-6,1-3-6,1-3-6,1.2,1.3,3.7,4.9,6.6,3.8,8.3,43.8,131.2,59.2,2,3,5,8,15,27,12,逃げ,1
45,第50回サンケイスポーツ若葉賞,2,2021-04-23,17,宮島,10,予選,1800,3054,4600,4374,4471,3883,4398,北川幸典,井内将太郎,永田義紘,新田泰章,山根大樹,船岡洋一郎,50,66,33,19,51,27,20,59,45,70,65,12,6.65,6.63,6.65,6.64,6.62,6.62,1,2,3,4,6,5,0.14,0.20,0.13,0.07,0.07,0.04,113.3,110.4,113.8,112.1,114.7,116.5,3,1,4,2,5,6,2,2,4,2-4,2-4,2-4,1-2,1-4,2-4-1,1-2-4,7.7,2.5,1.7,56.3,21.2,1.9,1.3,1.6,104.9,4.2,13,6,4,1,2,31,1,まくり,0
46,第50回サンケイスポーツ若葉賞,2,2021-04-23,17,宮島,11,特選,1800,4302,4257,4173,3158,4816,3615,西野翔太,古川健,岡谷健吾,島川光男,村松修二,横田茂,60,37,12,45,43,26,18,30,39,17,60,21,6.62,6.64,6.67,6.63,6.62,6.57,1,2,3,4,5,6,0.16,0.17,0.19,0.16,0.12,0.16,110.5,112.4,109.5,113.2,113.5,115.7,2,3,1,4,5,6,3,3,1,3-1,1-3,1-3,2-3,1-2,3-1-2,1-2-3,10.3,1.8,1.0,26.8,3.0,1.2,9.2,1.0,101.7,9.0,5,2,2,13,1,23,6,まくり差し,1
47,第50回サンケイスポーツ若葉賞,2,2021-04-23,17,宮島,12,サンスポ特選,1800,4205,4163,4434,4682,4771,4564,山口剛,山崎裕司,田中辰彦,大上卓人,下寺秀和,山本景士郎,25,41,63,46,11,38,25,31,46,34,66,67,6.65,6.66,6.72,6.63,6.68,6.63,1,2,3,4,5,6,0.06,0.09,0.13,0.06,0.09,0.09,113.6,111.3,115.6,109.5,112.2,112.7,5,2,6,1,3,4,4,4,2,4-2,2-4,2-4,4-5,2-5,4-2-5,2-4-5,3.2,1.0,5.0,29.6,28.9,2.3,1.7,4.4,120.0,55.0,8,9,3,2,8,32,12,抜き,1
48,第20回シモデンカップ,5,2021-04-23,16,児島,1,一般,1800,3708,3661,3981,5058,5114,4769,岡部貴司,柳瀬興志,今坂晃広,前原大道,小林孝彰,馬場剛,57,17,56,20,27,61,37,21,67,41,50,45,6.63,6.70,6.69,6.70,6.66,6.68,1,2,3,4,5,6,0.16,0.21,0.18,0.09,0.07,0.08,109.6,110.8,112.2,,,112.0,1,2,4,5,6,3,1,1,2,1-2,1-2,1-2,1-6,2-6,1-2-6,1-2-6,1.0,1.0,1.2,3.4,3.6,1.7,4.1,5.8,13.9,7.0,1,1,2,6,10,6,4,逃げ,1
49,第20回シモデンカップ,5,2021-04-23,16,児島,2,一般,1800,4201,4263,5060,3775,4348,3458,佐竹友樹,武重雄介,数原魁,泉啓文,宮崎奨,東健介,47,21,72,16,49,33,75,39,27,32,46,12,6.73,6.75,6.70,6.72,6.69,6.72,1,2,3,4,5,6,0.16,0.15,0.17,0.15,0.16,0.19,108.1,109.5,111.7,,113.2,,1,2,3,6,4,5,1,1,2,1-2,1-2,1-2,1-3,2-3,1-2-3,1-2-3,1.2,1.1,2.3,2.9,2.0,1.4,2.6,5.8,22.4,13.7,1,1,1,4,12,7,7,逃げ,1
50,第20回シモデンカップ,5,2021-04-23,16,児島,3,一般,1800,3967,4879,4500,4215,3796,3860,鈴木茂高,山崎鉄平,山田康二,吉島祥之,長野道臣,松本浩貴,65,41,52,48,64,12,62,20,22,13,71,14,6.76,6.69,6.63,6.67,6.75,6.72,1,2,3,4,5,6,0.11,0.01,0.05,0.15,0.13,0.19,110.9,109.8,111.5,108.2,,,3,2,4,1,6,5,4,4,2,4-2,2-4,2-4,1-4,1-2,4-2-1,1-2-4,15.4,8.0,1.9,93.7,24.2,3.8,3.2,1.5,322.0,10.8,17,8,7,6,2,52,5,差し,1
51,第20回シモデンカップ,5,2021-04-23,16,児島,4,一般,1800,4089,4411,4028,3998,3662,4778,妹尾忠幸,沢田昭宏,田村隆信,冨成謙児,大庭元明,堤啓輔,36,58,29,40,37,66,23,65,16,60,70,51,6.61,6.71,6.68,6.76,6.71,6.74,1,2,3,4,5,6,0.18,0.17,0.16,0.15,0.12,0.10,108.1,111.4,109.7,113.3,,,1,3,2,4,6,5,1,1,3,1-3,1-3,1-3,1-2,2-3,1-3-2,1-2-3,1.1,1.0,1.3,1.9,1.3,1.2,1.5,1.4,4.7,2.5,1,1,1,3,2,1,1,逃げ,1
52,第20回シモデンカップ,5,2021-04-23,16,児島,5,一般,1800,4537,4725,3556,3890,3661,4583,渡邉和将,佐竹太一,田中信一郎,小宮淳史,柳瀬興志,古田祐貴,69,25,70,24,17,53,66,38,43,33,21,34,6.62,6.66,6.68,6.66,6.65,6.66,1,2,3,4,5,6,0.23,0.21,0.14,0.12,0.11,0.13,109.0,112.1,107.5,,,111.4,2,4,1,6,5,3,3,3,1,3-1,1-3,1-3,3-6,1-6,3-1-6,1-3-6,3.5,1.7,1.0,7.1,1.8,1.1,3.8,3.8,41.9,6.7,4,1,1,5,5,12,4,まくり差し,1
53,第20回シモデンカップ,5,2021-04-23,16,児島,6,一般,1800,4739,5114,3959,4228,3533,3874,中村晃朋,小林孝彰,坪井康晴,吉田慎二郎,佐川正道,山本寛久,34,27,54,13,38,55,28,50,18,47,64,73,6.66,6.68,6.58,6.58,6.68,6.69,1,2,3,6,4,5,0.11,0.09,0.15,0.16,0.12,0.12,106.9,,110.6,110.2,109.7,,1,6,4,3,2,5,1,1,5,1-5,1-5,1-5,1-4,4-5,1-5-4,1-4-5,1.7,1.3,2.9,15.9,9.0,4.2,4.9,12.0,119.1,33.5,6,2,5,6,10,27,9,逃げ,0
54,第20回シモデンカップ,5,2021-04-23,16,児島,7,一般,1800,4547,4769,4044,4009,4580,5060,中田竜太,馬場剛,湯川浩司,小林一樹,長谷川雅和,数原魁,67,61,71,32,18,72,57,45,48,25,72,27,6.72,6.70,6.70,6.69,6.65,6.61,1,2,3,4,5,6,0.21,0.14,0.13,0.12,0.12,0.17,109.4,112.7,108.3,,111.3,,2,4,1,6,3,5,3,3,1,3-1,1-3,1-3,3-5,1-5,3-1-5,1-3-5,3.0,1.0,1.0,5.9,1.8,1.1,2.1,1.3,13.0,2.5,3,1,1,4,2,5,1,まくり差し,1
55,第20回シモデンカップ,5,2021-04-23,16,児島,8,一般,1800,4348,3998,3897,3776,5058,4847,宮崎奨,冨成謙児,白井英治,横井健太,前原大道,佐藤隆太郎,49,40,43,22,20,60,46,60,59,58,41,55,6.72,6.71,6.67,6.65,6.77,6.69,1,2,3,4,5,6,0.11,0.13,0.14,0.14,0.25,0.12,108.6,111.4,108.7,112.2,,,1,3,2,4,6,5,1,1,3,1-3,1-3,1-3,1-2,2-3,1-3-2,1-2-3,1.1,1.7,1.6,2.7,1.4,1.1,1.6,3.0,12.6,2.8,1,1,1,2,6,4,1,逃げ,1
56,第20回シモデンカップ,5,2021-04-23,16,児島,9,一般,1800,3662,3796,3775,4583,3905,4236,大庭元明,長野道臣,泉啓文,古田祐貴,天野友和,松村敏,37,64,16,53,68,44,70,71,32,34,19,11,6.76,6.70,6.65,6.66,6.70,6.69,1,2,3,4,5,6,0.22,0.19,0.19,0.17,0.18,0.18,108.4,,,109.4,112.5,111.7,1,6,5,2,4,3,1,1,4,1-4,1-4,1-4,1-6,4-6,1-4-6,1-4-6,1.4,1.0,1.4,4.0,2.8,1.3,2.7,3.4,10.2,5.2,1,1,1,4,7,3,3,逃げ,1
57,第20回シモデンカップ,5,2021-04-23,16,児島,10,準優勝戦,1800,3959,3556,4089,3874,4500,4201,坪井康晴,田中信一郎,妹尾忠幸,山本寛久,山田康二,佐竹友樹,54,70,36,55,52,47,18,43,23,73,22,75,6.60,6.68,6.68,6.63,6.70,6.69,1,2,3,4,5,6,0.16,0.20,0.12,0.18,0.13,0.09,107.9,109.1,110.5,111.4,,,1,2,3,4,6,5,1,1,2,1-2,1-2,1-2,1-3,2-3,1-2-3,1-2-3,1.3,1.0,1.2,1.9,1.8,1.1,1.9,2.8,5.2,2.6,1,1,1,4,5,1,1,逃げ,1
58,第20回シモデンカップ,5,2021-04-23,16,児島,11,準優勝戦,1800,4044,3533,4537,4411,4263,3967,湯川浩司,佐川正道,渡邉和将,沢田昭宏,武重雄介,鈴木茂高,71,38,69,58,21,65,48,64,66,65,39,62,6.69,6.69,6.73,6.70,6.73,6.79,1,2,3,4,5,6,0.18,0.16,0.10,0.19,0.11,0.21,108.8,110.9,,109.4,,112.1,1,3,5,2,6,4,1,1,4,1-4,1-4,1-4,1-2,2-4,1-4-2,1-2-4,1.0,1.0,1.6,8.2,6.7,1.9,1.7,6.3,25.8,7.2,3,3,3,2,8,8,4,逃げ,1
59,第20回シモデンカップ,5,2021-04-23,16,児島,12,準優勝戦,1800,3897,4028,3890,4547,4879,4739,白井英治,田村隆信,小宮淳史,中田竜太,山崎鉄平,中村晃朋,43,29,24,67,41,34,59,16,33,57,20,28,6.69,6.69,6.68,6.71,6.64,6.65,1,2,3,4,5,6,0.12,0.15,0.12,0.13,0.14,0.27,108.1,110.6,,109.1,,112.1,1,3,6,2,5,4,1,1,4,1-4,1-4,1-4,1-2,2-4,1-4-2,1-2-4,1.0,1.0,1.3,3.8,3.8,1.2,1.2,2.2,7.2,1.7,2,2,1,2,4,3,1,逃げ,1
60,丸亀市観光協会杯,2,2021-04-23,15,丸亀,1,予選,1800,4316,3815,5040,5102,3553,3683,山口裕太,森岡満郎,木村颯,原田雄次,平池仁志,小羽正作,11,25,33,56,28,57,1,26,22,63,8,3,6.84,6.78,6.81,6.80,6.79,6.84,1,2,3,4,5,6,0.23,0.21,0.26,0.24,0.22,0.23,111.1,116.8,117.1,115.0,112.6,114.1,1,5,6,4,2,3,1,1,5,1-5,1-5,1-5,1-6,5-6,1-5-6,1-5-6,2.8,1.6,2.4,7.8,6.3,1.3,2.7,4.5,26.9,7.6,3,2,1,4,7,10,3,逃げ,1
61,丸亀市観光協会杯,2,2021-04-23,15,丸亀,2,予選,1800,3478,4054,4396,3846,3566,3808,嶋田貴支,福嶋智之,大田直弥,藤井理,川添英正,秋田健太郎,27,4,16,19,22,58,2,19,24,21,65,28,6.80,6.65,6.73,6.71,6.75,6.88,1,2,3,4,5,6,0.05,0.07,0.09,0.07,0.11,0.15,109.6,111.1,113.4,115.1,116.3,118.1,1,2,3,4,5,6,1,1,2,1-2,1-2,1-2,1-3,2-3,1-2-3,1-2-3,2.4,1.0,1.1,3.6,3.7,2.6,1.7,2.5,8.2,3.8,1,2,5,1,4,1,1,逃げ,1
62,丸亀市観光協会杯,2,2021-04-23,15,丸亀,3,予選,1800,3339,5027,4511,3462,4155,4601,泉具巳,重冨勇哉,中岡健人,竹上真司,長野壮志郎,森野正弘,10,17,41,1,34,66,52,54,39,34,41,47,6.78,6.78,6.79,6.82,6.74,6.76,1,4,2,3,5,6,0.19,0.23,0.19,0.20,0.23,0.21,113.6,118.8,113.0,110.7,114.4,117.4,3,6,2,1,4,5,4,4,3,4-3,3-4,3-4,1-4,1-3,4-3-1,1-3-4,11.1,3.5,2.9,98.0,34.3,7.0,2.9,2.0,328.6,9.1,25,12,11,5,3,90,5,まくり,0
63,丸亀市観光協会杯,2,2021-04-23,15,丸亀,4,予選,1800,4023,4592,4877,3631,3319,4179,柴田友和,小林孝弘,鈴谷一平,田添康介,山崎義明,広次修,62,61,31,63,65,26,9,43,60,33,45,25,6.77,6.81,6.72,6.76,6.73,6.64,1,2,3,4,5,6,0.12,0.09,0.09,0.17,0.13,0.15,115.9,110.5,114.8,112.8,116.4,111.7,5,1,4,3,6,2,2,2,6,2-6,2-6,2-6,2-4,4-6,2-6-4,2-4-6,8.5,6.3,10.0,84.3,37.7,17.0,11.6,12.1,478.6,62.2,26,15,15,11,12,116,20,差し,1
64,丸亀市観光協会杯,2,2021-04-23,15,丸亀,5,予選,1800,3878,4278,4316,4729,3968,4319,胡本悟志,藤岡俊介,山口裕太,佐藤謙史朗,茶谷信次,三宅潤,45,23,11,54,48,39,64,6,1,11,56,48,6.70,6.75,6.89,6.77,6.82,6.75,1,2,3,6,4,5,0.11,0.13,0.07,0.16,0.24,0.28,112.0,110.6,114.6,116.5,113.3,116.0,2,1,4,6,3,5,2,2,1,2-1,1-2,1-2,2-5,1-5,2-1-5,1-2-5,2.8,1.2,1.1,3.9,2.1,1.5,3.5,4.1,15.0,5.4,1,1,1,6,10,3,2,差し,0
65,丸亀市観光協会杯,2,2021-04-23,15,丸亀,6,カチ勝ち6,1800,3873,4180,4074,3983,4158,4054,別府昌樹,上野秀和,柳沢一,須藤博倫,木場雄二郎,福嶋智之,21,3,38,64,37,4,46,17,16,55,4,19,6.90,6.72,6.71,6.74,6.83,6.75,1,2,3,4,5,6,0.07,0.07,0.02,0.01,0.11,0.09,109.8,111.1,113.6,112.3,115.4,117.0,1,2,4,3,5,6,1,1,2,1-2,1-2,1-2,1-4,2-4,1-2-4,1-2-4,1.2,1.2,2.8,9.1,6.8,1.5,1.5,3.4,23.7,8.4,5,4,2,1,6,7,3,逃げ,1
66,丸亀市観光協会杯,2,2021-04-23,15,丸亀,7,穴ガチ7,1800,3745,4012,5102,3808,5083,4174,橋本年光,中村有裕,原田雄次,秋田健太郎,柳瀬幹太,赤坂俊輔,18,46,56,58,5,12,37,29,63,28,44,15,6.73,6.77,6.81,6.88,6.80,6.77,1,2,3,4,6,5,0.15,0.15,0.22,0.26,0.24,0.32,110.3,113.3,116.3,115.2,113.6,111.3,1,3,6,5,4,2,1,1,6,1-6,1-6,1-6,1-2,2-6,1-6-2,1-2-6,3.8,1.1,1.7,5.0,3.6,1.3,1.4,1.2,7.0,1.8,2,2,2,3,1,2,1,逃げ,0
67,丸亀市観光協会杯,2,2021-04-23,15,丸亀,8,ガチ勝゛ち8,1800,4118,4877,3566,4064,4511,5040,宇佐見淳,鈴谷一平,川添英正,原田篤志,中岡健人,木村颯,32,31,22,40,41,33,35,60,65,32,39,22,6.80,6.78,6.85,6.79,6.78,6.84,1,2,3,4,5,6,0.10,0.07,0.13,0.17,0.12,0.17,111.5,112.5,114.7,113.2,116.4,117.4,1,2,4,3,5,6,1,1,2,1-2,1-2,1-2,1-4,2-4,1-2-4,1-2-4,1.2,1.0,2.0,2.6,1.5,1.4,1.3,1.9,5.0,2.1,1,1,2,1,4,1,1,逃げ,1
68,丸亀市観光協会杯,2,2021-04-23,15,丸亀,9,予選特賞,1800,4370,3439,4592,3478,3339,4337,山口達也,大平誉史明,小林孝弘,嶋田貴支,泉具巳,平本真之,59,30,61,27,10,47,40,20,43,2,52,23,6.95,6.78,6.82,6.85,6.82,6.78,1,2,3,4,5,6,0.12,0.18,0.21,0.28,0.14,0.11,112.5,113.5,115.0,114.8,118.9,110.7,2,3,5,4,6,1,6,6,1,6-1,1-6,1-6,2-6,1-2,6-1-2,1-2-6,7.4,1.2,1.0,14.0,3.6,1.3,1.8,1.3,33.0,2.3,6,2,1,4,2,13,1,まくり差し,1
69,丸亀市観光協会杯,2,2021-04-23,15,丸亀,10,予選特賞,1800,4278,3462,3846,3873,3683,3631,藤岡俊介,竹上真司,藤井理,別府昌樹,小羽正作,田添康介,23,1,19,21,57,63,6,34,21,46,3,33,6.72,6.81,6.75,6.83,6.83,6.84,1,2,3,4,5,6,0.07,0.10,0.13,0.09,0.11,0.15,109.6,117.6,112.8,114.1,115.0,115.5,1,6,2,3,4,5,1,1,3,1-3,1-3,1-3,1-4,3-4,1-3-4,1-3-4,1.4,1.1,4.8,8.5,8.6,2.9,1.5,4.2,16.1,6.4,3,3,6,1,8,6,3,逃げ,1
70,丸亀市観光協会杯,2,2021-04-23,15,丸亀,11,予選選抜,1800,3983,4601,3968,4179,3745,3815,須藤博倫,森野正弘,茶谷信次,広次修,橋本年光,森岡満郎,64,66,48,26,18,25,55,47,56,25,37,26,6.76,6.76,6.74,6.76,6.79,6.77,1,2,3,4,5,6,0.09,0.08,0.04,0.11,0.12,0.13,109.8,111.8,117.2,114.3,112.7,115.6,1,2,6,4,3,5,1,1,2,1-2,1-2,1-2,1-5,2-5,1-2-5,1-2-5,1.0,1.0,1.4,1.8,1.7,1.5,7.6,12.6,18.4,7.2,1,1,2,7,9,7,3,逃げ,1
71,丸亀市観光協会杯,2,2021-04-23,15,丸亀,12,予選選抜,1800,4074,4319,3319,4118,4012,4396,柳沢一,三宅潤,山崎義明,宇佐見淳,中村有裕,大田直弥,38,39,65,32,46,16,16,48,45,35,29,24,6.71,6.70,6.83,6.87,6.80,6.75,1,2,3,4,5,6,0.20,0.23,0.16,0.16,0.12,0.20,110.3,115.2,116.7,113.1,109.8,114.4,2,5,6,3,1,4,5,5,1,5-1,1-5,1-5,4-5,1-4,5-1-4,1-4-5,18.8,4.5,1.0,45.5,9.8,3.7,5.8,1.7,239.0,10.3,10,4,6,9,2,39,5,まくり差し,1
72,第31回鳴門市長杯競走,3,2021-04-23,14,鳴門,1,とるならなる,1800,4144,3454,3559,3122,4872,5144,石塚久也,井川大作,水長照雄,高山哲也,山下流心,中尾彩香,21,53,17,39,12,59,31,59,35,52,55,13,6.73,6.81,6.79,6.80,6.79,6.82,1,2,3,4,5,6,0.16,0.15,0.17,0.16,0.21,0.32,107.0,,110.0,111.7,112.0,,1,6,2,3,4,5,1,1,3,1-3,1-3,1-3,1-4,3-4,1-3-4,1-3-4,1.1,1.0,2.2,4.4,5.9,1.9,1.1,3.6,14.0,12.1,3,3,3,1,6,6,6,逃げ,1
73,第31回鳴門市長杯競走,3,2021-04-23,14,鳴門,2,どーなるなる,1800,4817,3516,3295,4013,4098,4405,渡邉翼,吉原聖人,濱村芳宏,中島孝平,赤澤文香,南野利騰,54,27,25,18,10,51,17,61,11,32,26,58,6.63,6.75,6.73,6.69,6.68,6.65,1,2,3,4,5,6,0.14,0.21,0.25,0.16,0.25,0.24,111.6,,,108.5,112.8,110.0,3,6,5,1,4,2,4,4,6,4-6,4-6,4-6,1-4,1-6,4-6-1,1-4-6,4.6,1.2,4.8,19.0,22.0,2.5,1.9,4.6,45.7,4.3,5,6,4,3,8,14,3,まくり,1
74,第31回鳴門市長杯競走,3,2021-04-23,14,鳴門,3,どきどきなる,1800,4730,4488,3304,3372,4917,4277,土屋実沙希,小山勉,烏野賢太,加藤雅之,岩橋裕馬,金田大輔,22,35,60,62,20,56,36,56,29,50,14,19,6.65,6.75,6.71,6.75,6.84,6.67,1,2,3,4,5,6,0.12,0.09,0.11,0.13,0.07,0.08,109.8,112.3,111.3,,115.1,,1,3,2,5,4,6,1,1,3,1-3,1-3,1-3,1-2,2-3,1-3-2,1-2-3,2.0,1.0,1.1,6.9,3.7,1.5,2.1,2.1,9.8,1.5,4,2,2,4,5,3,1,逃げ,1
75,第31回鳴門市長杯競走,3,2021-04-23,14,鳴門,4,とにかくなる,1800,4532,3907,4167,4482,4846,5171,秋元哲,村越篤,片岡秀樹,守屋美穂,佐藤駿介,清水未唯,28,52,34,16,33,31,38,18,15,34,53,62,6.77,6.73,6.80,6.70,6.80,6.69,1,2,3,4,5,6,0.23,0.24,0.23,0.33,0.26,0.27,110.1,113.4,112.8,110.5,,,1,4,3,2,5,6,1,1,4,1-4,1-4,1-4,1-3,3-4,1-4-3,1-3-4,1.4,1.1,1.4,4.4,3.0,1.4,2.3,2.7,14.7,6.5,2,2,1,4,5,4,3,逃げ,1
76,第31回鳴門市長杯競走,3,2021-04-23,14,鳴門,5,予選,1800,3645,4361,4042,4324,3454,3753,淺田千亜希,柳生泰二,丸岡正典,海野康志郎,井川大作,河上哲也,32,37,55,30,53,29,57,25,54,60,59,10,6.77,6.84,6.71,6.78,6.86,6.75,1,2,3,4,5,6,0.08,0.15,0.13,0.07,0.09,0.08,110.5,112.0,114.2,,113.8,,1,2,4,6,3,5,1,1,2,1-2,1-2,1-2,1-5,2-5,1-2-5,1-2-5,3.5,1.3,1.5,7.1,5.4,4.0,20.5,6.0,156.2,45.8,3,5,5,11,8,42,9,逃げ,1
77,第31回鳴門市長杯競走,3,2021-04-23,14,鳴門,6,予選,1800,4872,4405,4459,4088,4239,4015,山下流心,南野利騰,片岡雅裕,野田祥子,竹田辰也,前野竜一,12,51,26,14,11,57,55,58,39,21,30,23,6.78,6.70,6.75,6.68,6.72,6.71,1,2,3,4,5,6,0.03,0.06,0.10,0.27,0.21,0.18,112.2,112.0,110.2,,108.9,,4,3,2,6,1,5,5,5,3,5-3,3-5,3-5,2-5,2-3,5-3-2,2-3-5,18.7,1.7,2.3,16.8,3.0,2.8,3.0,1.5,50.7,3.6,8,1,5,6,1,21,1,まくり差し,1
78,第31回鳴門市長杯競走,3,2021-04-23,14,鳴門,7,予選,1800,3674,4917,4428,5085,4817,5109,岸恵子,岩橋裕馬,有賀達也,中村栄治,渡邉翼,川崎智稔,58,20,61,15,54,50,51,14,20,28,17,22,6.73,6.75,6.77,6.81,6.76,6.80,1,2,3,4,5,6,0.10,0.21,0.15,0.16,0.14,0.15,108.8,112.5,111.0,,113.0,,1,3,2,5,4,6,1,1,3,1-3,1-3,1-3,1-2,2-3,1-3-2,1-2-3,1.9,1.3,1.5,2.2,1.9,2.2,2.8,4.2,11.1,5.0,1,1,3,4,7,3,2,逃げ,1
79,第31回鳴門市長杯競走,3,2021-04-23,14,鳴門,8,予選,1800,3559,4277,3955,5067,4532,5162,水長照雄,金田大輔,眞田英二,山田真聖,秋元哲,松尾怜実,17,56,19,38,28,23,35,19,37,33,38,24,6.74,6.73,6.85,6.76,6.85,6.76,1,2,3,5,4,6,0.14,0.16,0.16,0.26,0.19,0.23,111.9,114.3,108.7,,110.6,,3,4,1,5,2,6,3,3,5,3-5,3-5,3-5,1-3,1-5,3-5-1,1-3-5,4.5,2.0,16.5,6.6,5.0,1.4,1.0,1.2,15.9,2.3,2,3,3,1,2,5,1,差し,0
80,第31回鳴門市長杯競走,3,2021-04-23,14,鳴門,9,特賞,1800,4098,4846,4390,3753,4144,4488,赤澤文香,佐藤駿介,松本弓雄,河上哲也,石塚久也,小山勉,10,33,36,29,21,35,26,53,27,10,31,56,6.72,6.76,6.79,6.76,6.82,6.84,1,2,3,4,5,6,0.13,0.14,0.11,0.12,0.07,0.08,110.8,109.5,111.8,,,112.4,2,1,3,5,6,4,2,2,1,2-1,1-2,1-2,2-3,1-3,2-1-3,1-2-3,7.8,5.5,4.5,15.4,7.7,11.6,10.8,3.3,56.9,13.1,7,3,13,12,5,26,6,差し,1
81,第31回鳴門市長杯競走,3,2021-04-23,14,鳴門,10,特賞,1800,4167,4042,4015,3304,3122,3516,片岡秀樹,丸岡正典,前野竜一,烏野賢太,高山哲也,吉原聖人,34,55,57,60,39,27,15,54,23,29,52,61,6.83,6.77,6.72,6.71,6.79,6.82,1,2,3,4,5,6,0.28,0.25,0.22,0.17,0.17,0.18,,109.5,112.3,109.2,,111.8,5,2,4,1,6,3,4,4,2,4-2,2-4,2-4,4-6,2-6,4-2-6,2-4-6,2.7,1.7,1.9,11.7,3.8,1.1,4.7,42.7,88.9,16.4,6,2,1,7,13,27,5,差し,1
82,第31回鳴門市長杯競走,3,2021-04-23,14,鳴門,11,特選,1800,4239,4324,4482,4710,3295,4428,竹田辰也,海野康志郎,守屋美穂,福田宗平,濱村芳宏,有賀達也,11,30,16,24,25,61,30,60,34,12,11,20,6.71,6.71,6.78,6.87,6.79,6.79,1,2,3,4,5,6,0.06,0.05,0.04,0.07,0.05,0.03,115.0,120.5,,123.7,,125.8,1,2,6,3,5,4,1,1,2,1-2,1-2,1-2,1-4,2-4,1-2-4,1-2-4,1.2,1.1,1.6,2.0,3.0,1.8,2.2,5.0,7.5,4.3,1,2,2,4,8,2,2,逃げ,1
83,第31回鳴門市長杯競走,3,2021-04-23,14,鳴門,12,特選,1800,4459,3955,4013,3674,3907,4361,片岡雅裕,眞田英二,中島孝平,岸恵子,村越篤,柳生泰二,26,19,18,58,52,37,39,37,32,51,18,25,6.75,6.84,6.83,6.84,6.73,6.71,1,2,3,4,5,6,0.18,0.17,0.15,0.13,0.16,0.17,107.1,112.6,109.5,,,111.1,1,4,2,5,6,3,1,1,3,1-3,1-3,1-3,1-6,3-6,1-3-6,1-3-6,1.2,1.0,1.5,2.1,2.2,1.1,2.0,3.8,9.6,5.4,1,1,1,3,7,3,2,逃げ,1
84,スポーツニッポン新聞社杯争奪第46回八景賞,6,2021-04-23,11,琵琶湖,1,一般,1800,3930,4636,3305,5059,4789,5076,岸本隆,赤池修平,小野信樹,冨田祥,古賀智之,石原光,59,54,47,66,51,58,27,36,64,66,20,24,7.07,7.05,6.97,7.04,6.99,7.09,1,2,3,4,5,6,0.17,0.17,0.17,0.16,0.25,0.43,112.8,118.4,,115.0,114.1,,1,4,5,3,2,6,1,1,5,1-5,1-5,1-5,1-4,4-5,1-5-4,1-4-5,1.0,1.1,5.1,12.8,10.4,4.2,4.1,13.2,79.9,27.7,4,4,6,5,11,23,8,逃げ,1
85,スポーツニッポン新聞社杯争奪第46回八景賞,6,2021-04-23,11,琵琶湖,2,一般,1800,3377,4505,3108,4971,5050,5039,塚田修二,島田賢人,松本真吾,秦直也,木下雄介,倉田茂将,28,60,25,38,27,24,22,37,60,38,69,33,6.90,6.93,7.11,6.99,6.87,6.92,1,2,3,4,5,6,0.15,0.16,0.17,0.17,0.16,0.29,113.7,111.9,115.8,,115.9,,2,1,3,5,4,6,2,2,1,2-1,1-2,1-2,2-3,1-3,2-1-3,1-2-3,5.3,1.0,1.0,3.1,1.8,1.3,4.8,4.7,15.3,5.9,1,1,2,6,5,5,3,差し,1
86,スポーツニッポン新聞社杯争奪第46回八景賞,6,2021-04-23,11,琵琶湖,3,一般,1800,3752,4766,3583,3953,4703,5172,宇土泰就,石井孝之,齋藤智裕,志道吉和,森永隆,田村慶,17,21,44,18,34,35,18,29,19,71,63,54,6.83,6.90,6.90,7.03,6.99,7.03,1,2,3,4,5,6,0.15,0.11,0.15,0.18,0.19,0.48,112.5,113.3,,,115.2,116.4,1,2,5,6,3,4,1,1,2,1-2,1-2,1-2,1-5,2-5,1-2-5,1-2-5,2.2,1.3,2.5,3.4,2.1,1.1,1.1,2.8,7.8,3.3,1,1,1,2,5,1,1,逃げ,1
87,スポーツニッポン新聞社杯争奪第46回八景賞,6,2021-04-23,11,琵琶湖,4,一般,1800,3859,3123,3922,4953,3928,3381,多羅尾達之,中西宏文,菅沼佳昭,尾上雅也,林恵祐,滝沢芳行,23,50,15,13,12,43,62,70,73,25,13,23,6.92,7.01,7.02,6.85,6.97,7.00,1,2,3,4,5,6,0.06,0.16,0.03,0.04,0.07,0.08,113.2,115.6,112.8,116.2,,,2,3,1,4,5,6,3,3,1,3-1,1-3,1-3,2-3,1-2,3-1-2,1-2-3,3.5,2.4,2.0,39.1,11.6,2.4,3.5,1.7,127.4,8.1,15,7,3,6,1,60,2,まくり,1
88,スポーツニッポン新聞社杯争奪第46回八景賞,6,2021-04-23,11,琵琶湖,5,一般,1800,4082,4129,3482,4636,3812,4588,濱崎誠,宇野博之,金子猛志,赤池修平,山崎聖司,田中京介,26,20,53,54,39,46,43,45,41,36,46,47,6.84,7.00,6.92,7.00,7.01,6.89,1,2,3,4,5,6,0.14,0.21,0.15,0.37,0.23,0.22,112.5,113.3,113.8,,116.4,,1,2,3,6,4,5,1,1,2,1-2,1-2,1-2,1-3,2-3,1-2-3,1-2-3,1.0,1.0,3.1,2.9,3.6,1.5,1.0,1.8,8.5,3.1,2,2,2,1,4,2,1,逃げ,1
89,スポーツニッポン新聞社杯争奪第46回八景賞,6,2021-04-23,11,琵琶湖,6,一般,1800,3889,4789,3832,4983,3879,3787,須藤隆雄,古賀智之,下田哲也,前田篤哉,中村格,天野誠,16,51,29,49,31,22,59,20,56,58,48,49,6.90,6.99,6.93,6.89,6.88,6.94,1,2,3,4,5,6,0.19,0.16,0.18,0.11,0.12,0.15,112.4,114.9,115.5,112.4,,,1,3,4,2,6,5,1,1,4,1-4,1-4,1-4,1-2,2-4,1-4-2,1-2-4,1.1,1.1,1.4,3.9,2.4,1.2,2.7,1.4,11.6,4.0,1,1,1,5,2,3,2,逃げ,1
90,スポーツニッポン新聞社杯争奪第46回八景賞,6,2021-04-23,11,琵琶湖,7,一般,1800,4441,3108,5050,5076,3583,5172,末永由楽,松本真吾,木下雄介,石原光,齋藤智裕,田村慶,52,25,27,58,44,35,53,60,69,24,19,54,6.81,7.01,6.92,7.00,7.11,6.89,1,2,3,4,5,6,0.23,0.25,0.18,0.21,0.13,0.13,110.5,,111.2,,114.4,115.0,1,5,2,6,3,4,1,1,3,1-3,1-3,1-3,1-5,3-5,1-3-5,1-3-5,1.3,1.2,1.5,2.0,1.9,1.2,4.1,10.2,9.3,4.8,1,1,1,6,11,3,2,逃げ,1
91,スポーツニッポン新聞社杯争奪第46回八景賞,6,2021-04-23,11,琵琶湖,8,一般,1800,4572,3953,3353,3123,3922,5059,渡部悟,志道吉和,前田光昭,中西宏文,菅沼佳昭,冨田祥,30,18,56,50,15,66,30,71,14,70,73,66,6.98,6.98,6.97,6.99,6.91,6.93,1,2,3,4,5,6,0.17,0.20,0.16,0.21,0.28,0.21,112.0,113.6,,112.8,115.8,,1,3,6,2,4,5,1,1,4,1-4,1-4,1-4,1-2,2-4,1-4-2,1-2-4,1.2,1.0,1.3,6.2,6.4,1.5,1.5,2.3,14.9,3.8,3,3,1,2,5,6,2,抜き,1
92,スポーツニッポン新聞社杯争奪第46回八景賞,6,2021-04-23,11,琵琶湖,9,ビナちゃん特,1800,4703,3787,3381,3305,4971,3812,森永隆,天野誠,滝沢芳行,小野信樹,秦直也,山崎聖司,34,22,43,47,38,39,63,49,23,64,38,46,6.96,6.98,7.00,6.98,6.81,6.93,1,2,3,4,5,6,0.19,0.24,0.18,0.20,0.22,0.25,111.7,,113.2,115.0,,115.8,1,5,2,3,6,4,1,1,3,1-3,1-3,1-3,1-4,3-4,1-3-4,1-3-4,1.5,1.0,1.6,2.3,2.0,1.2,1.6,3.3,6.6,4.6,1,1,1,2,7,2,2,逃げ,1
93,スポーツニッポン新聞社杯争奪第46回八景賞,6,2021-04-23,11,琵琶湖,10,選抜戦,1800,4505,3930,4082,3928,3752,3832,島田賢人,岸本隆,濱崎誠,林恵祐,宇土泰就,下田哲也,60,59,26,12,17,29,37,27,43,13,18,56,6.79,6.91,6.88,6.85,6.83,6.94,1,2,3,4,5,6,0.25,0.12,0.09,0.15,0.13,0.19,112.5,114.9,,,110.9,113.9,2,4,6,5,1,3,5,5,1,5-1,1-5,1-5,5-6,1-6,5-1-6,1-5-6,15.3,3.3,1.0,85.4,10.9,4.8,36.5,7.2,613.4,67.2,12,4,5,15,7,65,10,まくり差し,1
94,スポーツニッポン新聞社杯争奪第46回八景賞,6,2021-04-23,11,琵琶湖,11,選抜戦,1800,4983,4441,3859,3377,4572,3482,前田篤哉,末永由楽,多羅尾達之,塚田修二,渡部悟,金子猛志,49,52,23,28,30,53,58,53,62,22,30,41,6.80,6.82,6.91,6.80,6.96,7.02,1,2,3,4,5,6,0.11,0.16,0.19,0.11,0.17,0.17,,122.9,125.2,127.1,,130.2,5,1,2,3,6,4,2,2,3,2-3,2-3,2-3,2-4,3-4,2-3-4,2-3-4,8.5,1.1,1.5,94.8,40.7,5.9,4.7,5.0,307.6,49.9,16,9,11,5,9,56,13,差し,1
95,スポーツニッポン新聞社杯争奪第46回八景賞,6,2021-04-23,11,琵琶湖,12,優勝戦,1800,4262,4033,4578,3443,4264,4933,馬場貴也,伊藤将吉,藤山雅弘,森秋光,長尾章平,板橋侑我,62,55,40,14,57,61,16,68,15,50,32,21,6.80,6.81,6.85,6.86,7.02,6.89,1,2,3,4,5,6,0.13,0.12,0.13,0.14,0.21,0.17,108.9,110.7,112.5,113.9,,,1,2,3,4,6,5,1,1,2,1-2,1-2,1-2,1-3,2-3,1-2-3,1-2-3,1.0,1.0,1.5,2.5,2.3,1.3,1.2,1.3,4.5,2.2,2,2,2,1,3,1,1,逃げ,1
96,けーぶるちゃん。杯,4,2021-04-23,10,三国,1,みくにあさイ,1800,4342,4234,3891,4837,4775,4487,谷野錬志,野相弘司,谷口健一,酒井陽祐,千葉真弥,三原司,52,49,68,12,20,17,37,59,17,48,49,65,6.79,6.83,6.96,6.81,6.91,6.76,1,2,3,4,5,6,0.16,0.22,0.21,0.23,0.18,0.16,107.7,111.0,113.6,,112.3,,1,2,4,6,3,5,1,1,2,1-2,1-2,1-2,1-5,2-5,1-2-5,1-2-5,1.1,1.0,1.4,2.3,2.2,1.5,2.4,7.2,13.7,11.0,1,1,1,4,12,7,7,逃げ,1
97,けーぶるちゃん。杯,4,2021-04-23,10,三国,2,みくにあさガ,1800,4049,4762,4121,4800,3176,5079,荒川健太,藤原啓史朗,富永修一,小寺拳人,長谷川巌,大石真央,59,38,60,27,11,55,39,21,58,14,18,57,6.89,6.90,6.86,6.88,6.97,6.86,1,2,3,4,5,6,0.04,0.08,0.07,0.07,0.11,0.11,108.6,110.1,110.7,112.4,,,1,2,3,4,6,5,1,1,2,1-2,1-2,1-2,1-3,2-3,1-2-3,1-2-3,1.1,1.0,1.0,1.5,1.2,1.0,1.4,1.7,3.3,2.1,1,1,1,2,3,1,1,逃げ,1
98,けーぶるちゃん。杯,4,2021-04-23,10,三国,3,みくにあさズ,1800,3505,3161,4237,5055,5110,5078,山田竜一,古場輝義,大峯豊,眞鳥章太,杉山喜一,山川波乙,19,69,53,42,50,34,27,16,66,67,50,11,6.94,6.80,6.84,6.82,6.91,6.82,1,2,3,4,6,5,0.11,0.21,0.21,0.03,0.06,0.02,,111.8,111.1,110.1,113.3,,5,3,2,1,4,6,4,4,3,4-3,3-4,3-4,2-4,2-3,4-3-2,2-3-4,11.2,5.7,1.4,47.8,12.2,3.5,3.1,1.4,119.6,11.1,12,5,6,4,2,29,4,まくり差し,0
99,けーぶるちゃん。杯,4,2021-04-23,10,三国,4,みくにあさ推,1800,3589,5043,3811,4084,4894,4317,西村勝,中村日向,石田章央,杉山正樹,原村拓也,木村紗友希,51,54,15,40,35,64,12,19,56,28,45,55,6.88,6.89,6.84,6.91,6.89,6.90,1,2,3,4,5,6,0.22,0.12,0.17,0.22,0.26,0.19,108.7,112.3,109.6,111.5,,,1,4,2,3,5,6,1,1,3,1-3,1-3,1-3,1-4,3-4,1-3-4,1-3-4,1.3,1.2,1.8,3.7,4.0,1.3,1.4,1.6,7.5,2.7,1,3,1,2,4,1,1,逃げ,1
100,けーぶるちゃん。杯,4,2021-04-23,10,三国,5,一般,1800,4560,4775,4175,4437,5118,4688,庄司樹良々,千葉真弥,川尻泰輔,中田元泰,野田なづき,永井彪也,14,20,47,70,30,16,30,49,29,46,32,41,6.93,6.93,6.92,6.94,6.98,6.88,1,2,3,4,5,6,0.14,0.17,0.12,0.13,0.18,0.13,109.5,112.8,111.7,109.6,,,1,4,3,2,6,5,1,1,4,1-4,1-4,1-4,1-3,3-4,1-4-3,1-3-4,1.4,1.8,1.5,6.0,4.7,1.3,1.6,2.1,15.3,4.4,1,2,1,2,4,2,1,逃げ,1
101,けーぶるちゃん。杯,4,2021-04-23,10,三国,6,一般,1800,3176,3224,4487,4754,4736,4469,長谷川巌,栗山繁洋,三原司,松尾充,高倉和士,土山卓也,11,28,17,48,57,41,18,64,65,71,60,31,6.96,6.90,6.91,6.96,6.88,6.95,1,2,3,6,4,5,0.22,0.22,0.18,0.19,0.12,0.11,109.0,,112.3,,110.0,113.2,1,6,3,5,2,4,1,1,5,1-5,1-5,1-5,1-3,3-5,1-5-3,1-3-5,3.6,1.8,1.6,8.6,8.8,1.9,7.9,6.6,72.2,25.2,3,5,2,10,9,32,12,逃げ,0
102,けーぶるちゃん。杯,4,2021-04-23,10,三国,7,一般,1800,4800,4903,4672,3891,3855,5110,小寺拳人,吉田凌太朗,守屋大地,谷口健一,大熊辰弥,杉山喜一,27,67,39,68,29,50,14,53,23,17,36,50,6.88,6.86,6.88,6.97,6.84,6.94,1,2,3,4,5,6,0.08,0.22,0.22,0.19,0.38,0.19,109.9,111.5,114.0,114.1,,,1,2,3,4,6,5,1,1,2,1-2,1-2,1-2,1-3,2-3,1-2-3,1-2-3,1.5,1.0,1.8,3.7,2.3,1.3,1.3,1.8,7.2,2.4,1,1,2,1,4,1,1,逃げ,1
103,けーぶるちゃん。杯,4,2021-04-23,10,三国,8,一般,1800,5055,4531,4556,4894,4659,3870,眞鳥章太,武富智亮,竹井奈美,原村拓也,木下翔太,寺嶋雄,42,32,36,35,62,26,67,44,35,45,72,69,7.00,6.97,6.94,6.92,7.00,6.98,1,2,3,4,5,6,0.07,0.12,0.10,0.16,0.16,0.17,112.6,111.0,107.4,111.7,,,4,2,1,3,5,6,3,3,2,3-2,2-3,2-3,3-4,2-4,3-2-4,2-3-4,4.2,2.9,1.2,17.3,8.0,3.3,11.7,8.7,99.8,36.6,7,3,4,11,10,35,10,まくり,1
104,けーぶるちゃん。杯,4,2021-04-23,10,三国,9,一般,1800,4464,4884,4317,5078,5079,5118,山下友貴,勝浦真帆,木村紗友希,山川波乙,大石真央,野田なづき,46,66,64,34,55,30,15,22,55,11,57,32,7.04,6.94,7.00,6.90,6.85,7.04,1,2,3,4,5,6,0.06,0.07,0.02,0.01,0.01,0.18,110.5,112.9,,114.5,109.3,,2,3,5,4,1,6,5,5,1,5-1,1-5,1-5,2-5,1-2,5-1-2,1-2-5,26.2,5.9,1.0,27.6,7.2,1.3,2.7,1.1,84.2,3.6,7,3,2,6,1,21,2,まくり,1
105,けーぶるちゃん。杯,4,2021-04-23,10,三国,10,準優勝戦,1800,4688,4736,3161,4175,4049,3589,永井彪也,高倉和士,古場輝義,川尻泰輔,荒川健太,西村勝,16,57,69,47,59,51,41,60,16,29,39,12,6.99,6.85,6.96,6.88,6.98,6.93,1,2,3,4,5,6,0.17,0.16,0.17,0.18,0.22,0.26,111.2,109.8,113.1,112.5,,,2,1,4,3,5,6,2,2,1,2-1,1-2,1-2,2-4,1-4,2-1-4,1-2-4,3.7,1.3,1.0,5.4,1.3,1.0,1.7,1.5,13.4,2.8,2,1,1,3,2,4,1,差し,1
106,けーぶるちゃん。杯,4,2021-04-23,10,三国,11,準優勝戦,1800,3811,4754,4437,4342,4762,3505,石田章央,松尾充,中田元泰,谷野錬志,藤原啓史朗,山田竜一,15,48,70,52,38,19,56,71,46,37,21,27,6.93,7.01,6.95,6.90,6.92,6.91,1,2,3,4,5,6,0.11,0.13,0.12,0.11,0.15,0.14,109.6,,108.4,111.6,113.2,,2,5,1,3,4,6,3,3,1,3-1,1-3,1-3,3-4,1-4,3-1-4,1-3-4,4.7,1.2,1.5,12.7,2.4,1.3,2.4,1.7,27.7,4.2,5,1,1,4,3,12,2,まくり,1
107,けーぶるちゃん。杯,4,2021-04-23,10,三国,12,準優勝戦,1800,4469,4084,4659,4556,4237,4560,土山卓也,杉山正樹,木下翔太,竹井奈美,大峯豊,庄司樹良々,41,40,62,36,53,14,31,28,72,35,66,30,6.94,6.90,6.98,6.92,6.82,6.99,1,2,4,5,6,3,0.11,0.18,0.06,0.07,0.09,0.11,,113.7,110.7,108.9,112.1,,6,4,2,1,3,5,4,4,3,4-3,3-4,3-4,4-5,3-5,4-3-5,3-4-5,7.4,9.0,2.5,52.6,20.7,5.6,7.8,4.0,176.9,24.7,18,7,9,10,5,64,11,まくり差し,0
108,津PR第1戦チャンピオン大集合!,2,2021-04-23,9,津,1,ツッキーレー,1800,4295,3607,4056,4538,3535,5167,小坂尚哉,原田智和,小西英輝,笠置博之,渡修平,小川竜太朗,37,72,13,40,51,55,39,41,14,70,55,31,6.86,6.93,6.96,6.88,6.91,6.96,1,2,3,4,5,6,0.14,0.18,0.17,0.21,0.17,0.20,110.8,112.6,112.3,,114.7,,1,3,2,5,4,6,1,1,3,1-3,1-3,1-3,1-2,2-3,1-3-2,1-2-3,1.0,1.0,1.7,2.7,3.1,1.1,1.0,1.3,6.8,2.4,2,2,2,1,3,3,1,逃げ,1
109,津PR第1戦チャンピオン大集合!,2,2021-04-23,9,津,2,予選,1800,3852,4735,4119,3406,3626,4520,澤大介,角山雄哉,泥谷一毅,中里英夫,中林秀人,高倉孝太,59,23,29,21,53,63,22,47,45,63,29,12,6.90,6.88,6.80,6.97,6.86,6.75,1,2,3,4,5,6,0.14,0.11,0.06,0.08,0.07,0.03,110.5,115.8,114.6,,,112.7,1,4,3,5,6,2,1,1,6,1-6,1-6,1-6,1-3,3-6,1-6-3,1-3-6,1.2,2.7,1.6,31.3,16.3,5.9,1.8,4.0,62.1,8.9,12,5,9,2,8,20,4,逃げ,1
110,津PR第1戦チャンピオン大集合!,2,2021-04-23,9,津,3,予選,1800,3231,4512,3463,3880,4397,3507,吉田隆義,高野哲史,乙津康志,浅見宗孝,西村拓也,藤井徹,16,30,73,35,27,69,60,16,23,25,27,73,6.90,6.92,6.81,6.84,6.78,6.83,1,2,3,4,5,6,0.28,0.20,0.17,0.14,0.20,0.27,112.5,110.7,113.2,,113.4,,2,1,3,6,4,5,2,2,1,2-1,1-2,1-2,2-3,1-3,2-1-3,1-2-3,4.3,1.4,1.2,4.6,2.8,1.2,1.7,4.2,14.7,4.1,1,1,1,3,7,3,2,差し,1
111,津PR第1戦チャンピオン大集合!,2,2021-04-23,9,津,4,予選,1800,3850,3022,3931,3251,3283,3997,小川知行,西山昇一,黒崎竜也,平石和男,窪田好弘,北村征嗣,41,56,25,26,39,17,11,35,36,67,26,76,6.82,6.79,6.74,6.89,6.89,6.80,1,2,3,4,5,6,0.20,0.33,0.16,0.24,0.25,0.21,112.3,113.1,110.3,,,114.5,2,3,1,5,6,4,3,3,1,3-1,1-3,1-3,2-3,1-2,3-1-2,1-2-3,4.1,1.8,2.9,14.0,9.7,8.6,3.2,2.6,63.0,5.2,8,7,10,5,3,32,3,まくり,1
112,津PR第1戦チャンピオン大集合!,2,2021-04-23,9,津,5,5ールドレー,1800,4269,5038,4538,3605,3594,3075,杉山裕也,金田智博,笠置博之,中村守成,塚原武之,中村裕将,22,14,40,12,57,44,52,49,70,18,21,24,6.81,6.90,6.84,6.97,6.91,6.98,1,2,3,4,5,6,0.11,0.12,0.16,0.13,0.11,0.10,111.2,114.2,,116.4,114.7,,1,2,5,4,3,6,1,1,2,1-2,1-2,1-2,1-5,2-5,1-2-5,1-2-5,1.0,1.0,1.9,2.2,2.1,1.6,13.7,15.1,33.0,20.8,1,1,2,11,12,11,8,逃げ,1
113,津PR第1戦チャンピオン大集合!,2,2021-04-23,9,津,6,予選,1800,3626,4231,3044,5167,4168,3664,中林秀人,鈴木裕隆,三宅爾士,小川竜太朗,石野貴之,鈴木賢一,53,15,65,55,61,48,29,51,17,31,20,15,6.93,6.90,7.00,6.98,7.12,7.09,1,2,3,4,5,6,0.20,0.25,0.23,0.24,0.24,0.28,111.8,113.2,115.0,,116.6,,1,2,3,5,4,6,1,1,2,1-2,1-2,1-2,1-3,2-3,1-2-3,1-2-3,2.4,1.2,1.0,10.6,4.6,6.9,5.3,5.8,26.5,6.8,6,1,8,5,6,10,3,逃げ,1
114,津PR第1戦チャンピオン大集合!,2,2021-04-23,9,津,7,予選,1800,3535,4397,4692,4520,4492,4788,渡修平,西村拓也,酒井俊弘,高倉孝太,本多宏和,小池哲也,51,27,52,63,64,34,55,27,28,12,33,59,6.98,6.85,6.91,6.75,6.85,6.91,1,2,3,4,5,6,0.18,0.13,0.11,0.14,0.16,0.21,112.5,109.8,,114.6,113.8,,2,1,6,4,3,5,2,2,1,2-1,1-2,1-2,2-5,1-5,2-1-5,1-2-5,2.5,1.1,1.3,5.3,3.3,1.6,1.9,5.0,22.1,7.8,1,1,1,2,11,4,3,まくり,1
115,津PR第1戦チャンピオン大集合!,2,2021-04-23,9,津,8,予選,1800,3283,3507,4561,3852,4061,3607,窪田好弘,藤井徹,藤山翔大,澤大介,萩原秀人,原田智和,39,69,32,59,47,72,26,73,75,22,43,41,6.81,6.79,6.71,6.85,6.75,6.82,1,2,3,4,5,6,0.30,0.41,0.27,0.20,0.20,0.27,114.4,,111.7,113.1,109.3,,4,6,2,3,1,5,5,5,3,5-3,3-5,3-5,4-5,3-4,5-3-4,3-4-5,2.2,1.2,1.6,7.5,3.2,1.9,2.0,1.8,27.0,4.3,3,1,3,4,2,9,2,抜き,1
116,津PR第1戦チャンピオン大集合!,2,2021-04-23,9,津,9,予選特賞,1800,3463,3931,4269,4377,4295,3406,乙津康志,黒崎竜也,杉山裕也,濱本優一,小坂尚哉,中里英夫,73,25,22,70,37,21,23,36,52,54,39,63,6.77,6.69,6.77,6.88,6.88,6.90,1,2,3,4,5,6,0.13,0.04,0.09,0.12,0.11,0.17,,109.2,110.5,112.6,113.9,,6,1,2,3,4,5,2,2,3,2-3,2-3,2-3,2-4,3-4,2-3-4,2-3-4,6.0,2.4,1.9,13.7,7.5,3.2,3.6,2.0,44.0,26.5,5,4,6,7,4,17,8,まくり,1
117,津PR第1戦チャンピオン大集合!,2,2021-04-23,9,津,10,予選特賞,1800,4692,4056,4168,3022,3880,3605,酒井俊弘,小西英輝,石野貴之,西山昇一,浅見宗孝,中村守成,52,13,61,56,35,12,28,14,20,35,25,18,6.88,6.84,6.76,6.77,6.78,6.91,1,2,3,4,5,6,0.09,0.12,0.14,0.23,0.19,0.27,113.2,111.2,109.2,112.8,,,4,2,1,3,5,6,3,3,2,3-2,2-3,2-3,3-4,2-4,3-2-4,2-3-4,3.3,1.6,1.6,12.7,8.6,2.0,2.1,2.6,27.2,10.7,5,4,3,4,5,10,5,まくり,1
118,津PR第1戦チャンピオン大集合!,2,2021-04-23,9,津,11,予選特選,1800,3251,4561,4512,3044,4119,4492,平石和男,藤山翔大,高野哲史,三宅爾士,泥谷一毅,本多宏和,26,32,30,65,29,64,67,75,16,17,45,33,6.84,6.71,6.88,6.82,6.77,6.90,1,2,3,4,5,6,0.24,0.26,0.17,0.18,0.16,0.14,114.7,118.4,,122.2,120.2,,1,2,5,4,3,6,1,1,2,1-2,1-2,1-2,1-5,2-5,1-2-5,1-2-5,2.2,1.0,2.2,3.5,3.8,3.0,6.9,3.2,36.8,16.9,1,2,4,11,6,16,10,逃げ,1
119,津PR第1戦チャンピオン大集合!,2,2021-04-23,9,津,12,ツッキー選抜,1800,4061,4377,4231,3997,4788,5038,萩原秀人,濱本優一,鈴木裕隆,北村征嗣,小池哲也,金田智博,47,70,15,17,34,14,43,54,51,76,59,49,6.74,6.87,6.88,6.79,6.97,6.78,1,2,3,4,5,6,0.17,0.19,0.19,0.20,0.24,0.31,,112.1,109.3,110.3,113.2,,5,3,1,2,4,6,3,3,4,3-4,3-4,3-4,2-3,2-4,3-4-2,2-3-4,33.9,3.8,2.9,184.9,62.0,4.3,10.8,3.0,654.8,60.6,19,9,7,9,5,67,10,まくり,1
120,オールレディース競走レディース笹川杯,2,2021-04-23,8,常滑,1,予選,1800,4385,4963,4283,4208,5151,3302,鈴木祐美子,實森美祐,石井裕美,三浦永理,山下奈緒,谷川里江,28,36,4,55,52,56,73,58,42,27,46,23,6.65,6.76,6.77,6.75,6.80,6.74,1,2,3,4,6,5,0.23,0.13,0.22,0.16,0.29,0.24,115.1,109.0,,110.1,,113.0,4,1,5,2,6,3,2,2,4,2-4,2-4,2-4,2-6,4-6,2-4-6,2-4-6,7.2,1.6,1.0,12.0,5.9,1.3,2.4,1.6,25.3,4.2,7,3,1,6,2,7,1,まくり,0
121,オールレディース競走レディース笹川杯,2,2021-04-23,8,常滑,2,予選,1800,4338,4678,3528,5108,5052,4450,飯田佳江,水野望美,笠野友紀恵,柴田愛梨,赤井星璃菜,平高奈菜,30,3,6,49,29,18,55,65,35,38,15,28,6.73,6.67,6.71,6.76,6.71,6.63,1,2,3,4,5,6,0.29,0.24,0.29,0.20,0.24,0.20,113.8,108.8,114.6,,,111.3,3,1,4,6,5,2,2,2,6,2-6,2-6,2-6,1-2,1-6,2-6-1,1-2-6,1.6,1.2,1.2,3.1,1.6,1.2,1.9,1.9,10.3,2.9,1,1,1,3,4,2,2,差し,1
122,オールレディース競走レディース笹川杯,2,2021-04-23,8,常滑,3,予選,1800,4913,4240,4050,5117,3579,3289,清水さくら,今井裕梨,田口節子,冨名腰桃奈,中里優子,高橋淳美,1,11,27,35,58,5,56,33,21,12,71,72,6.65,6.71,6.71,6.69,6.74,6.78,1,2,3,4,5,6,0.12,0.18,0.09,0.17,0.22,0.25,110.6,,109.7,,113.2,114.6,2,6,1,5,3,4,3,3,1,3-1,1-3,1-3,3-5,1-5,3-1-5,1-3-5,1.8,1.1,1.1,6.2,2.9,1.5,1.4,2.6,15.1,3.9,3,1,2,1,5,3,1,まくり差し,1
123,オールレディース競走レディース笹川杯,2,2021-04-23,8,常滑,4,予選,1800,4065,3334,4974,5069,4183,3871,金田幸子,角ひとみ,安井瑞紀,山崎小葉音,宇野弥生,池田紫乃,20,14,9,51,60,2,59,53,17,49,30,16,6.77,6.73,6.73,6.78,6.76,6.75,1,2,3,4,5,6,0.22,0.18,0.11,0.20,0.10,0.15,111.8,110.7,,,114.1,112.6,2,1,5,6,4,3,2,2,1,2-1,1-2,1-2,2-6,1-6,2-1-6,1-2-6,8.4,1.8,1.1,16.0,2.5,1.6,9.9,5.5,120.0,15.2,6,2,2,11,6,30,7,差し,1
124,オールレディース競走レディース笹川杯,2,2021-04-23,8,常滑,5,予選,1800,4878,4017,4853,5163,4844,4123,西岡育未,向井美鈴,前原哉,清水愛海,村上奈穂,細川裕子,8,31,32,23,45,47,66,13,36,43,54,68,6.70,6.71,6.73,6.71,6.74,6.69,1,2,3,6,4,5,0.26,0.26,0.23,0.19,0.25,0.18,112.5,110.5,113.6,,,108.3,3,2,4,6,5,1,6,6,2,6-2,2-6,2-6,1-6,1-2,6-2-1,1-2-6,4.3,1.1,2.0,10.9,4.6,1.2,1.3,1.1,17.7,2.5,5,3,2,3,1,5,1,まくり,0
125,オールレディース競走レディース笹川杯,2,2021-04-23,8,常滑,6,予選,1800,4525,5057,3611,4283,5108,3999,真子奈津実,上田紗奈,岩崎芳美,石井裕美,柴田愛梨,大瀧明日香,12,26,34,4,49,33,69,44,47,42,38,39,6.73,6.76,6.73,6.77,6.79,6.75,1,2,3,4,5,6,0.06,0.17,0.07,0.19,0.14,0.25,109.7,,110.4,113.9,,113.1,1,5,2,4,6,3,1,1,3,1-3,1-3,1-3,1-6,3-6,1-3-6,1-3-6,2.5,1.5,1.4,4.3,2.9,1.1,1.7,1.3,6.8,2.4,1,1,1,4,2,1,1,逃げ,1
126,オールレディース競走レディース笹川杯,2,2021-04-23,8,常滑,7,予選,1800,4014,4050,4240,4385,4678,4938,片岡恵里,田口節子,今井裕梨,鈴木祐美子,水野望美,小芦るり華,22,27,11,28,3,37,74,21,33,73,65,40,6.74,6.79,6.77,6.70,6.76,6.74,1,2,3,4,5,6,0.28,0.14,0.14,0.15,0.12,0.14,113.5,110.2,,114.3,111.4,,3,1,5,4,2,6,2,2,5,2-5,2-5,2-5,1-2,1-5,2-5-1,1-2-5,2.4,1.2,1.7,8.6,7.2,1.7,1.1,1.7,23.4,2.5,3,2,2,1,3,8,1,まくり,1
127,オールレディース競走レディース笹川杯,2,2021-04-23,8,常滑,8,予選,1800,4372,4913,4450,4479,3518,5069,原田佑実,清水さくら,平高奈菜,矢野真梨菜,倉田郁美,山崎小葉音,38,1,18,15,54,51,50,56,28,18,29,49,6.73,6.82,6.70,6.75,6.75,6.77,1,2,3,4,5,6,0.12,0.09,0.12,0.14,0.12,0.20,112.9,111.5,110.6,,113.5,,3,2,1,5,4,6,3,3,2,3-2,2-3,2-3,1-3,1-2,3-2-1,1-2-3,1.1,1.5,1.3,12.6,10.1,1.9,1.1,2.2,35.3,3.5,4,3,3,1,5,11,2,まくり,1
128,オールレディース競走レディース笹川杯,2,2021-04-23,8,常滑,9,予選,1800,4017,4275,4183,3528,5117,4963,向井美鈴,菅野はやか,宇野弥生,笠野友紀恵,冨名腰桃奈,實森美祐,31,50,60,6,35,36,13,14,30,35,12,58,6.72,6.79,6.76,6.77,6.78,6.77,1,2,3,4,5,6,0.12,0.16,0.11,0.19,0.13,0.09,109.8,,111.0,113.3,114.3,,1,5,2,3,4,6,1,1,3,1-3,1-3,1-3,1-4,3-4,1-3-4,1-3-4,1.5,1.2,1.6,2.2,1.5,1.1,2.2,3.0,6.6,3.5,1,1,1,3,7,2,2,逃げ,1
129,オールレディース競走レディース笹川杯,2,2021-04-23,8,常滑,10,予選特賞,1800,4208,4224,3289,3334,4338,5163,三浦永理,大橋栄里佳,高橋淳美,角ひとみ,飯田佳江,清水愛海,55,43,5,14,30,23,27,37,72,53,55,43,6.76,6.75,6.79,6.76,6.79,6.78,1,2,3,4,5,6,0.10,0.11,0.12,0.16,0.10,0.13,109.1,112.5,111.4,114.3,,,1,3,2,4,6,5,1,1,3,1-3,1-3,1-3,1-2,2-3,1-3-2,1-2-3,1.1,1.0,1.5,4.1,3.5,1.4,1.5,2.0,11.6,3.9,3,3,1,3,4,6,3,逃げ,1
130,オールレディース競走レディース笹川杯,2,2021-04-23,8,常滑,12,2ndドリー,1800,4387,3999,4065,4190,4885,3579,平山智加,大瀧明日香,金田幸子,長嶋万記,大山千広,中里優子,17,33,20,53,59,58,22,39,59,63,34,71,6.79,6.80,6.85,6.85,6.81,6.92,1,2,3,4,5,6,0.17,0.10,0.22,0.09,0.10,0.12,109.5,110.7,,113.0,112.3,,1,2,5,4,3,6,1,1,2,1-2,1-2,1-2,1-5,2-5,1-2-5,1-2-5,1.3,1.1,2.7,2.7,2.4,1.2,1.3,2.7,6.8,3.5,1,1,1,2,5,1,1,逃げ,1
131,中日新聞東海本社杯,2,2021-04-23,6,浜名湖,1,予選,1800,3286,3725,4651,3973,5137,3807,坂東満,向達哉,佐藤大騎,崎利仁,川原涼,岡部哲,51,6,34,15,45,63,23,41,18,59,67,29,6.63,6.63,6.68,6.72,6.77,6.73,1,2,3,4,6,5,0.24,0.12,0.20,0.20,0.23,0.19,,113.3,111.0,112.8,,114.6,6,3,1,2,5,4,3,3,4,3-4,3-4,3-4,2-3,2-4,3-4-2,2-3-4,27.5,5.3,2.4,45.3,14.4,1.4,2.2,2.5,159.2,28.3,15,5,1,5,7,49,10,差し,0
132,中日新聞東海本社杯,2,2021-04-23,6,浜名湖,2,予選,1800,4453,4796,3020,4702,5100,3502,永田郁弥,春園功太,若女井正,三浦敬太,栗原一馬,渡邉英児,46,58,40,57,53,25,38,50,12,17,68,16,6.69,6.68,6.62,6.73,6.73,6.71,1,2,3,4,6,5,0.21,0.24,0.22,0.32,0.23,0.23,113.7,,114.9,110.2,,111.7,3,6,4,1,5,2,4,4,6,4-6,4-6,4-6,1-4,1-6,4-6-1,1-4-6,6.2,2.1,2.5,19.6,9.7,4.9,8.7,8.0,84.5,10.8,12,7,7,10,9,41,6,まくり差し,0
133,中日新聞東海本社杯,2,2021-04-23,6,浜名湖,3,予選,1800,3409,3647,4142,4431,4305,5054,三好一,伊藤雄二,平野和明,石塚裕介,金子拓矢,佐々木大河,39,65,38,29,16,55,64,47,58,74,34,15,6.67,6.69,6.68,6.68,6.68,6.66,1,2,3,4,5,6,0.21,0.26,0.29,0.27,0.30,0.37,110.1,113.8,,112.1,112.9,,1,4,5,2,3,6,1,1,4,1-4,1-4,1-4,1-5,4-5,1-4-5,1-4-5,1.6,1.9,5.2,14.0,9.6,5.5,3.4,7.9,27.9,7.5,6,4,5,2,8,11,4,逃げ,1
134,中日新聞東海本社杯,2,2021-04-23,6,浜名湖,4,ランチタイム,1800,4210,4380,5087,4389,5122,3542,松村康太,鈴木峻佑,佐藤航,伊藤喜智,相馬翔,清水紀克,32,52,5,17,47,61,33,44,56,27,43,61,6.68,6.65,6.71,6.70,6.66,6.70,1,3,4,5,6,2,0.26,0.25,0.23,0.14,0.12,0.31,114.1,,110.3,111.9,,114.6,3,6,1,2,5,4,3,3,4,3-4,3-4,3-4,1-3,1-4,3-4-1,1-3-4,4.8,3.7,1.3,22.2,14.0,2.6,1.7,1.9,43.6,6.1,8,7,5,1,3,15,4,まくり,0
135,中日新聞東海本社杯,2,2021-04-23,6,浜名湖,5,予選,1800,4021,4432,3563,5150,4651,4308,吉田健太郎,黄金井力良,堤昇,坂本雄紀,佐藤大騎,河村了,60,23,35,26,34,27,35,30,76,46,18,60,6.68,6.72,6.70,6.68,6.65,6.70,1,2,3,6,4,5,0.12,0.15,0.21,0.16,0.25,0.17,119.5,125.8,,123.4,129.5,,1,3,6,2,4,5,1,1,4,1-4,1-4,1-4,1-2,2-4,1-4-2,1-2-4,1.2,1.8,5.2,83.2,30.2,18.9,2.4,12.8,346.9,73.5,21,10,12,3,11,69,12,逃げ,0
136,中日新聞東海本社杯,2,2021-04-23,6,浜名湖,6,予選,1800,4631,3921,4856,5137,3814,4138,新井英孝,川村正輝,豊田健士郎,川原涼,金子貴志,中井俊祐,66,54,64,45,59,24,26,11,45,67,51,37,6.67,6.70,6.59,6.60,6.69,6.66,1,2,3,6,4,5,0.06,0.15,0.23,0.18,0.19,0.11,,113.3,110.4,,114.2,110.3,5,3,2,6,4,1,6,6,3,6-3,3-6,3-6,2-6,2-3,6-3-2,2-3-6,15.2,2.1,1.1,51.6,6.3,3.1,6.6,1.7,187.4,13.2,14,4,7,9,1,45,6,まくり差し,0
137,中日新聞東海本社杯,2,2021-04-23,6,浜名湖,7,ブレイクタイ,1800,3895,4550,3973,4067,5054,3644,堀本裕也,石岡将太,崎利仁,永井源,佐々木大河,矢橋成介,41,12,15,49,55,1,69,70,59,21,15,20,6.63,6.69,6.66,6.62,6.63,6.66,1,2,3,4,6,5,0.17,0.19,0.16,0.14,0.27,0.13,110.1,112.3,,113.7,,114.9,1,2,5,3,6,4,1,1,2,1-2,1-2,1-2,1-4,2-4,1-2-4,1-2-4,1.4,1.2,3.4,7.6,4.9,2.7,1.6,2.5,10.7,3.3,3,2,5,2,3,3,1,逃げ,0
138,中日新聞東海本社杯,2,2021-04-23,6,浜名湖,8,予選,1800,3848,3286,3696,4210,4796,3647,川上聡介,坂東満,白井友晴,松村康太,春園功太,伊藤雄二,48,51,56,32,58,65,55,23,13,33,50,47,6.70,6.58,6.65,6.69,6.66,6.64,1,2,3,4,5,6,0.17,0.17,0.17,0.21,0.17,0.18,110.3,114.1,111.4,113.5,,,1,4,2,3,5,6,1,1,3,1-3,1-3,1-3,1-4,3-4,1-3-4,1-3-4,2.5,1.8,2.0,5.7,3.9,2.7,2.1,1.8,14.5,5.2,1,1,6,2,1,1,2,逃げ,1
139,中日新聞東海本社杯,2,2021-04-23,6,浜名湖,9,予選特賞,1800,4431,5087,4308,5100,3893,3912,石塚裕介,佐藤航,河村了,栗原一馬,汐崎正則,川原正明,29,5,27,53,28,50,74,56,60,68,53,63,6.64,6.65,6.65,6.68,6.64,6.66,1,2,3,6,4,5,-0.10,-0.03,0.11,0.13,0.10,0.14,,,110.2,115.1,111.8,113.6,5,6,1,4,2,3,3,3,5,3-5,3-5,3-5,3-6,5-6,3-5-6,3-5-6,1.0,1.3,2.5,2.0,2.1,1.0,1.0,1.0,2.6,1.1,1,1,1,3,2,1,1,まくり差し,0
140,中日新聞東海本社杯,2,2021-04-23,6,浜名湖,10,予選特賞,1800,4156,3542,4305,3725,4021,3921,浜野孝志,清水紀克,金子拓矢,向達哉,吉田健太郎,川村正輝,62,61,16,6,60,54,32,61,34,41,35,11,6.69,6.70,6.70,6.64,6.65,6.73,1,2,3,4,5,6,0.13,0.12,0.14,0.19,0.20,0.27,110.3,113.9,111.7,112.7,,,1,4,2,3,6,5,1,1,3,1-3,1-3,1-3,1-4,3-4,1-3-4,1-3-4,1.5,1.2,1.0,2.6,1.2,1.4,2.9,2.7,8.1,4.4,1,1,1,7,5,2,2,逃げ,1
141,中日新聞東海本社杯,2,2021-04-23,6,浜名湖,11,予選特選,1800,3563,4702,4380,4142,3895,4856,堤昇,三浦敬太,鈴木峻佑,平野和明,堀本裕也,豊田健士郎,35,57,52,38,41,64,76,17,44,58,69,45,6.72,6.72,6.64,6.73,6.73,6.66,1,2,3,4,5,6,0.17,0.18,0.17,0.22,0.21,0.16,110.9,110.6,114.2,112.7,,,2,1,4,3,6,5,2,2,1,2-1,1-2,1-2,2-4,1-4,2-1-4,1-2-4,10.3,1.9,1.2,16.7,5.0,2.3,4.2,1.4,48.4,6.1,6,2,4,8,1,19,3,差し,1
142,中日新聞東海本社杯,2,2021-04-23,6,浜名湖,12,予選特選,1800,4067,3814,3502,4432,3409,3696,永井源,金子貴志,渡邉英児,黄金井力良,三好一,白井友晴,49,59,25,23,39,56,21,51,16,30,64,13,6.61,6.72,6.64,6.76,6.69,6.66,1,2,3,4,5,6,0.29,0.19,0.24,0.29,0.33,0.42,109.7,,112.3,113.0,111.1,,1,5,3,4,2,6,1,1,5,1-5,1-5,1-5,1-3,3-5,1-5-3,1-3-5,1.1,1.1,2.4,17.4,18.8,5.1,1.4,6.9,42.6,9.1,5,4,7,1,12,15,4,逃げ,1
143,ゴールデンカップ,1,2021-04-23,3,江戸川,1,予選,1800,4944,4976,5062,4911,3560,5135,田代達也,金山立樹,田嶋塁,片岡大地,太田克哉,仲航太,12,57,47,23,21,25,49,41,43,29,16,27,6.83,6.81,6.84,6.89,6.92,6.87,1,2,3,4,5,6,0.24,0.21,0.21,0.21,0.09,0.12,115.4,,118.0,115.7,114.5,,2,6,4,3,1,5,5,5,1,5-1,1-5,1-5,4-5,1-4,5-1-4,1-4-5,13.2,2.3,1.4,39.9,8.4,1.9,2.7,1.0,90.1,6.8,13,4,3,6,1,33,3,まくり,1
144,ゴールデンカップ,1,2021-04-23,3,江戸川,2,予選,1800,4420,3699,3313,4939,4540,4641,津久井拓也,富永正人,本吉正樹,宮之原輝紀,相原利章,磯村匠,14,28,38,31,27,36,51,11,40,48,10,30,6.89,6.92,6.97,6.87,6.88,6.85,1,2,3,4,5,6,0.07,0.09,0.08,0.09,0.19,0.19,111.6,,,112.6,115.7,115.7,1,5,6,2,4,3,1,1,4,1-4,1-4,1-4,1-6,4-6,1-4-6,1-4-6,1.7,1.1,1.5,4.7,3.6,2.2,6.4,3.9,34.5,14.4,1,1,3,8,6,14,6,逃げ,1
145,ゴールデンカップ,1,2021-04-23,3,江戸川,3,予選,1800,4438,4465,4728,3838,3996,5063,森作雄大,大西賢,山口亮,伊藤啓三,秋山直之,大塚雅治,46,29,20,18,15,26,20,38,25,31,37,53,6.95,6.92,7.03,7.14,6.93,6.82,1,2,3,4,5,6,0.13,0.14,0.31,0.20,0.19,0.21,114.8,113.8,,115.7,111.0,,3,2,6,4,1,5,5,5,2,5-2,2-5,2-5,1-5,1-2,5-2-1,1-2-5,2.4,1.0,3.4,20.9,13.0,3.7,1.7,4.5,68.4,7.0,10,6,7,2,9,30,2,まくり,1
146,ゴールデンカップ,1,2021-04-23,3,江戸川,4,予選,1800,3303,3376,3569,4928,3966,4779,渡辺豊,萩原善行,増田進,栗城匠,作間章,伊倉光,19,52,48,30,37,16,26,14,28,35,13,47,7.03,6.93,6.96,7.05,6.97,6.89,1,2,3,4,5,6,0.15,0.11,0.13,0.12,0.16,0.18,,115.1,112.7,115.1,113.6,,5,3,1,4,2,6,3,3,5,3-5,3-5,3-5,2-3,2-5,3-5-2,2-3-5,9.0,2.5,1.3,91.1,23.8,6.9,10.3,5.9,288.9,66.6,21,8,8,10,6,75,14,まくり差し,1
147,ゴールデンカップ,1,2021-04-23,3,江戸川,5,予選,1800,3141,4211,4875,4944,4318,5141,山来和人,村田敦,大塚康雅,田代達也,桑原将光,大澤風葵,43,24,22,12,17,54,34,33,24,49,36,19,7.04,7.11,6.96,7.00,7.06,7.01,1,2,3,4,5,6,0.27,0.24,0.23,0.19,0.15,0.17,115.8,119.1,,127.5,,123.2,1,2,5,4,6,3,1,1,2,1-2,1-2,1-2,1-6,2-6,1-2-6,1-2-6,3.7,1.2,1.2,5.9,3.7,3.6,7.1,8.4,101.6,38.6,2,1,6,8,10,39,15,逃げ,1
148,ゴールデンカップ,1,2021-04-23,3,江戸川,6,予選,1800,4813,3560,4145,4335,4598,3503,宮内直哉,太田克哉,小澤学,若林将,加藤政彦,堂原洋史,55,21,41,13,32,35,17,16,50,57,15,52,6.94,7.12,6.97,7.02,7.00,6.88,1,2,3,4,5,6,0.29,0.30,0.27,0.15,0.24,0.19,117.0,,115.8,112.3,113.6,,4,5,3,1,2,6,4,4,5,4-5,4-5,4-5,3-4,3-5,4-5-3,3-4-5,3.1,1.6,3.7,5.8,2.5,2.1,2.0,4.7,33.6,12.8,2,1,3,2,10,11,6,まくり,1
149,ゴールデンカップ,1,2021-04-23,3,江戸川,7,予選,1800,4610,4540,5063,4491,5135,4535,佐藤大佑,相原利章,大塚雅治,田中堅,仲航太,北山康介,34,27,26,51,25,33,23,10,53,32,27,46,6.90,6.94,6.95,6.97,6.96,6.96,1,2,3,4,5,6,0.23,0.22,0.32,0.42,0.26,0.16,112.7,114.7,,117.0,114.8,,1,2,6,4,3,5,1,1,2,1-2,1-2,1-2,1-5,2-5,1-2-5,1-2-5,1.6,1.0,1.7,2.9,2.2,1.4,20.6,4.3,40.8,21.8,1,1,1,15,7,13,7,逃げ,1
150,ゴールデンカップ,1,2021-04-23,3,江戸川,8,予選,1800,4379,4911,4641,4779,3838,4619,桑島和宏,片岡大地,磯村匠,伊倉光,伊藤啓三,伏田裕隆,49,23,36,16,18,11,55,29,30,47,31,45,6.97,6.96,6.82,6.88,7.06,6.95,1,2,3,4,5,6,0.26,0.28,0.29,0.22,0.19,0.16,111.9,,115.3,,116.7,113.3,1,5,3,6,4,2,1,1,6,1-6,1-6,1-6,1-3,3-6,1-6-3,1-3-6,2.0,1.7,5.1,32.4,24.1,4.0,2.1,3.9,68.9,12.1,10,6,8,2,7,24,5,逃げ,1
151,ゴールデンカップ,1,2021-04-23,3,江戸川,9,予選,1800,4928,4318,4420,4568,4728,3385,栗城匠,桑原将光,津久井拓也,廣瀬真也,山口亮,渡邉睦広,30,17,14,39,20,53,35,36,51,18,25,21,6.95,7.01,6.92,6.88,7.01,7.02,1,2,3,4,5,6,0.15,0.20,0.14,0.08,0.16,0.10,114.5,,,111.5,115.9,113.0,3,5,6,1,4,2,4,4,6,4-6,4-6,4-6,1-4,1-6,4-6-1,1-4-6,5.1,5.5,8.7,38.5,28.2,4.1,1.5,2.3,66.1,8.2,12,9,8,1,4,21,5,まくり,1
152,ゴールデンカップ,1,2021-04-23,3,江戸川,10,予選ラリー選,1800,4939,3966,3503,3602,4465,4875,宮之原輝紀,作間章,堂原洋史,奥平拓也,大西賢,大塚康雅,31,37,35,56,29,22,48,13,52,56,38,58,6.78,6.94,6.90,7.06,6.94,6.85,1,2,3,4,5,6,0.09,0.22,0.17,0.14,0.16,0.15,110.3,111.7,115.2,,114.6,,1,2,4,6,3,5,1,1,2,1-2,1-2,1-2,1-5,2-5,1-2-5,1-2-5,1.0,1.0,1.0,2.3,1.2,1.1,4.4,7.8,18.1,7.8,1,1,1,7,12,6,4,逃げ,1
153,ゴールデンカップ,1,2021-04-23,3,江戸川,11,予選バディ選,1800,3940,4598,3303,4610,3699,4211,飯山泰,加藤政彦,渡辺豊,佐藤大佑,富永正人,村田敦,45,32,19,34,28,24,12,15,26,23,11,33,6.79,6.84,6.90,6.82,6.87,6.88,1,2,3,4,5,6,0.06,0.10,0.11,0.07,0.10,0.16,,111.1,,113.7,113.0,113.7,5,1,6,3,2,4,2,2,5,2-5,2-5,2-5,2-4,4-5,2-5-4,2-4-5,9.6,2.2,7.1,94.1,21.1,11.6,6.5,7.7,333.9,27.8,16,6,10,6,7,61,9,差し,1
154,ゴールデンカップ,1,2021-04-23,3,江戸川,12,江戸川選抜,1800,4468,3996,4535,4297,4787,4335,大池佑来,秋山直之,北山康介,山田哲也,椎名豊,若林将,50,15,33,40,10,13,39,37,46,22,54,57,6.80,6.84,6.89,6.79,6.80,6.81,1,2,3,4,5,6,0.15,0.25,0.15,0.12,0.21,0.19,111.1,115.0,110.3,,,113.1,2,4,1,6,5,3,3,3,1,3-1,1-3,1-3,3-6,1-6,3-1-6,1-3-6,25.9,3.5,1.0,63.9,4.6,3.6,9.3,5.4,227.0,27.7,20,3,4,13,11,72,14,まくり差し,1
155,第37回日本モーターボート選手会会長賞,5,2021-04-23,2,戸田,1,一般戦,1800,4229,4889,4270,4750,5103,5153,市川美宏,後藤盛也,岸本雄貴,井上尚悟,芝田京介,佐藤ほのか,54,65,23,14,11,39,35,66,74,30,27,22,6.76,6.62,6.75,6.70,6.69,6.59,1,2,3,4,5,6,0.17,0.16,0.12,0.08,0.08,0.09,110.4,,109.7,111.3,112.4,,2,5,1,3,4,6,3,3,1,3-1,1-3,1-3,3-4,1-4,3-1-4,1-3-4,9.2,6.6,3.8,15.8,3.7,1.5,2.5,2.5,30.6,7.4,8,2,1,4,4,12,3,まくり,1
156,第37回日本モーターボート選手会会長賞,5,2021-04-23,2,戸田,2,一般戦,1800,5077,4652,4724,3801,4059,5156,滝沢崚,酒見峻介,吉田祐貴,五反田忍,入澤友治,坂野さくら,3,58,44,7,61,31,39,25,58,54,55,12,6.67,6.61,6.69,6.65,6.76,6.66,1,2,3,4,5,6,0.22,0.22,0.17,0.07,0.04,0.05,,112.8,114.6,111.5,109.0,,5,3,4,2,1,6,5,5,4,5-4,4-5,4-5,2-5,2-4,5-4-2,2-4-5,2.4,3.1,2.8,13.1,5.2,1.3,1.8,1.2,32.1,3.6,6,2,2,3,1,11,1,まくり差し,1
157,第37回日本モーターボート選手会会長賞,5,2021-04-23,2,戸田,3,一般戦,1800,3254,4824,4273,3467,3619,5133,柳澤千春,松井洪弥,佐藤旭,森弘行,長谷川充,堀越雄貴,16,63,45,4,48,27,72,18,65,23,29,11,6.67,6.69,6.68,6.61,6.68,6.63,1,2,3,4,5,6,0.18,0.13,0.09,0.10,0.14,0.28,109.4,111.8,,113.3,111.1,,1,3,6,4,2,5,1,1,5,1-5,1-5,1-5,1-2,2-5,1-5-2,1-2-5,3.2,1.8,3.6,43.1,21.4,6.5,3.3,3.0,118.1,10.7,17,10,10,6,4,46,6,逃げ,1
158,第37回日本モーターボート選手会会長賞,5,2021-04-23,2,戸田,4,一般戦,1800,4209,4407,3445,3580,3448,4713,藤田竜弘,鹿島敏弘,加藤高史,水口由紀,高山秀雄,白神優,51,10,64,22,26,25,73,45,14,33,46,60,6.86,6.76,6.71,6.76,6.76,6.57,1,2,3,4,5,6,0.14,0.19,0.14,0.22,0.22,0.15,,111.7,108.5,,112.2,110.3,5,3,1,6,4,2,3,3,6,3-6,3-6,3-6,2-3,2-6,3-6-2,2-3-6,2.3,1.4,1.0,9.2,3.9,1.7,5.6,4.0,50.6,14.1,5,2,2,10,5,21,8,まくり,1
159,第37回日本モーターボート選手会会長賞,5,2021-04-23,2,戸田,5,ウインウイン,1800,4359,4270,3474,4073,4738,5103,横川聖志,岸本雄貴,松瀬弘美,大橋純一郎,清埜翔子,芝田京介,20,23,15,17,47,11,41,74,61,67,16,27,6.82,6.76,6.76,6.73,6.73,6.62,1,2,3,4,5,6,0.14,0.19,0.13,0.26,0.14,0.20,,110.5,108.7,112.9,112.0,,5,2,1,4,3,6,3,3,2,3-2,2-3,2-3,3-5,2-5,3-2-5,2-3-5,13.5,5.3,2.1,67.7,25.2,6.2,14.6,18.3,317.4,47.3,17,8,7,13,15,65,14,まくり,1
160,第37回日本モーターボート選手会会長賞,5,2021-04-23,2,戸田,6,一般戦,1800,4059,4362,4637,5130,4072,4423,入澤友治,土屋智則,中田友也,上野拓馬,森永淳,坂口貴彦,61,18,24,52,46,5,55,19,57,42,40,53,6.69,6.55,6.65,6.61,6.58,6.57,2,1,3,6,4,5,0.18,0.14,0.21,0.19,0.16,0.21,113.5,112.7,111.3,,109.2,,4,3,2,5,1,6,5,5,3,5-3,3-5,3-5,2-5,2-3,5-3-2,2-3-5,5.0,3.7,6.1,26.3,11.7,2.7,1.3,1.9,65.8,6.3,11,6,6,1,2,27,3,まくり差し,0
161,第37回日本モーターボート選手会会長賞,5,2021-04-23,2,戸田,7,ウインウイン,1800,3284,5077,3619,4229,4652,4750,渡邊伸太郎,滝沢崚,長谷川充,市川美宏,酒見峻介,井上尚悟,62,3,48,54,58,14,34,39,29,35,25,30,6.74,6.76,6.76,6.81,6.64,6.67,1,2,3,4,5,6,0.16,0.23,0.22,0.21,0.10,0.11,,,113.4,113.0,110.7,111.4,5,6,4,3,1,2,5,5,6,5-6,5-6,5-6,4-5,4-6,5-6-4,4-5-6,11.1,2.9,4.7,35.7,21.4,11.2,6.1,11.6,217.4,74.8,10,8,14,9,15,52,17,まくり,1
162,第37回日本モーターボート選手会会長賞,5,2021-04-23,2,戸田,8,一般戦,1800,4407,4273,4209,4889,3801,4724,鹿島敏弘,佐藤旭,藤田竜弘,後藤盛也,五反田忍,吉田祐貴,10,45,51,65,7,44,45,65,73,66,54,58,6.70,6.76,6.68,6.62,6.72,6.70,1,2,3,4,5,6,0.25,0.26,0.24,0.19,0.12,0.09,112.1,,,108.5,111.0,112.0,4,6,5,1,2,3,4,4,5,4-5,4-5,4-5,4-6,5-6,4-5-6,4-5-6,4.9,4.5,2.2,18.8,13.7,6.0,8.2,12.4,83.6,33.1,8,7,10,12,15,44,12,まくり,1
163,第37回日本モーターボート選手会会長賞,5,2021-04-23,2,戸田,9,戸田特選,1800,3474,3580,4738,3254,5153,5174,松瀬弘美,水口由紀,清埜翔子,柳澤千春,佐藤ほのか,川井萌,15,22,47,16,39,8,61,33,16,72,22,47,6.67,6.74,6.64,6.70,6.66,6.62,1,2,3,4,5,6,0.29,0.21,0.13,0.25,0.28,0.19,113.5,115.4,108.8,,,111.3,3,4,1,5,6,2,3,3,6,3-6,3-6,3-6,1-3,1-6,3-6-1,1-3-6,2.9,1.2,2.2,59.2,36.8,5.1,2.3,8.3,252.5,28.3,17,11,7,3,11,53,6,まくり,1
164,第37回日本モーターボート選手会会長賞,5,2021-04-23,2,戸田,10,選抜戦,1800,4423,4072,3467,3445,4824,4359,坂口貴彦,森永淳,森弘行,加藤高史,松井洪弥,横川聖志,5,46,4,64,63,20,53,40,23,14,18,41,6.63,6.60,6.60,6.62,6.65,6.74,1,3,4,5,6,2,0.07,0.06,0.22,0.16,0.26,0.12,114.0,109.2,,110.1,112.4,,4,1,5,2,3,6,2,2,4,2-4,2-4,2-4,2-5,4-5,2-4-5,2-4-5,1.8,1.1,2.0,4.7,4.5,1.8,2.0,2.0,12.6,4.3,1,2,1,2,3,1,1,まくり,0
165,第37回日本モーターボート選手会会長賞,5,2021-04-23,2,戸田,11,選抜戦,1800,4713,3448,4073,4637,4362,3284,白神優,高山秀雄,大橋純一郎,中田友也,土屋智則,渡邊伸太郎,25,26,17,24,18,62,60,46,67,57,19,34,6.49,6.71,6.74,6.75,6.70,6.69,1,6,2,3,4,5,0.16,0.23,0.18,0.17,0.20,0.25,110.3,,113.8,112.3,,111.4,1,6,4,3,5,2,1,1,6,1-6,1-6,1-6,1-4,4-6,1-6-4,1-4-6,1.0,1.3,3.0,6.7,6.1,3.5,3.5,7.6,27.8,12.9,3,4,5,4,14,13,9,逃げ,0
166,第37回日本モーターボート選手会会長賞,5,2021-04-23,2,戸田,12,優勝戦,1800,4757,3623,4503,4063,4143,3823,山田祐也,深川真二,上野真之介,市橋卓士,浦田晃嗣,本部真吾,21,9,6,53,57,19,24,38,15,75,50,31,6.70,6.67,6.65,6.58,6.66,6.63,1,2,3,4,5,6,0.13,0.10,0.11,0.05,0.10,0.16,,113.7,,109.9,111.3,112.4,5,4,6,1,2,3,4,4,5,4-5,4-5,4-5,4-6,5-6,4-5-6,4-5-6,5.1,4.1,7.5,20.0,22.1,4.7,7.2,11.9,86.8,30.1,8,8,8,11,14,33,11,まくり,1
167,第43回デイリースポーツ杯,6,2021-04-23,1,桐生,1,一般,1800,4987,4345,4765,4058,5074,4203,島倉都,西舘健,野田部宏子,野末智一,大澤誠也,小倉康典,43,19,30,32,16,28,45,30,41,75,35,66,6.61,6.73,6.80,6.78,6.74,6.71,1,2,3,4,5,6,0.14,0.16,0.10,0.18,0.22,0.15,114.1,111.7,109.7,116.6,113.3,119.2,4,2,1,5,3,6,3,3,2,3-2,2-3,2-3,3-5,2-5,3-2-5,2-3-5,5.4,4.7,1.9,40.9,19.3,5.5,11.5,7.2,335.7,73.3,19,10,7,14,12,90,20,まくり,1
168,第43回デイリースポーツ杯,6,2021-04-23,1,桐生,2,一般,1800,4819,4650,5065,4037,4893,4457,蜂須瑞生,中山雄太,伊久間陽優,別府正幸,渡邉真奈美,神田達也,57,54,70,65,47,66,34,58,14,54,44,28,6.70,6.78,6.74,6.81,6.75,6.81,1,2,3,4,5,6,0.40,0.37,0.43,0.19,0.14,0.17,115.6,114.3,118.1,110.6,111.4,113.1,5,4,6,1,2,3,4,4,5,4-5,4-5,4-5,4-6,5-6,4-5-6,4-5-6,6.6,2.6,9.3,72.9,36.2,8.5,12.6,29.6,354.9,65.7,17,11,12,14,15,68,17,まくり,1
169,第43回デイリースポーツ杯,6,2021-04-23,1,桐生,3,一般,1800,4587,4274,5120,3293,4891,5080,木田峰由季,長畑友輔,山本稔太朗,宮内由紀英,寺島美里,鈴木慶太,55,14,39,67,74,61,63,23,67,43,55,56,6.78,6.80,6.77,6.77,6.74,6.67,1,2,3,4,5,6,0.23,0.35,0.22,0.16,0.16,0.14,110.3,114.1,111.5,113.3,114.9,119.6,1,4,2,3,5,6,1,1,3,1-3,1-3,1-3,1-4,3-4,1-3-4,1-3-4,1.1,1.0,3.0,2.9,2.6,1.0,2.9,3.5,11.6,5.5,1,1,1,5,8,4,2,逃げ,1
170,第43回デイリースポーツ杯,6,2021-04-23,1,桐生,4,一般,1800,5112,4233,4995,3065,3268,4436,砂長知輝,亀山雅幸,田邉亮蔵,増田弘喜,森竜也,渋谷明憲,12,69,18,31,22,11,53,20,40,19,71,24,6.63,6.60,6.65,6.79,6.74,6.67,1,2,5,4,3,6,0.30,0.31,0.15,0.32,0.30,0.17,112.7,114.9,111.6,116.4,113.7,109.9,3,5,2,6,4,1,6,6,3,6-3,3-6,3-6,1-6,1-3,6-3-1,1-3-6,5.8,2.6,7.5,49.3,12.6,11.1,6.8,7.0,261.0,25.8,18,5,14,8,9,89,13,まくり差し,0
171,第43回デイリースポーツ杯,6,2021-04-23,1,桐生,5,一般,1800,3629,3336,3488,4675,4765,3911,浅見昌克,遠藤晃司,柳田英明,井手良太,野田部宏子,鈴木猛,58,26,42,72,30,71,26,25,22,31,41,70,6.68,6.67,6.70,6.71,6.73,6.67,1,2,3,4,5,6,0.15,0.16,0.09,0.15,0.02,0.12,111.0,116.0,115.1,112.7,118.4,113.6,1,5,4,2,6,3,1,1,4,1-4,1-4,1-4,1-6,4-6,1-4-6,1-4-6,1.5,1.2,3.7,5.4,4.3,2.4,2.9,4.7,13.8,6.8,3,3,3,4,5,4,5,逃げ,1
172,第43回デイリースポーツ杯,6,2021-04-23,1,桐生,6,一般,1800,4134,4987,4893,4819,3066,4345,杉山貴博,島倉都,渡邉真奈美,蜂須瑞生,田中定雄,西舘健,50,43,47,57,63,19,60,45,44,34,42,30,6.66,6.68,6.70,6.64,6.69,6.72,1,3,5,4,2,6,0.12,0.31,0.23,0.17,0.23,0.27,110.0,114.1,113.5,111.4,115.9,115.0,1,4,3,2,6,5,1,1,4,1-4,1-4,1-4,1-3,3-4,1-4-3,1-3-4,1.1,1.0,2.1,3.5,3.1,1.6,2.1,4.1,9.0,4.3,1,1,1,3,8,2,1,逃げ,0
173,第43回デイリースポーツ杯,6,2021-04-23,1,桐生,7,一般,1800,3956,5095,4109,5074,5065,4274,横澤剛治,小原聡将,谷津幸宏,大澤誠也,伊久間陽優,長畑友輔,75,33,40,16,70,14,21,47,50,35,14,23,6.64,6.65,6.67,6.67,6.66,6.72,1,2,3,4,5,6,0.06,0.07,0.09,0.14,0.13,0.19,110.7,112.7,111.7,114.6,115.6,117.1,1,3,2,4,5,6,1,1,3,1-3,1-3,1-3,1-2,2-3,1-3-2,1-2-3,1.2,1.2,2.4,2.1,2.3,1.2,1.3,1.8,4.9,2.1,1,1,1,2,4,1,1,逃げ,1
174,第43回デイリースポーツ杯,6,2021-04-23,1,桐生,8,一般,1800,4528,4203,3065,4891,4650,4569,黒井達矢,小倉康典,増田弘喜,寺島美里,中山雄太,中澤宏奈,56,28,31,74,54,59,46,66,19,55,58,32,6.67,6.71,6.77,6.65,6.71,6.62,1,2,3,4,5,6,0.15,0.14,0.20,0.15,0.15,0.11,110.4,112.7,113.7,117.1,111.7,113.7,1,3,5,6,2,4,1,1,5,1-5,1-5,1-5,1-2,2-5,1-5-2,1-2-5,1.1,1.0,2.9,3.5,3.5,1.3,1.6,2.2,7.4,2.6,2,2,1,2,5,2,1,逃げ,1
175,第43回デイリースポーツ杯,6,2021-04-23,1,桐生,9,DK特選,1800,4058,3293,4037,3336,4457,4995,野末智一,宮内由紀英,別府正幸,遠藤晃司,神田達也,田邉亮蔵,32,67,65,26,66,18,75,43,54,25,28,40,6.76,6.72,6.70,6.75,6.72,6.69,1,2,3,4,5,6,0.16,0.17,0.15,0.24,0.19,0.08,109.9,116.3,114.0,115.2,112.0,115.9,1,6,3,4,2,5,1,1,5,1-5,1-5,1-5,1-3,3-5,1-5-3,1-3-5,1.6,1.2,5.6,16.4,12.8,2.6,1.6,3.6,41.5,5.5,5,4,5,1,7,14,3,逃げ,1
176,第43回デイリースポーツ杯,6,2021-04-23,1,桐生,10,選抜戦,1800,4436,3956,4675,4587,4233,3629,渋谷明憲,横澤剛治,井手良太,木田峰由季,亀山雅幸,浅見昌克,11,75,72,55,69,58,24,21,31,63,20,26,6.64,6.70,6.65,6.73,6.70,6.64,1,2,3,4,5,6,0.16,0.15,0.15,0.18,0.18,0.20,109.2,110.7,113.0,111.8,112.8,115.6,1,2,5,3,4,6,1,1,2,1-2,1-2,1-2,1-4,2-4,1-2-4,1-2-4,1.1,1.0,1.0,2.5,1.9,1.1,2.7,2.4,7.1,3.5,1,1,1,6,3,1,1,逃げ,1
177,第43回デイリースポーツ杯,6,2021-04-23,1,桐生,11,選抜戦,1800,3911,4134,4528,5120,5095,5112,鈴木猛,杉山貴博,黒井達矢,山本稔太朗,小原聡将,砂長知輝,71,50,56,39,33,12,70,60,46,67,47,53,6.64,6.64,6.73,6.66,6.63,6.61,1,2,3,4,5,6,0.09,0.09,0.11,0.12,0.13,0.11,107.8,109.6,111.8,115.0,113.0,113.1,1,2,3,6,4,5,1,1,2,1-2,1-2,1-2,1-3,2-3,1-2-3,1-2-3,1.4,1.1,1.3,3.1,2.0,1.2,1.4,1.4,5.7,1.7,1,1,1,2,3,1,1,逃げ,1
178,第43回デイリースポーツ杯,6,2021-04-23,1,桐生,12,優勝戦,1800,4261,3952,3978,4036,4483,4589,岡祐臣,中澤和志,齊藤仁,金田諭,北野輝季,塩崎桐加,38,64,46,25,73,49,18,65,62,16,12,48,6.60,6.66,6.76,6.62,6.70,6.69,1,2,3,4,5,6,0.17,0.18,0.15,0.18,0.14,0.24,108.8,113.2,110.7,111.6,110.9,114.2,1,5,2,4,3,6,1,1,3,1-3,1-3,1-3,1-5,3-5,1-3-5,1-3-5,1.3,1.1,2.0,3.1,2.7,1.9,3.3,7.6,18.4,11.2,2,2,2,4,11,7,4,逃げ,1
